Workbook

Sheet 설문지 응답 시트1
A1: 타임스탬프 | B1: 이메일 주소 | C1: 이름 | D1: 소속 팀 | E1: 작성 날짜 | F1: 오늘의 작업량 | G1: 자유로운 한마디
A2: 46042.746 | B2: rladudeh6055@gmail.com | C2: 김영도 | D2: 10팀 | E2: 20일 (화) | F2: 0.25 | G2: 팀에 한번도 유니티나 코딩 메이플 스토리 월드를 한번도 사용해 본 적이 없어서 그런 면에서는 조금 어려움이 있었다고 생각합니다. 다른 면에서는 수월하게 진행이 되어서 문제는 없었습니다.
A3: 46042.746 | B3: zeno9758@gmail.com | C3: 신석균 | D3: 10팀 | E3: 20일 (화) | F3: 0.25 | G3: 프로그램을 처음 만졌는데 간단한 ui 추가도 매우 힘들었다.
A4: 46042.747 | B4: cayde05130@gmail.com | C4: 임동균 | D4: 10팀 | E4: 20일 (화) | F4: 0.5 | G4: AI 이미지 활용을 위해, Stable Diffusion을 설치하고, 사용법을 알아보고, 테스트를 여러 차례 진행했다. (샘플 출력 등) 또 이전에 배운 Gems를 활용해서 프롬프트를 출력하는 봇을 만들어서 더 작업 효율을 높이기 위한 시도를 했다.
A5: 46042.748 | B5: yundonghyun0618@gmail.com | C5: 윤동현 | D5: 10팀 | E5: 20일 (화) | F5: 0.75 | G5: 저희는 시나리오 작성을 해본 경험이 있는 분이 계셔서 시나리오 부분은 믿고 맡길 수 있었던 거 같아요. 하지만 메이플 월드 엔진이나, 아트, 사운드 등등은 다들 손을 대본 적이 없는 경험이 있어서 꽤나 골머리를 앓고 있는 것 같습니다. 저는 게임 내 삽입될 BGM이나 상황에 맞는 효과음, 대사 데이터 테이블, UI 등을 맡게 될 것 같습니다. 정말 1도 몰라서 처음부터 시작하면서 우여곡절이 참 많은 거 같습니다.
A6: 46042.755 | B6: cocohyeonmin@gmail.com | C6: 권현민 | D6: 10팀 | E6: 20일 (화) | F6: 0.5 | G6: 팀장님이 팀원과 소통을 잘 하시고 관리를 열심히 하십니다
A7: 46042.746 | B7: ownerjeong@gmail.com | C7: 정우경 | D7: 11팀 | E7: 20일 (화) | F7: 0.25 | G7: 시작이 반, 잘되고 있고 팀에 적극적으로 기여하는 기분이다. 좋은 결과가 있기를 바랍니다.
A8: 46042.746 | B8: dbgocks99@gmail.com | C8: 유해찬 | D8: 11팀 | E8: 20일 (화) | F8: 0.5 | G8: 팀 내 이슈: 아무래도 스토리와 전투부분에 소통 오류가 있는것 같군요.. 저는 UI 와 사운드를 맡게 되어서 여유롭게 작업중 입니다. 빠르게 Ui 를 마무리하고 연출쪽 작업을 노려보려합니다.
A9: 46042.748 | B9: gg.ikane13@gmail.com | C9: 박기은 | D9: 11팀 | E9: 20일 (화) | F9: 0.25 | G9: 어려워요.. 어렵습니다.. 모든게 어려워요...... 팀원분들이랑 조율하는 부분이 어렵습니다... 의견통합은 좋은데, 스토리, 이미지 제작, 전투 담당 셋이서 작업물을 합치는 방식이.. 정말 어려운 것 같습니다. 알고보니 셋이 다른 생각을 하고 있었다거나...ㅠㅠ 조별과제랑은 차원이 다르네요..
A10: 46042.753 | B10: tarentella92@gmail.com | C10: 한지우 | D10: 11팀 | E10: 20일 (화) | F10: 아직 가늠이 잘 안되는것 같아요 ㅠㅠ | G10: 정신이 없었지만 아이템 이미지를 어떻게 구현해야 할지 고민이 많았고 개그 장르라서 자신없는 장르이다보니 팀원분들과 협업하는게 중요해 보입니다 :)
A11: 46042.771 | B11: sznemo5565@gmail.com | C11: 이준혁 | D11: 11팀 | E11: 20일 (화) | F11: 0.15 | G11: 했던 말 또 하고 했던 말 또 하고 했던 말 또 하고 했던 말 또 하고 했던 말 또 하고 했던 말 또 하고 했던 말 또 하고 했던 말 또 하고 했던 말 또 하고 했던 말 또 하고 했던 말 또 하고 했던 말 또 하고 했던 말 또 하고 했던 말 또 하고 했던 말 또 하고 했던 말 또 하고 했던 말 또 하고 했던 말 또 하고 했던 말 또 하고 했던 말 또 하고 했던 말 또 하고 했던 말 또 하고 했던 말 또 하고 했던 말 또 하고 했던 말 또 하고 했던 말 또 하고 했던 말 또 하고 했던 말 또 하고 했던 말 또 하고 했던 말 또 하고 했던 말 또 하고 했던 말 또 하고 했던 말 또 하고 했던 말 또 하고 했던 말 또 하고 했던 말 또 하고 했던 말 또 하고 했던 말 또 하고 했던 말 또 하고 했던 말 또 하고 했던 말 또 하고 했던 말 또 하고 했던 말 또 하고 했던 말 또 하고 했던 말 또 하고 했던 말 또 하고 했던 말 또 하고 했던 말 또 하고 했던 말 또 하고 했던 말 또 하고 했던 말 또 하고
A12: 46042.791 | B12: slajswj123@gmail.com | C12: 임소영 | D12: 11팀 | E12: 20일 (화) | F12: 0.5 | G12: 비주얼노벨에 용사RPG를 사용하다보니 비주얼노벨에서 너무 벗어나게될까봐 많은 부분을 고민하는 시간을 가졌습니다. 신중하게 작업하고싶어 회의 시간이 길어지면서 잘할 수 있을까 하는 걱정이 앞서게 되었었는데 하루만에 뭔가 틀이 만들어지고 있다는게 느껴져서 기
A13: 46042.746 | B13: duddn04066@gmail.com | C13: 이영우 | D13: 12팀 | E13: 20일 (화) | F13: 0.5 | G13: 메이플 월드에 대한 툴에 대한 적응이 너무 어려웠습니다. 배가 아프지만 않았다면 더 많이 진행되었을 것 같은 아쉬움이 있습니다.
A14: 46042.747 | B14: eogks3681@gmail.com | C14: 김재환 | D14: 12팀 | E14: 20일 (화) | F14: 개인적으로 10%정도? | G14: 내 생각을 제대로 언어화해서 말로 전달하지 못하는 점이 힘드네요
A15: 46042.752 | B15: changyu0306@naver.com | C15: 이찬규 | D15: 12팀 | E15: 20일 (화) | F15: 0.25 | G15: 우리는 네모난 바퀴로 달리는 자동차.
A16: 46042.786 | B16: baoo88000@gmail.com | C16: 김태훈 | D16: 12팀 | E16: 20일 (화) | F16: 0.25 | G16: 팀내 소통이 잘 안되는거 같고 코드가 너무 어렵습니다
A17: 46042.746 | B17: overman623@naver.com | C17: 김범진 | D17: 13팀 | E17: 20일 (화) | F17: 0.5 | G17: 이미지생성에 어려움이 있지만 팀원들의 응원이 있어서 좋았습니다.
A18: 46042.751 | B18: gimyungyu9@gmail.com | C18: 김윤규 | D18: 13팀 | E18: 20일 (화) | F18: 0.5 | G18: 시나리오 담당으로 작업중인데 처음에는 되게 재밌고 아이디어가 계속 나올 줄 알았는데 하다보니깐 욕심 때문인지, 퀄리티가 실제로 떨어진건지 되게 별로인 것 처럼 보이고 머리가 생각보다 지끈거리네요 ㅋㅋㅋㅋ. 그치만 완벽하게 완성시켜서 팀원분이랑 잘 완성시키고 싶습니다.
A19: 46042.753 | B19: ceandgou10@gmail.com | C19: 윤유나 | D19: 13팀 | E19: 20일 (화) | F19: 0.25 | G19: 코드..코드가 너무 어려워요...
A20: 46042.754 | B20: sodgh3215@naver.com | C20: 이승진 | D20: 13팀 | E20: 20일 (화) | F20: 0.25 | G20: 오늘은 메이플스토리 월드를 활용하여 비주얼 노벨을 개발하는 프로젝트가 본격적으로 시작되었습니다. 평소 해보지못한 영역에 도전해보고싶어 패기롭게 사운드를 담당하게 되었는데 사운드를 A.I로 뽑는거까진 어떻게 되지만 그걸 게임에 적용하는데서 막혀버렸습니다... 윤석 강사님께 조언을 구하긴 했는데 아직 답장이 오지 않는걸보니 코딩의 ㅋ자도 모르는 초보에게 알려주긴 막막한 내용이었나 싶네요. 열심히 음악을 뽑고있긴 하지만 이걸 제대로 써먹을수 있을지 모르겠습니다. 팀에 민폐끼치고 싶진 않은데 이 난관을 돌파할수 있을지 모르겠네요. 몇시간전에 팀원분들에게 미리 이야기해두긴 했으나 아직은 대수롭지않은 문제로 여기고 있어서 내일까지 조언을 받을수 없다면 팀원들에게 진지하게 다시 상의해봐야겠습니다.
A21: 46042.76 | B21: hyunsu112913@gmail.com | C21: 박현수 | D21: 13팀 | E21: 20일 (화) | F21: 0.25 | G21: 코드를 모르니 뭐가 되고안되고의 파악이 힘들어서 애로사항이 있습니다. UI를 따로 제작하여야하는데 래퍼런스 사이트를 찾는게 힘드네요
A22: 46042.747 | B22: reals2006n@gmail.com | C22: 오종호 | D22: 14팀 | E22: 20일 (화) | F22: 0.5 | G22: 다들 본인이 맡은 일을 너무 잘한다. 다들 성격도 좋다. 실력도 좋다. 그렇다고 예스맨이 아닌 서로서로 피드백도 충분히 해주고 있다. 이대로만 가즈아
A23: 46042.75 | B23: dpfspr0632@gmail.com | C23: 장윤우 | D23: 14팀 | E23: 20일 (화) | F23: 써도 써도 끝이 없는 이기분... | G23: 팀원들이 하나같이 제 역할 이상의 것들을 해줘서 너무 편하게 작업을 진행했습니다. 정말 저만 잘하면 될 것 같네요. 화이팅! ai는 신이야!
A24: 46042.759 | B24: papalagioj@gmail.com | C24: 김서현 | D24: 14팀 | E24: 20일 (화) | F24: 1 | G24: 너무 잘 진행되고 있습니다! 다른 분들 모두 적극적으로 본인의 작업 내용을 공유해 주시고, 본인의 작업을 적극적으로 진행해주셔서 매우 순조롭습니다! 제가 팀장으로써 할 일이 별로 없습니다... ^_^) b
A25: 46042.746 | B25: monkey609s@gmail.com | C25: 이원홍 | D25: 15팀 | E25: 20일 (화) | F25: 약 35%정도 | G25: 어제보다 확실한 방향성이 정해진것같아 좋습니다.
A26: 46042.746 | B26: dlehalssla@gmail.com | C26: 이도민 | D26: 15팀 | E26: 20일 (화) | F26: 0.25 | G26: 핵심 콘텐츠 큰 틀 구성 완료
A27: 46042.746 | B27: cjsdudgus1@gmail.com | C27: 천영현 | D27: 15팀 | E27: 20일 (화) | F27: 0.25 | G27: 재밌게 자유롭게 대화하면서 했습니다!
A28: 46042.747 | B28: gustlrdn3@gmail.com | C28: 김현우B | D28: 15팀 | E28: 20일 (화) | F28: 0.25 | G28: 다들 적극적으로 참여해주고 서로의 의견을 존중하면서 진행해서 좋았습니다.
A29: 46042.747 | B29: cjh1654@gmail.com | C29: 최선동 | D29: 15팀 | E29: 20일 (화) | F29: 0.5 | G29: 팀이 재밌어요~ㅎㅎ
A30: 46042.748 | B30: jsh001012@gmail.com | C30: 정석현 | D30: 1팀 | E30: 20일 (화) | F30: 0.25 | G30: 메이플월드에 적용이 가능한 사운드 포맷, 스토리에 맞는 사운드 레퍼런스 방향성 잡기를 완료하였다. 지금은 AMB와 SFX를 분리시키는 코딩 작업을 시도중인데 쉽지 않다... 첫날이라 다들 방향성이 모호하고 처음 해보는 작업들도 있다보니 우왕좌왕 했던것 같지만 차차 방향성이 잡혀가고 있다는 느낌이 들어서 뿌듯함도 느껴졌다.
A31: 46042.749 | B31: leedogun3@gmail.com | C31: 이도건 | D31: 1팀 | E31: 20일 (화) | F31: 0.5 | G31: 시나리오 기획을 지망하고 어제 밤을 새서 시나리오를 썼지만 아쉽게도 다른 팀원분의 시나리오가 채택되어 약간은 아쉬웠습니다. 그래도 팀을 위한 좋은 방향이라 생각하면서 열심히 참여하려고 하고 있습니다. UI 및 연출 담당을 새로 맡게 되었는데 처음 접하는 부분이어서 솔직히 좀 막막했습니다. 하지만 팀원분들이 서로 잘 소통해주고 도와주셔서 방향을 알게 되었습니다. 역시 생각만 하는 것과 실제로 만드는 것은 천차만별인 것 같습니다. 남은 시간도 화이팅 해보겠습니다.
A32: 46042.751 | B32: jeungha89@gmail.com | C32: 승정하 | D32: 1팀 | E32: 20일 (화) | F32: 1 | G32: 팀원분들이 항상 생산적인 방향을 중심으로 소통하시는 것 같아서 원할하게 첫날이 진행된 것 같습니다. 1조 팀원분들 칭찬드립니다!
A33: 46042.754 | B33: sujin3752@gmail.com | C33: 정수진 | D33: 1팀 | E33: 20일 (화) | F33: 0.25 | G33: 처음쓰는 엔진인 만큼 스크립트에 대해 공부를 했습니다!
A34: 46042.746 | B34: yee8190@gmail.com | C34: 예인해 | D34: 2팀 | E34: 20일 (화) | F34: 0.1 | G34: 검열이 너무 싫습니다...
A35: 46042.746 | B35: viliv8177@gmail.com | C35: 권수빈 | D35: 2팀 | E35: 20일 (화) | F35: 0.25 | G35: 팀 내적이나 외적으로 심의를 다루는 게 가장 어렵습니다
A36: 46042.747 | B36: 0wjstjf10@gmail.com | C36: 조준현 | D36: 2팀 | E36: 20일 (화) | F36: 0.25 | G36: 팀장이지만 짬통이된듯한 이 상황...사실 팀장인지도 모르겠는 이 상황..ㅠ
A37: 46042.747 | B37: khal0429@gmail.com | C37: 김경민 | D37: 2팀 | E37: 20일 (화) | F37: 0.1 | G37: 팀원들과 방식을 맞춰가며 작업을 하는게 힘들었습니다.
... A50: 46042.748 | B50: areagate34@gmail.com | C50: 김태환 | D50: 5팀 | E50: 20일 (화) | F50: 0.25 | G50: 진행이 순서대로 이루어져야 하기 때문에 분업이 어려웠음. 카테고리별로 업무를 나누면 대기를 해야하는 상황 발생. 서로 시간에 쫓기는 작업이 어려웠음.
A51: 46042.758 | B51: wlgns30617@gmail.com | C51: 김민수 | D51: 5팀 | E51: 20일 (화) | F51: 혹시 퍼센트의 의미를 알 수 있을까요? 오늘 원하는 작업은 전부하긴했습니다 | G51: 부족한 기능을 추가하는 점이 어려웠습니다. 팀원들과 소통을 통해 작업을 하는 점이 저희 팀의 장점이라고 생각하고 정헌님의 팀을 이끄는 리더십이 배울 점이라고 생각합니다
A52: 46042.747 | B52: power122926@gmail.com | C52: 이균호 | D52: 6팀 | E52: 20일 (화) | F52: 0%. 수업 종료 직전에 내용이 엎어짐. 아주 기초적인 부분을 의논중임 | G52: 각자 역할에 맞춰 열심히 해줘서 일이 어느정도 진행되는 것을 보니 기분이 묘하다. 하지만 결과적으로 검열 때문에 게임 스토리와 스타일을 처음부터 갈아엎는 걸로 진행하게 되었다. 오늘 열심히 작업한 것이 아쉽지만 내일 더욱 노력해서 시간 내로 게임을 완성할 수 있도록 해야겠다.
A53: 46042.752 | B53: bakafenxiguan@gmail.com | C53: 한재환 | D53: 6팀 | E53: 20일 (화) | F53: 12세이기 때문에 스토리에 난항을 겪고 다시 처음 기획부터 시작합니다. | G53: 소심한 성격을 고쳐야 합니다.
A54: 46042.752 | B54: dt8922dt8922@gmail.com | C54: 오동건 | D54: 6팀 | E54: 20일 (화) | F54: 25 > 검열로 0 | G54: 리더는 어렵다. 명확한 지시를 내리지 않으면 내맘대로 안굴러간다. 역할 분담은 확실하게 해야 한다. 그리고 서로의 영역을 존중해야 한다. 결정을 내리는 위치 - 책임이 무겁다.
A55: 46042.752 | B55: ashess7276@gmail.com | C55: 이형진 | D55: 6팀 | E55: 20일 (화) | F55: 50% 이상이었다가, 검열 이후 자신있는 서브컬처 종목으로 변경하였습니다. 대부분의 시간을 엔진 기능 구현에 사용하였기에, 기존에 만들어진 부분을 잘 활용한 후 시나리오와 리소스만 변경한다면 어려울 것 없을 것 같습니다. | G55: 어제 조금 어려운 방향으로 가고 있었는데 원만한 합의와 진행이 된 것 같습니다. 아쉽게 게임을 엎었지만, 오히려 모두가 잘 아는 서브컬쳐 게임으로 진행하는 오히려 좋은 상황이 된 것 같습니다.
A56: 46042.755 | B56: jsephf01@gmail.com | C56: 조현일 | D56: 6팀 | E56: 20일 (화) | F56: 0.25 | G56: 시나리오 작업을 열중해서 했으나....0부터 다시 시작이네요. 그래도 금일 조원분들에게 엑셀이나 DB에 대해 배운것들이 있어 유익한 시간이 되었던거 같습니다. 감사합니다.
A57: 46042.746 | B57: jhk920707@gmail.com | C57: 김지훈 | D57: 7팀 | E57: 20일 (화) | F57: 0.1 | G57: 높은 목표대비 진전이 안나갑니다
A58: 46042.748 | B58: kmjzzang0808@gmail.com | C58: 김민제 | D58: 7팀 | E58: 20일 (화) | F58: 0.5 | G58: 포지셔닝 배분이 제일 어려웠다. 2명이서 스토리 짜는게 생각보다 힘들다... 머릿속의 정리가 잘 되면 좋겠는데.. 역량 부족인 것 같다 ㅠㅠ
A59: 46042.753 | B59: seungjoo9611@gmail.com | C59: 고승주 | D59: 7팀 | E59: 20일 (화) | F59: 0.25 | G59: 역할을 나누는 것이 어려웠습니다. 진행하며 유동적으로 조율해야 할 것 같습니다.
A60: 46042.754 | B60: xotjd209@gmail.com | C60: 강태성 | D60: 7팀 | E60: 20일 (화) | F60: 0.25 | G60: 팀원들의 의지가 시험받고 있습니다... 게임을 대부분 처음 만들다보니 컨셉 잡는데 시간을 많이 쓰고 있어요. 개인적인 소감으론, 제미나이가 생각보다 Lua 문법을 잘다루는군요 아주 좋습니다.
A61: 46042.771 | B61: yumin.k1023@gmail.com | C61: 강유민 | D61: 7팀 | E61: 20일 (화) | F61: 0.25 | G61: 팀 내 제작 방향 및 업무 분담을 진행했습니다.
A62: 46042.746 | B62: tarrot00@gmail.com | C62: 김수환 | D62: 8팀 | E62: 20일 (화) | F62: 0.25 | G62: 오랫만에 다시 프로그래밍을 하려고 하니 머리가 너무 아픕니다.
A63: 46042.746 | B63: fkrndy17@gmail.com | C63: 정재훈 | D63: 8팀 | E63: 20일 (화) | F63: 0.25 | G63: 다른사람의 기획의도를 파악하기 어려운 부분이 있었는데, 그런 부분에서 좀더 명확한 기획의도와 근거의 중요성을 깨닫게 되었다.
A64: 46042.75 | B64: dwoo0420@gmail.com | C64: 이동우 | D64: 8팀 | E64: 20일 (화) | F64: 0.25 | G64: 시온님이 조장인데 플로우 흐름도도 혼자 착착 잘 그려놔주시고 아이스브레이킹도 잘해주셔서 고마웠습니다. **근데!!** 제가 ui 와 연출 스크립트 담당이 되어서 코드를 보고있는데 머리가 너무 아픕니다.. 연출 변경점이 반영되는 코드를 찾아보라는 미션을 받았는데 코드를 잘 모르다보니 몇시간이 걸려도 작업 효율이 안나오더라구요.. 그래서 생각해본게 저는 레퍼런스 게임들의 연출 방식을 조사한뒤 저희가 참고해서 만들만한 연출을 조사하고 코드를 만지는건 나중에 하는게 좋지 않을까.. 라는 말을 내일 아침 회의시간에 하려합니다! 고생하셨습니다
A65: 46042.759 | B65: sionkim0302@gmail.com | C65: 김시온 | D65: 8팀 | E65: 20일 (화) | F65: 0.5 | G65: 항상 커뮤니케이션이 직접적으로 되는 2,3명으로 프로젝트를 진행해보다가 5명이 되니 의견을 정리하고 작업 분배를 하기 어려웠습니다 ㅠㅠ 팀원분들 모두 의견을 잘 내주시고 이해가 안되거나 모르겠는 건 바로 물어봐주셔서 PM으로서는 부족했지만 팀이 어찌저찌 굴러갔습니다! 팔라딘 화이팅
A66: 46042.76 | B66: groovewithu1532@gmail.com | C66: 이유송 | D66: 8팀 | E66: 20일 (화) | F66: 0.25 | G66: 각자 담당 업무를 맡았고 다행히 시나리오파트라서 비교적 쉽게 적응할 수 있었다. 팀원들과 의견 조율하는 과정도 팀장(PD)님 덕분에 잘 되었다. 여기선 나만 잘 하면 됩니다만..?ㅋㅋ 내일도 화이팅!
A67: 46042.746 | B67: cowlgud9888@gmail.com | C67: 채지형 | D67: 9팀 | E67: 20일 (화) | F67: 0.25 | G67: 검열이슈로 배경을 바꾸게 되었습니다.
... A92: 46043.745 | B92: spiderjocker@gmail.com | C92: 박민규 | D92: 4팀 | E92: 21일 (수) | F92: 0.75 | G92: 프로토타입 개발이 완료 되었으며 수정부분과 추가할 부분이 생겨 그것을 작업해야합니다
A93: 46043.745 | B93: jechy0514@gmail.com | C93: 장호윤 | D93: 2팀 | E93: 21일 (수) | F93: 30?퍼 35퍼? 정도 진행된 것 같습니다 | G93: 오늘도 검열을 피하지 못했습니다... 건전함을 향해서 열심히 전진해보도록 하겠습니다!
A94: 46043.745 | B94: herobrinered327@gmail.com | C94: 배주빈 | D94: 9팀 | E94: 21일 (수) | F94: 0.75 | G94: 자유로운 의견소통으로 즉각적인 피드백을 할 수 있어서 좋았다
A95: 46043.745 | B95: dlehalssla@gmail.com | C95: 이도민 | D95: 15팀 | E95: 21일 (수) | F95: 0.5 | G95: PD라서 코드 관련 조언을 드리고 싶었지만 .. 지식의 한계로 드리지 못했습니다 .. 슬픕니다 ..
A96: 46043.745 | B96: allishalee07@gmail.com | C96: 이가현 | D96: 9팀 | E96: 21일 (수) | F96: 0.75 | G96: 스토리 2명, 아트 2, 코딩 1로 배분했는데 스토리에 3명 배정하지 않은 점을 후회했습니다. 팀장은 아트랑 코딩 쪽도 확인해야 하는데, 스토리 짜는데 급급해서 체크를 못한 부분이 아쉽습니다.
A97: 46043.745 | B97: eogks3681@gmail.com | C97: 김재환 | D97: 12팀 | E97: 21일 (수) | F97: 0.5 | G97: 제미나이 나노바나나PRO의 이미지 생성 개수가 넘어서 중간에 익숙하지 않은 이미지 생성 툴을 사용해야 되서 조금 당황했습니다
A98: 46043.745 | B98: drake741236@gmail.com | C98: 주재형 | D98: 9팀 | E98: 21일 (수) | F98: 0.75 | G98: 전반적으로 완만하게 잘 진행되고 있다. 분위기도 좋음
A99: 46043.745 | B99: kmjzzang0808@gmail.com | C99: 김민제 | D99: 7팀 | E99: 21일 (수) | F99: 0.25 | G99: 소통문제로 인해 아침에 좀 트러블이 있었다.
A100: 46043.746 | B100: cayde05130@gmail.com | C100: 임동균 | D100: 10팀 | E100: 21일 (수) | F100: 0.5 | G100: 프로덕트 디자인같은 것은 stable diffusion으로 만들기 어려웠다. 일단 모델이나 LoRA부터가 어울리지 않고, 관련된 걸 받아봤는데 퀄리티가 낮았다. 몇 시간 시행착오 끝에 그냥 이건 GPT나 Gemini를 이용하는게 낫다고 판단, 이를 이용해 만들고 있다. 둘다 유료 구독을 해놔서 다행이었다.. 이런걸 만들 때에도 처음이 가장 잘만들고 수정할수록 쓸데없는 데이터가 쌓이는지 퀄리티나 요청사항이 반영이 잘 되지 않아, 처음부터 잘 작성하던지 새로 시작해서 다시 만드는게 좋을 것이라는 것을 알 수 있었다.
A101: 46043.746 | B101: tarentella92@gmail.com | C101: 한지우 | D101: 11팀 | E101: 21일 (수) | F101: 반은 얼추 한 것 같습니다 :( | G101: 조용하고 작업만 계속 했던것 같아용
A102: 46043.746 | B102: ug777070@gmail.com | C102: 이동현 | D102: 9팀 | E102: 21일 (수) | F102: 0.75 | G102: 개발자는 회사에 반드시 필요한 인재입니다. 그리고 사람은 같은 것을 계속 보면 뭐가 뭔지 모릅니다. 간단한 것도 생각 못합니다. 감사합니다.
A103: 46043.746 | B103: cowlgud9888@gmail.com | C103: 채지형 | D103: 9팀 | E103: 21일 (수) | F103: 0.5 | G103: 이슈 없고 개인이 할 것 열심히 잘 하는 것 같습니다. 저만 잘하면 될거같아요
A104: 46043.746 | B104: power122926@gmail.com | C104: 이균호 | D104: 6팀 | E104: 21일 (수) | F104: 0.5 | G104: 오늘은 어제 작업했던 부분을 다 버리고 새 게임을 만들기 시작했다. 미연시를 만드려고 하는데 각자 아이디어를 작성해서 가져와가지고 괜찮은 거를 뽑기로 했는데 내가 작성한 설정과 스토리 골조가 뽑혔다. 그래서 어제까지는 리소스 제작을 맡았지만 오늘은 내가 작성한 것이기 때문에 내가 시나리오를 맡으라고 PD님이 조율해주셨다. 생각 못해본 부분이었는데 조율해주신 덕분에 더 좋은 결과가 나올 수 있었다고 생각한다.
A105: 46043.747 | B105: hanuiho98@gmail.com | C105: 한의호 | D105: 1팀 | E105: 20일 (화) | F105: 0.8 | G105: 팀원 분들이랑 작업 방식이나 기준을 하나 하나 맞춰 가면서 갈피가 잡히기 시작하니 어제보다도 진행 속도는 빠르게 흘러가는 것 같습니다. 오늘 목표치를 달성 하고 추가 작업을 할 수도 있겠다는 생각에 조금 안심이 되는 느낌이었습니다. 다만 한 가지 아쉬운 점이 있다면 시나리오의 표현 수위 조절을 위해 몰입감을 조금 포기해야 하는 부분이 아쉬웠습니다.
A106: 46043.747 | B106: dt8922dt8922@gmail.com | C106: 오동건 | D106: 6팀 | E106: 21일 (수) | F106: 0.5 | G106: 팀장인데 하는게 없는 것 같다。첫날에는 결정하고、 시키고 했지만 내 결정이 맞을까에 대해 계속 생각하니 자꾸 소극적이게 된다。차라리 팀원이면 시킨거 한거 하면 되는데。。。。
A107: 46043.747 | B107: ashess7276@gmail.com | C107: 이형진 | D107: 6팀 | E107: 21일 (수) | F107: 0.5 | G107: 내일 손만 쉬지 않는다면 무난히 완성할 수 있을 것 같습니다. AI의 발전이 정말 좋으면서도 제가 AI에게 설명을 잘 못하고, 학습된 데이터에 제가 원하는 장면이 없어 인체가 엉키거나, 일본의 배경으로 넘어가는 등 답답한 부분이 많았습니다. 그래도 간접적으로 게임 제작을 하는데 어떤 부분이 고려되어야 하고, DB의 실질적 활용을 해보니 시스템 기획이 얼마나 중요한지 다시 한 번 알게된 것 같습니다..
A108: 46043.747 | B108: jsh001012@gmail.com | C108: 정석현 | D108: 1팀 | E108: 21일 (수) | F108: 0.5 | G108: 소통 방식 정립, 리소스 취합 등 어느정도 프로젝트가 진행되고 있다는 느낌이 들었던 하루였다. 어제 구현했던 코드도 정상적으로 그룹 프로젝트에 적용했고 사운드 레퍼런스를 구체적으로 잡고 확장자 변경 프로그램을 확보하는 등 성과를 거두었다. 50%로 표기하긴 했지만 아직 할 일이 산더미같이 많다. 처음 해보는 작업 방식이기도 하고, 모르는 영역을 배워야 하기도 하다 보니 내가 맡은 바를 다 하기도 힘든 것 같다. 나 뿐만 아닌 우리 조, 다른 조의 모든 분들이 같은 마음으로 작업에 임하고 있을 것 같다. 그저 힘내자는 말 밖에 못 해주겠다...
A109: 46043.747 | B109: reals2006n@gmail.com | C109: 오종호 | D109: 14팀 | E109: 21일 (수) | F109: 1 | G109: 원래 나의 담당은 bgm, SE 였으나 공장처럼 뽑아내다보니 배경, 엑스트라 캐릭터까지 리소스를 만들고 지금은 컷씬까지 작업에 들어갔다. 세세한 수정은 그림 능력자 분들이 포토샾을 이용해 수정해주신다. 팀원들과 말도 잘 통해서 어제는 강의후에도 zep에 남아 잡담을했다(잡담을 하면서 부담없이 리소스도 몇개 더 뽑았다)
A110: 46043.748 | B110: dbgocks99@gmail.com | C110: 유해찬 | D110: 11팀 | E110: 21일 (수) | F110: 0.5 | G110: 코딩도 하고.. Ui리소스도 만들고.. 사운드도 찾아서 넣고 재미있게 하는 중입니다
A111: 46043.748 | B111: copycat9908@gmail.com | C111: 이정헌 | D111: 5팀 | E111: 21일 (수) | F111: 0.75 | G111: 전일보다 수월하게 진행되었던 것 같습니다. 계획을 조금 타이트하게 잡았음에도 계획의 대부분이 진행됐다고 생각합니다. 팀원간에도 의견조율간에 마찰이 없었고, 무난하게 잘 진행되었다고 생각합니다. 작업간에도 특정역할에 고정되지 않고 유기적으로 진행 되었던 점도 긍정적으로 판단합니다. 그럼에도 작업량에 100%를 하지 않은것은, 현재상태로는 출시할 수 없기에 프로토타입이더라도 출시할 수 있을 정도가 된 이후 부터 계획달성도에 따라 100%가 될 수도 있을 것 같습니다.
A112: 46043.748 | B112: fkrndy17@gmail.com | C112: 정재훈 | D112: 8팀 | E112: 21일 (수) | F112: 0.5 | G112: 사운드와 아트담당을 맡아서 뭔가 내가 생각한 기획자와는 다른 느낌이지만 팀플 경험을 채운다는 느낌으로 열심히 하겠습니다.
A113: 46043.748 | B113: cjh1654@gmail.com | C113: 최선동 | D113: 15팀 | E113: 21일 (수) | F113: 0.61 | G113: 오늘도 힘들었습니다.ㅜ
... A128: 46043.75 | B128: zeno9758@gmail.com | C128: 신석균 | D128: 10팀 | E128: 21일 (수) | F128: 0.25 | G128: 생각보다 할 일을 많다
A129: 46043.75 | B129: dwoo0420@gmail.com | C129: 이동우 | D129: 8팀 | E129: 21일 (수) | F129: 조작업50% 내작업 15%(하지만 깨닭았습니다 오늘부터 전력질주 하겠습니다) | G129: 코드 짜다가 탈모걸려서 조퇴할뻔했지만 제미나이의 도움으로 다행히 기능을 하나 구현했다!(근데 코드 겹쳐서 보류됨) 그 뒤로 나의 역할은 채팅 ui제작 및 적용이 되었는데 피그마도 처음다뤄봐서(작업량이 15%인 이유) 그런지 상당히 조잡하다..ㅋㅋ 하지만 조원들의 응원으로 다시 힘냈고 작업 방향을 잡았다 내일까지 개쩌는 ui디자인을 만들어서 조원들에게 도움이 되고싶다. 아 그리고 금토일에 일본여행가야하는데 타이밍을 놓쳐서 아직 조원들한테 말을 못했다.. 여행 취소하려했는데 할머니랑 같이 가는거여서 좀 힘들기도하고 아.. 타이밍이 정말 안좋다 어쨋든 목요일 저녘까지 내 할일을 명확하게 다 끝내놓을 것이다.
A130: 46043.751 | B130: w01047898667@gmail.com | C130: 홍태광 | D130: 5팀 | E130: 21일 (수) | F130: 1 | G130: 서로가 같은 목표를 정했다 보니 생각보다 빠르게 나아갈 수 있는 것 같습니다.
A131: 46043.751 | B131: yundonghyun0618@gmail.com | C131: 윤동현 | D131: 10팀 | E131: 21일 (수) | F131: 0.75 | G131: 저는 사운드 부분에 관해 진행을 하고 있었고, 부가적으로 도움이 되고 싶어 UI나 이미지 누끼따는 이런 것도 해보고 대사 데이터 테이블 오탈자라던가도 종종 찾아보고 했습니다. 아직 사운드 관련해서도 완성은 되지 않았지만 시나리오가 진행됨에 따라서 추가되는 사운드들이 더 있다보니 끝이란 없는 것도 같습니다. 오늘도 열심히 하시는 팀원분들께 감사합니다 ~
A132: 46043.751 | B132: dltmdrn159@gmail.com | C132: 이승구 | D132: 4팀 | E132: 21일 (수) | F132: 0.75 | G132: 프로토타입을 만든건 좋은 선택이었던 것 같습니다. 팀 내 이슈는 크게 없었고 개인적으로 어려웠던 점은 생성형 AI가 원하는 사이즈의 이미지를 지원하지 않아서 포토샵이 필요하게 되었습니다.
A133: 46043.752 | B133: dpfspr0632@gmail.com | C133: 장윤우 | D133: 14팀 | E133: 21일 (수) | F133: 0.75 | G133: 팀 분위기가 정말 좋은 것 같아요. 작업하려고 밤 10시에 들어갔는데 다들 계시더라구요. 재밌게 작업하고 있습니다.
A134: 46043.753 | B134: ownerjeong@gmail.com | C134: 정우경 | D134: 11팀 | E134: 21일 (수) | F134: 0.5 | G134: 좀 더 효율을 높이자. 작업의 획일화를 체계화하자.
A135: 46043.754 | B135: dudtjd115@gmail.com | C135: 박영성 | D135: 3팀 | E135: 21일 (수) | F135: 1 | G135: 어제 자에 다들 AI한테 줄 레퍼런스가 덜 확보 된 상태에선 AI를 활용했을때 예상보다 시간을 몇배로 잡아먹었는데, 팀원분들이랑 제가 AI에 좀 익숙해지고 레퍼런스가 확보되니까 급속도로 속도가 붙은 것 같습니다. + 왜 실무에서 PD를 따로 빼는 직군으로 형성하는지 알겠습니다... 아트 디렉터 + PD + UI 작업 중인데 생각보다 살펴봐야하는 분야와 모멘텀이 잦아서 정신없이 움직이게 되는 것 같습니다
A136: 46043.755 | B136: bakafenxiguan@gmail.com | C136: 한재환 | D136: 6팀 | E136: 21일 (수) | F136: 연출 기획 담당인데, 붕 뜬 느낌이라, 0%인 것 같습니다. | G136: 다들 잘하고 제가 소심해서... 조에서 제가 너무 하는 것 없고 버스를 타는 것 같습니다. 그래서 내일부터 적극적으로 사운드 쪽을 어필해야 겠습니다.
A137: 46043.755 | B137: yee8190@gmail.com | C137: 예인해 | D137: 2팀 | E137: 21일 (수) | F137: 0.25 | G137: 검 열 싫 어 요
A138: 46043.756 | B138: groovewithu1532@gmail.com | C138: 이유송 | D138: 8팀 | E138: 21일 (수) | F138: 0.5 | G138: 팀이 원활하게 각자의 업무를 잘 해나가는 것 같아. 역시 우리 팀장님이 최고다.
A139: 46043.756 | B139: yumin.k1023@gmail.com | C139: 강유민 | D139: 7팀 | E139: 21일 (수) | F139: 0.5 | G139: 팀 내 이슈: 조장님과 일부 팀원 간의 마찰이 발생했습니다. 서로 소통에 있어서 불만을 제기했고 그걸 조율하기 위해 얘기를 서로 나누다가 저를 통해 중재하는 것으로 마무리가 되었습니다. 일단 표면적으로는 해결을 한 상황이나, 내적으로는 맡은 업무와 상대에 대한 아쉬움이 해소되지 않아서 프로젝트 기간 동안 지켜보며 잘 조율해보려고 합니다. 더 큰 문제로 이어지게 된다면 매니저님이나 강사님들께 도움을 요청 드리겠습니다. 관계가 나아질 수 있을거라 생각하며, 이번 프로젝트 열심히 해보겠습니다.
A140: 46043.756 | B140: formelodyne@gmail.com | C140: 서진호 | D140: 4팀 | E140: 21일 (수) | F140: 1 | G140: 팀 내 이슈 - 하나도 없었음 어려웠던 점 - 알파 버전을 만들기 위해서 리소스를 급하게 완성했고, 스토리의 부족함을 체감함 배운 점 - 일단 알파 버전(거의 프로토 타입)을 완성하고 서로 의견을 나누는 시간에서 배운 게 많았습니다. 스토리 적으로 어떤 부분이 부족했는지, 리소스적으로 어떤 부분이 부족했는지, 어떤 부분에서 버그가 발생헀는지에 대한 이야기를 할 수 있어서 좋았습니다 또한 아트팀이나 프로그래밍팀의 고충도 알 수 있었습니다 칭찬 - 다들 열심히 하시고 의견도 잘 주고받고 파충류가 되지 않으시고 정말 좋습니다 그리고 부족한 저를 많이 도와주셔서 정말 감사합니다 건의 - 없습니다 근황 토크 - 2조의 인해님과 현승님과 같이 AI와 관련해 의견을 주고받고 했었는데 배워가는 것도 많았고 제가 알려드린 눈차쿠도 잘 적용해서 이용 하신다고 하니 뿌듯했습니다 저희는 로컬 이미지를 거의 생성 안했지만.... 아무튼 좋았쓰 오늘 하루도 수고 많으셨습니다
A141: 46043.757 | B141: 0wjstjf10@gmail.com | C141: 조준현 | D141: 2팀 | E141: 21일 (수) | F141: 0.15 | G141: 오늘은 선택지 선택에 따른 호감도 상승 감소를 체크하는 시스템과 초상화가 최대 3개까지 화면에 나오는 시스템을 구현했다. 이제 엔딩을 위해 호감도를 확인하고 엔딩의 id로 보내는 시스템을 만들면 된다. 초상화가 움직이거나 fade 관련의 연출을 해달라고 하는데 또 코드를 짜라고 할거 같다.
A142: 46043.758 | B142: woopower96@gmail.com | C142: 우현승 | D142: 2팀 | E142: 21일 (수) | F142: 0.5 | G142: 다른 조 팀원을 통해서 로컬 i2i 활용 방법을 배우게 되었더니, 드디어 일러스트 개인 작업 진도가 나가기 시작했다.
A143: 46043.758 | B143: sionkim0302@gmail.com | C143: 김시온 | D143: 8팀 | E143: 21일 (수) | F143: 0.5 | G143: 시나리오를 쓰는 동시에, 스크립트를 따로 작성하고, 스크립트를 작성하면서 이미지 리소스도 함께 작업하다보니 번복되는 사항도 많고 아까운 리소스가 생기는 상황도 발생하는 것 같습니다. 평소에는 아케이드 위주의 게임이라 핵심 재미 메커니즘만 어긋나지 않으면 게임이 어떻게든 만들어졌는데, 스토리가 중요한 게임은 스토리를 수정하면서 게임을 만들어야하다보니 더 방향성이 흔들리기 쉽다는 걸 느꼈습니다. 그래서 스토리는 더욱 분리된 키워드가 중요한 듯합니다. 각 분기를 일으키는 트리거 키워드, 인물을 나타내는 외모/성격/욕망 각각의 핵심 키워드 같은 요소말이죠. 해당 키워드가 모호하지 않은 게 중요한 듯합니다.
A144: 46043.758 | B144: wlgns30617@gmail.com | C144: 김민수 | D144: 5팀 | E144: 21일 (수) | F144: 0.75 | G144: 동시작업이 어려워서 구현간 언어가 겹치지 않을 수 있어 어려웠다. 태환님의 사운드 기술력이 엄청나셨습니다
A145: 46043.763 | B145: leedogun3@gmail.com | C145: 이도건 | D145: 1팀 | E145: 21일 (수) | F145: 0.5 | G145: 처음에는 너무 복잡한 코드들, UI 작업들 이라는 생각이 들어 걱정이 많이 되었지만 계속 궁금한것을 팀원들과 나누고 서로 피드백하고 수정하며 점점 무엇인가 만들어지고 있다는 생각이 들었습니다. 앞으로도 열심히 해보겠습니다.
A146: 46043.782 | B146: seungjoo9611@gmail.com | C146: 고승주 | D146: 7팀 | E146: 21일 (수) | F146: 0.5 | G146: 역할 분담이 역시 어려운 것 같습니다.
A147: 46043.884 | B147: xotjd209@gmail.com | C147: 강태성 | D147: 7팀 | E147: 21일 (수) | F147: 0.5 | G147: 초반에 다들 많이 혼란스러웠던 모양인지, 분위기가 심상치 않긴 했습니다. 솔직히 그럴만해요. 컨셉 기획도 제대로 잡히지 않은데다 시스템 기획은 아무도 손대고 있지 않았거든요. 연출적인 부분을 개발할 수 있도록 디렉션이 있었음 좋겠지만, 어쩌겠습니까. 그게 삶인거죠. 일단은 이 툴을 그럴듯하게 다듬는데 집중해야겠어요. 타이핑 효과랑 세이브 슬롯 구현한 것으로 만족합니다. - DateTime에 지역 시간 변환도 없는 언어로 프로그래밍을 하고 있는 건에 대하여
A148: 46044.746 | B148: spiderjocker@gmail.com | C148: 박민규 | D148: 4팀 | E148: 22일 (목) | F148: 베타버전 출시후 마지막 공정들어갑니다! | G148: 팀 활동이 너무 즐겁습니다!
A149: 46044.746 | B149: ownerjeong@gmail.com | C149: 정우경 | D149: 11팀 | E149: 22일 (목) | F149: 0.75 | G149: 많이 일을 할 수 있어서 좋았다. 이미지 관련 역량이 늘어난것같다.
A150: 46044.748 | B150: wonu1124@gmail.com | C150: 박원우 | D150: 5팀 | E150: 21일 (수) | F150: 0.75 | G150: 매우 순항중입니다
...

Sheet 종합
B2: 데일리 체크인 종합 시트
B4: - 데일리 체크인 작성이 결국 개인 성실성과 과정 신뢰도, 과정 운영의 지시를 따르는 지표가 될 것으로 보입니다. - 작성의 판단 기준은 당일 오후 5:00 ~ 다음날 오전 9:00 까지 작성된 데이터를 기준으로 판단합니다.
B6: 팀 | C6: 이름 | D6: 미작성 횟수 | E6: 응답 비율 | F6: 46042 | G6: 46043 | H6: 46044 | I6: 46045
B7: 1 | C7: 강유민 | D7: =COUNTIFS(F7:I7, "X", F$6:I$6, "<"&TODAY()) -> 0 | E7: =COUNTIFS(F7:I7, "O", F$6:I$6, "<"&TODAY())/COUNTIF(F$6:I$6,"<"&TODAY()) -> 1 | F7: =IF(COUNTIFS('설문지 응답 시트1'!$C:$C, $C7, '설문지 응답 시트1'!$A:$A, ">="&(F$6 + TIME(17,0,0)), '설문지 응답 시트1'!$A:$A, "<"&(F$6 + 1 + TIME(9,0,0)))>0, "O", "X") -> O | G7: =IF(COUNTIFS('설문지 응답 시트1'!$C:$C, $C7, '설문지 응답 시트1'!$A:$A, ">="&(G$6 + TIME(17,0,0)), '설문지 응답 시트1'!$A:$A, "<"&(G$6 + 1 + TIME(9,0,0)))>0, "O", "X") -> O | H7: =IF(COUNTIFS('설문지 응답 시트1'!$C:$C, $C7, '설문지 응답 시트1'!$A:$A, ">="&(H$6 + TIME(17,0,0)), '설문지 응답 시트1'!$A:$A, "<"&(H$6 + 1 + TIME(9,0,0)))>0, "O", "X") -> O | I7: =IF(COUNTIFS('설문지 응답 시트1'!$C:$C, $C7, '설문지 응답 시트1'!$A:$A, ">="&(I$6 + TIME(17,0,0)), '설문지 응답 시트1'!$A:$A, "<"&(I$6 + 1 + TIME(9,0,0)))>0, "O", "X") -> O
B8: 1 | C8: 이유송 | D8: =COUNTIFS(F8:I8, "X", F$6:I$6, "<"&TODAY()) -> 0 | E8: =COUNTIFS(F8:I8, "O", F$6:I$6, "<"&TODAY())/COUNTIF(F$6:I$6,"<"&TODAY()) -> 1 | F8: =IF(COUNTIFS('설문지 응답 시트1'!$C:$C, $C8, '설문지 응답 시트1'!$A:$A, ">="&(F$6 + TIME(17,0,0)), '설문지 응답 시트1'!$A:$A, "<"&(F$6 + 1 + TIME(9,0,0)))>0, "O", "X") -> O | G8: =IF(COUNTIFS('설문지 응답 시트1'!$C:$C, $C8, '설문지 응답 시트1'!$A:$A, ">="&(G$6 + TIME(17,0,0)), '설문지 응답 시트1'!$A:$A, "<"&(G$6 + 1 + TIME(9,0,0)))>0, "O", "X") -> O | H8: =IF(COUNTIFS('설문지 응답 시트1'!$C:$C, $C8, '설문지 응답 시트1'!$A:$A, ">="&(H$6 + TIME(17,0,0)), '설문지 응답 시트1'!$A:$A, "<"&(H$6 + 1 + TIME(9,0,0)))>0, "O", "X") -> O | I8: =IF(COUNTIFS('설문지 응답 시트1'!$C:$C, $C8, '설문지 응답 시트1'!$A:$A, ">="&(I$6 + TIME(17,0,0)), '설문지 응답 시트1'!$A:$A, "<"&(I$6 + 1 + TIME(9,0,0)))>0, "O", "X") -> O
B9: 1 | C9: 이동현 | D9: =COUNTIFS(F9:I9, "X", F$6:I$6, "<"&TODAY()) -> 1 | E9: =COUNTIFS(F9:I9, "O", F$6:I$6, "<"&TODAY())/COUNTIF(F$6:I$6,"<"&TODAY()) -> 0.75 | F9: =IF(COUNTIFS('설문지 응답 시트1'!$C:$C, $C9, '설문지 응답 시트1'!$A:$A, ">="&(F$6 + TIME(17,0,0)), '설문지 응답 시트1'!$A:$A, "<"&(F$6 + 1 + TIME(9,0,0)))>0, "O", "X") -> O | G9: =IF(COUNTIFS('설문지 응답 시트1'!$C:$C, $C9, '설문지 응답 시트1'!$A:$A, ">="&(G$6 + TIME(17,0,0)), '설문지 응답 시트1'!$A:$A, "<"&(G$6 + 1 + TIME(9,0,0)))>0, "O", "X") -> O | H9: =IF(COUNTIFS('설문지 응답 시트1'!$C:$C, $C9, '설문지 응답 시트1'!$A:$A, ">="&(H$6 + TIME(17,0,0)), '설문지 응답 시트1'!$A:$A, "<"&(H$6 + 1 + TIME(9,0,0)))>0, "O", "X") -> X | I9: =IF(COUNTIFS('설문지 응답 시트1'!$C:$C, $C9, '설문지 응답 시트1'!$A:$A, ">="&(I$6 + TIME(17,0,0)), '설문지 응답 시트1'!$A:$A, "<"&(I$6 + 1 + TIME(9,0,0)))>0, "O", "X") -> O
B10: 1 | C10: 정우경 | D10: =COUNTIFS(F10:I10, "X", F$6:I$6, "<"&TODAY()) -> 0 | E10: =COUNTIFS(F10:I10, "O", F$6:I$6, "<"&TODAY())/COUNTIF(F$6:I$6,"<"&TODAY()) -> 1 | F10: =IF(COUNTIFS('설문지 응답 시트1'!$C:$C, $C10, '설문지 응답 시트1'!$A:$A, ">="&(F$6 + TIME(17,0,0)), '설문지 응답 시트1'!$A:$A, "<"&(F$6 + 1 + TIME(9,0,0)))>0, "O", "X") -> O | G10: =IF(COUNTIFS('설문지 응답 시트1'!$C:$C, $C10, '설문지 응답 시트1'!$A:$A, ">="&(G$6 + TIME(17,0,0)), '설문지 응답 시트1'!$A:$A, "<"&(G$6 + 1 + TIME(9,0,0)))>0, "O", "X") -> O | H10: =IF(COUNTIFS('설문지 응답 시트1'!$C:$C, $C10, '설문지 응답 시트1'!$A:$A, ">="&(H$6 + TIME(17,0,0)), '설문지 응답 시트1'!$A:$A, "<"&(H$6 + 1 + TIME(9,0,0)))>0, "O", "X") -> O | I10: =IF(COUNTIFS('설문지 응답 시트1'!$C:$C, $C10, '설문지 응답 시트1'!$A:$A, ">="&(I$6 + TIME(17,0,0)), '설문지 응답 시트1'!$A:$A, "<"&(I$6 + 1 + TIME(9,0,0)))>0, "O", "X") -> O
B11: 1 | C11: 김현우A | D11: =COUNTIFS(F11:I11, "X", F$6:I$6, "<"&TODAY()) -> 4 | E11: =COUNTIFS(F11:I11, "O", F$6:I$6, "<"&TODAY())/COUNTIF(F$6:I$6,"<"&TODAY()) -> 0 | F11: =IF(COUNTIFS('설문지 응답 시트1'!$C:$C, $C11, '설문지 응답 시트1'!$A:$A, ">="&(F$6 + TIME(17,0,0)), '설문지 응답 시트1'!$A:$A, "<"&(F$6 + 1 + TIME(9,0,0)))>0, "O", "X") -> X | G11: =IF(COUNTIFS('설문지 응답 시트1'!$C:$C, $C11, '설문지 응답 시트1'!$A:$A, ">="&(G$6 + TIME(17,0,0)), '설문지 응답 시트1'!$A:$A, "<"&(G$6 + 1 + TIME(9,0,0)))>0, "O", "X") -> X | H11: =IF(COUNTIFS('설문지 응답 시트1'!$C:$C, $C11, '설문지 응답 시트1'!$A:$A, ">="&(H$6 + TIME(17,0,0)), '설문지 응답 시트1'!$A:$A, "<"&(H$6 + 1 + TIME(9,0,0)))>0, "O", "X") -> X | I11: =IF(COUNTIFS('설문지 응답 시트1'!$C:$C, $C11, '설문지 응답 시트1'!$A:$A, ">="&(I$6 + TIME(17,0,0)), '설문지 응답 시트1'!$A:$A, "<"&(I$6 + 1 + TIME(9,0,0)))>0, "O", "X") -> X
B12: 1 | C12: 정석현 | D12: =COUNTIFS(F12:I12, "X", F$6:I$6, "<"&TODAY()) -> 0 | E12: =COUNTIFS(F12:I12, "O", F$6:I$6, "<"&TODAY())/COUNTIF(F$6:I$6,"<"&TODAY()) -> 1 | F12: =IF(COUNTIFS('설문지 응답 시트1'!$C:$C, $C12, '설문지 응답 시트1'!$A:$A, ">="&(F$6 + TIME(17,0,0)), '설문지 응답 시트1'!$A:$A, "<"&(F$6 + 1 + TIME(9,0,0)))>0, "O", "X") -> O | G12: =IF(COUNTIFS('설문지 응답 시트1'!$C:$C, $C12, '설문지 응답 시트1'!$A:$A, ">="&(G$6 + TIME(17,0,0)), '설문지 응답 시트1'!$A:$A, "<"&(G$6 + 1 + TIME(9,0,0)))>0, "O", "X") -> O | H12: =IF(COUNTIFS('설문지 응답 시트1'!$C:$C, $C12, '설문지 응답 시트1'!$A:$A, ">="&(H$6 + TIME(17,0,0)), '설문지 응답 시트1'!$A:$A, "<"&(H$6 + 1 + TIME(9,0,0)))>0, "O", "X") -> O | I12: =IF(COUNTIFS('설문지 응답 시트1'!$C:$C, $C12, '설문지 응답 시트1'!$A:$A, ">="&(I$6 + TIME(17,0,0)), '설문지 응답 시트1'!$A:$A, "<"&(I$6 + 1 + TIME(9,0,0)))>0, "O", "X") -> O
B13: 1 | C13: 임소영 | D13: =COUNTIFS(F13:I13, "X", F$6:I$6, "<"&TODAY()) -> 0 | E13: =COUNTIFS(F13:I13, "O", F$6:I$6, "<"&TODAY())/COUNTIF(F$6:I$6,"<"&TODAY()) -> 1 | F13: =IF(COUNTIFS('설문지 응답 시트1'!$C:$C, $C13, '설문지 응답 시트1'!$A:$A, ">="&(F$6 + TIME(17,0,0)), '설문지 응답 시트1'!$A:$A, "<"&(F$6 + 1 + TIME(9,0,0)))>0, "O", "X") -> O | G13: =IF(COUNTIFS('설문지 응답 시트1'!$C:$C, $C13, '설문지 응답 시트1'!$A:$A, ">="&(G$6 + TIME(17,0,0)), '설문지 응답 시트1'!$A:$A, "<"&(G$6 + 1 + TIME(9,0,0)))>0, "O", "X") -> O | H13: =IF(COUNTIFS('설문지 응답 시트1'!$C:$C, $C13, '설문지 응답 시트1'!$A:$A, ">="&(H$6 + TIME(17,0,0)), '설문지 응답 시트1'!$A:$A, "<"&(H$6 + 1 + TIME(9,0,0)))>0, "O", "X") -> O | I13: =IF(COUNTIFS('설문지 응답 시트1'!$C:$C, $C13, '설문지 응답 시트1'!$A:$A, ">="&(I$6 + TIME(17,0,0)), '설문지 응답 시트1'!$A:$A, "<"&(I$6 + 1 + TIME(9,0,0)))>0, "O", "X") -> O
B14: 1 | C14: 박현수 | D14: =COUNTIFS(F14:I14, "X", F$6:I$6, "<"&TODAY()) -> 0 | E14: =COUNTIFS(F14:I14, "O", F$6:I$6, "<"&TODAY())/COUNTIF(F$6:I$6,"<"&TODAY()) -> 1 | F14: =IF(COUNTIFS('설문지 응답 시트1'!$C:$C, $C14, '설문지 응답 시트1'!$A:$A, ">="&(F$6 + TIME(17,0,0)), '설문지 응답 시트1'!$A:$A, "<"&(F$6 + 1 + TIME(9,0,0)))>0, "O", "X") -> O | G14: =IF(COUNTIFS('설문지 응답 시트1'!$C:$C, $C14, '설문지 응답 시트1'!$A:$A, ">="&(G$6 + TIME(17,0,0)), '설문지 응답 시트1'!$A:$A, "<"&(G$6 + 1 + TIME(9,0,0)))>0, "O", "X") -> O | H14: =IF(COUNTIFS('설문지 응답 시트1'!$C:$C, $C14, '설문지 응답 시트1'!$A:$A, ">="&(H$6 + TIME(17,0,0)), '설문지 응답 시트1'!$A:$A, "<"&(H$6 + 1 + TIME(9,0,0)))>0, "O", "X") -> O | I14: =IF(COUNTIFS('설문지 응답 시트1'!$C:$C, $C14, '설문지 응답 시트1'!$A:$A, ">="&(I$6 + TIME(17,0,0)), '설문지 응답 시트1'!$A:$A, "<"&(I$6 + 1 + TIME(9,0,0)))>0, "O", "X") -> O
B15: 2 | C15: 김서현 | D15: =COUNTIFS(F15:I15, "X", F$6:I$6, "<"&TODAY()) -> 0 | E15: =COUNTIFS(F15:I15, "O", F$6:I$6, "<"&TODAY())/COUNTIF(F$6:I$6,"<"&TODAY()) -> 1 | F15: =IF(COUNTIFS('설문지 응답 시트1'!$C:$C, $C15, '설문지 응답 시트1'!$A:$A, ">="&(F$6 + TIME(17,0,0)), '설문지 응답 시트1'!$A:$A, "<"&(F$6 + 1 + TIME(9,0,0)))>0, "O", "X") -> O | G15: =IF(COUNTIFS('설문지 응답 시트1'!$C:$C, $C15, '설문지 응답 시트1'!$A:$A, ">="&(G$6 + TIME(17,0,0)), '설문지 응답 시트1'!$A:$A, "<"&(G$6 + 1 + TIME(9,0,0)))>0, "O", "X") -> O | H15: =IF(COUNTIFS('설문지 응답 시트1'!$C:$C, $C15, '설문지 응답 시트1'!$A:$A, ">="&(H$6 + TIME(17,0,0)), '설문지 응답 시트1'!$A:$A, "<"&(H$6 + 1 + TIME(9,0,0)))>0, "O", "X") -> O | I15: =IF(COUNTIFS('설문지 응답 시트1'!$C:$C, $C15, '설문지 응답 시트1'!$A:$A, ">="&(I$6 + TIME(17,0,0)), '설문지 응답 시트1'!$A:$A, "<"&(I$6 + 1 + TIME(9,0,0)))>0, "O", "X") -> O
B16: 2 | C16: 김태환 | D16: =COUNTIFS(F16:I16, "X", F$6:I$6, "<"&TODAY()) -> 0 | E16: =COUNTIFS(F16:I16, "O", F$6:I$6, "<"&TODAY())/COUNTIF(F$6:I$6,"<"&TODAY()) -> 1 | F16: =IF(COUNTIFS('설문지 응답 시트1'!$C:$C, $C16, '설문지 응답 시트1'!$A:$A, ">="&(F$6 + TIME(17,0,0)), '설문지 응답 시트1'!$A:$A, "<"&(F$6 + 1 + TIME(9,0,0)))>0, "O", "X") -> O | G16: =IF(COUNTIFS('설문지 응답 시트1'!$C:$C, $C16, '설문지 응답 시트1'!$A:$A, ">="&(G$6 + TIME(17,0,0)), '설문지 응답 시트1'!$A:$A, "<"&(G$6 + 1 + TIME(9,0,0)))>0, "O", "X") -> O | H16: =IF(COUNTIFS('설문지 응답 시트1'!$C:$C, $C16, '설문지 응답 시트1'!$A:$A, ">="&(H$6 + TIME(17,0,0)), '설문지 응답 시트1'!$A:$A, "<"&(H$6 + 1 + TIME(9,0,0)))>0, "O", "X") -> O | I16: =IF(COUNTIFS('설문지 응답 시트1'!$C:$C, $C16, '설문지 응답 시트1'!$A:$A, ">="&(I$6 + TIME(17,0,0)), '설문지 응답 시트1'!$A:$A, "<"&(I$6 + 1 + TIME(9,0,0)))>0, "O", "X") -> O
B17: 2 | C17: 장윤우 | D17: =COUNTIFS(F17:I17, "X", F$6:I$6, "<"&TODAY()) -> 0 | E17: =COUNTIFS(F17:I17, "O", F$6:I$6, "<"&TODAY())/COUNTIF(F$6:I$6,"<"&TODAY()) -> 1 | F17: =IF(COUNTIFS('설문지 응답 시트1'!$C:$C, $C17, '설문지 응답 시트1'!$A:$A, ">="&(F$6 + TIME(17,0,0)), '설문지 응답 시트1'!$A:$A, "<"&(F$6 + 1 + TIME(9,0,0)))>0, "O", "X") -> O | G17: =IF(COUNTIFS('설문지 응답 시트1'!$C:$C, $C17, '설문지 응답 시트1'!$A:$A, ">="&(G$6 + TIME(17,0,0)), '설문지 응답 시트1'!$A:$A, "<"&(G$6 + 1 + TIME(9,0,0)))>0, "O", "X") -> O | H17: =IF(COUNTIFS('설문지 응답 시트1'!$C:$C, $C17, '설문지 응답 시트1'!$A:$A, ">="&(H$6 + TIME(17,0,0)), '설문지 응답 시트1'!$A:$A, "<"&(H$6 + 1 + TIME(9,0,0)))>0, "O", "X") -> O | I17: =IF(COUNTIFS('설문지 응답 시트1'!$C:$C, $C17, '설문지 응답 시트1'!$A:$A, ">="&(I$6 + TIME(17,0,0)), '설문지 응답 시트1'!$A:$A, "<"&(I$6 + 1 + TIME(9,0,0)))>0, "O", "X") -> O
B18: 2 | C18: 유해찬 | D18: =COUNTIFS(F18:I18, "X", F$6:I$6, "<"&TODAY()) -> 0 | E18: =COUNTIFS(F18:I18, "O", F$6:I$6, "<"&TODAY())/COUNTIF(F$6:I$6,"<"&TODAY()) -> 1 | F18: =IF(COUNTIFS('설문지 응답 시트1'!$C:$C, $C18, '설문지 응답 시트1'!$A:$A, ">="&(F$6 + TIME(17,0,0)), '설문지 응답 시트1'!$A:$A, "<"&(F$6 + 1 + TIME(9,0,0)))>0, "O", "X") -> O | G18: =IF(COUNTIFS('설문지 응답 시트1'!$C:$C, $C18, '설문지 응답 시트1'!$A:$A, ">="&(G$6 + TIME(17,0,0)), '설문지 응답 시트1'!$A:$A, "<"&(G$6 + 1 + TIME(9,0,0)))>0, "O", "X") -> O | H18: =IF(COUNTIFS('설문지 응답 시트1'!$C:$C, $C18, '설문지 응답 시트1'!$A:$A, ">="&(H$6 + TIME(17,0,0)), '설문지 응답 시트1'!$A:$A, "<"&(H$6 + 1 + TIME(9,0,0)))>0, "O", "X") -> O | I18: =IF(COUNTIFS('설문지 응답 시트1'!$C:$C, $C18, '설문지 응답 시트1'!$A:$A, ">="&(I$6 + TIME(17,0,0)), '설문지 응답 시트1'!$A:$A, "<"&(I$6 + 1 + TIME(9,0,0)))>0, "O", "X") -> O
... B80: 10 | C80: 정재용 | D80: =COUNTIFS(F80:I80, "X", F$6:I$6, "<"&TODAY()) -> 1 | E80: =COUNTIFS(F80:I80, "O", F$6:I$6, "<"&TODAY())/COUNTIF(F$6:I$6,"<"&TODAY()) -> 0.75 | F80: =IF(COUNTIFS('설문지 응답 시트1'!$C:$C, $C80, '설문지 응답 시트1'!$A:$A, ">="&(F$6 + TIME(17,0,0)), '설문지 응답 시트1'!$A:$A, "<"&(F$6 + 1 + TIME(9,0,0)))>0, "O", "X") -> O | G80: =IF(COUNTIFS('설문지 응답 시트1'!$C:$C, $C80, '설문지 응답 시트1'!$A:$A, ">="&(G$6 + TIME(17,0,0)), '설문지 응답 시트1'!$A:$A, "<"&(G$6 + 1 + TIME(9,0,0)))>0, "O", "X") -> X | H80: =IF(COUNTIFS('설문지 응답 시트1'!$C:$C, $C80, '설문지 응답 시트1'!$A:$A, ">="&(H$6 + TIME(17,0,0)), '설문지 응답 시트1'!$A:$A, "<"&(H$6 + 1 + TIME(9,0,0)))>0, "O", "X") -> O | I80: =IF(COUNTIFS('설문지 응답 시트1'!$C:$C, $C80, '설문지 응답 시트1'!$A:$A, ">="&(I$6 + TIME(17,0,0)), '설문지 응답 시트1'!$A:$A, "<"&(I$6 + 1 + TIME(9,0,0)))>0, "O", "X") -> O
B81: 개인 | C81: 김지훈 | D81: =COUNTIFS(F81:I81, "X", F$6:I$6, "<"&TODAY()) -> 3 | E81: =COUNTIFS(F81:I81, "O", F$6:I$6, "<"&TODAY())/COUNTIF(F$6:I$6,"<"&TODAY()) -> 0.25 | F81: =IF(COUNTIFS('설문지 응답 시트1'!$C:$C, $C81, '설문지 응답 시트1'!$A:$A, ">="&(F$6 + TIME(17,0,0)), '설문지 응답 시트1'!$A:$A, "<"&(F$6 + 1 + TIME(9,0,0)))>0, "O", "X") -> O | G81: =IF(COUNTIFS('설문지 응답 시트1'!$C:$C, $C81, '설문지 응답 시트1'!$A:$A, ">="&(G$6 + TIME(17,0,0)), '설문지 응답 시트1'!$A:$A, "<"&(G$6 + 1 + TIME(9,0,0)))>0, "O", "X") -> X | H81: =IF(COUNTIFS('설문지 응답 시트1'!$C:$C, $C81, '설문지 응답 시트1'!$A:$A, ">="&(H$6 + TIME(17,0,0)), '설문지 응답 시트1'!$A:$A, "<"&(H$6 + 1 + TIME(9,0,0)))>0, "O", "X") -> X | I81: =IF(COUNTIFS('설문지 응답 시트1'!$C:$C, $C81, '설문지 응답 시트1'!$A:$A, ">="&(I$6 + TIME(17,0,0)), '설문지 응답 시트1'!$A:$A, "<"&(I$6 + 1 + TIME(9,0,0)))>0, "O", "X") -> X
B82: 개인 | C82: 이석훈 | D82: =COUNTIFS(F82:I82, "X", F$6:I$6, "<"&TODAY()) -> 4 | E82: =COUNTIFS(F82:I82, "O", F$6:I$6, "<"&TODAY())/COUNTIF(F$6:I$6,"<"&TODAY()) -> 0 | F82: =IF(COUNTIFS('설문지 응답 시트1'!$C:$C, $C82, '설문지 응답 시트1'!$A:$A, ">="&(F$6 + TIME(17,0,0)), '설문지 응답 시트1'!$A:$A, "<"&(F$6 + 1 + TIME(9,0,0)))>0, "O", "X") -> X | G82: =IF(COUNTIFS('설문지 응답 시트1'!$C:$C, $C82, '설문지 응답 시트1'!$A:$A, ">="&(G$6 + TIME(17,0,0)), '설문지 응답 시트1'!$A:$A, "<"&(G$6 + 1 + TIME(9,0,0)))>0, "O", "X") -> X | H82: =IF(COUNTIFS('설문지 응답 시트1'!$C:$C, $C82, '설문지 응답 시트1'!$A:$A, ">="&(H$6 + TIME(17,0,0)), '설문지 응답 시트1'!$A:$A, "<"&(H$6 + 1 + TIME(9,0,0)))>0, "O", "X") -> X | I82: =IF(COUNTIFS('설문지 응답 시트1'!$C:$C, $C82, '설문지 응답 시트1'!$A:$A, ">="&(I$6 + TIME(17,0,0)), '설문지 응답 시트1'!$A:$A, "<"&(I$6 + 1 + TIME(9,0,0)))>0, "O", "X") -> X
B83: 개인 | C83: 조현일 | D83: =COUNTIFS(F83:I83, "X", F$6:I$6, "<"&TODAY()) -> 0 | E83: =COUNTIFS(F83:I83, "O", F$6:I$6, "<"&TODAY())/COUNTIF(F$6:I$6,"<"&TODAY()) -> 1 | F83: =IF(COUNTIFS('설문지 응답 시트1'!$C:$C, $C83, '설문지 응답 시트1'!$A:$A, ">="&(F$6 + TIME(17,0,0)), '설문지 응답 시트1'!$A:$A, "<"&(F$6 + 1 + TIME(9,0,0)))>0, "O", "X") -> O | G83: =IF(COUNTIFS('설문지 응답 시트1'!$C:$C, $C83, '설문지 응답 시트1'!$A:$A, ">="&(G$6 + TIME(17,0,0)), '설문지 응답 시트1'!$A:$A, "<"&(G$6 + 1 + TIME(9,0,0)))>0, "O", "X") -> O | H83: =IF(COUNTIFS('설문지 응답 시트1'!$C:$C, $C83, '설문지 응답 시트1'!$A:$A, ">="&(H$6 + TIME(17,0,0)), '설문지 응답 시트1'!$A:$A, "<"&(H$6 + 1 + TIME(9,0,0)))>0, "O", "X") -> O | I83: =IF(COUNTIFS('설문지 응답 시트1'!$C:$C, $C83, '설문지 응답 시트1'!$A:$A, ">="&(I$6 + TIME(17,0,0)), '설문지 응답 시트1'!$A:$A, "<"&(I$6 + 1 + TIME(9,0,0)))>0, "O", "X") -> O

Sheet 0120
B2: 날짜 | C2: 46042
B4: 팀 | C4: 이름 | D4: 작업량 | E4: 한마디 | F4: 비고 | G4: 상태
B5: 1 | C5: 승정하 | D5: 1 | E5: 팀원분들이 항상 생산적인 방향을 중심으로 소통하시는 것 같아서 원할하게 첫날이 진행된 것 같습니다. 1조 팀원분들 칭찬드립니다! | G5: 양호
B6: 1 | C6: 정석현 | D6: 0.25 | E6: 메이플월드에 적용이 가능한 사운드 포맷, 스토리에 맞는 사운드 레퍼런스 방향성 잡기를 완료하였다. 지금은 AMB와 SFX를 분리시키는 코딩 작업을 시도중인데 쉽지 않다... 첫날이라 다들 방향성이 모호하고 처음 해보는 작업들도 있다보니 우왕좌왕 했던것 같지만 차차 방향성이 잡혀가고 있다는 느낌이 들어서 뿌듯함도 느껴졌다. | G6: 대기
B7: 1 | C7: 곽용준 | D7: 0.5 | E7: 서로 피드백을 자유롭게 해주고 내가 잘못한 점에 대해 완곡하면서도 핵심적인 부분을 충고해주어서 좋았다 앞으로 더 좋은 방향으로 발전할 수 있을 것 같다는 느낌을 강하게 받았다 | G7: 대기
B8: 1 | C8: 정수진 | D8: 0.25 | E8: 처음쓰는 엔진인 만큼 스크립트에 대해 공부를 했습니다! | G8: 대기
B9: 1 | C9: 한의호 | D9: 0.8 | E9: 팀원 분들이랑 작업 방식이나 기준을 하나 하나 맞춰 가면서 갈피가 잡히기 시작하니 어제보다도 진행 속도는 빠르게 흘러가는 것 같습니다. 오늘 목표치를 달성 하고 추가 작업을 할 수도 있겠다는 생각에 조금 안심이 되는 느낌이었습니다. 다만 한 가지 아쉬운 점이 있다면 시나리오의 표현 수위 조절을 위해 몰입감을 조금 포기해야 하는 부분이 아쉬웠습니다. | G9: 대기
B10: 1 | C10: 이도건 | D10: 0.5 | E10: 시나리오 기획을 지망하고 어제 밤을 새서 시나리오를 썼지만 아쉽게도 다른 팀원분의 시나리오가 채택되어 약간은 아쉬웠습니다. 그래도 팀을 위한 좋은 방향이라 생각하면서 열심히 참여하려고 하고 있습니다. UI 및 연출 담당을 새로 맡게 되었는데 처음 접하는 부분이어서 솔직히 좀 막막했습니다. 하지만 팀원분들이 서로 잘 소통해주고 도와주셔서 방향을 알게 되었습니다. 역시 생각만 하는 것과 실제로 만드는 것은 천차만별인 것 같습니다. 남은 시간도 화이팅 해보겠습니다. | G10: 대기
B11: 2 | C11: 조준현 | D11: 0.25 | E11: 팀장이지만 짬통이된듯한 이 상황...사실 팀장인지도 모르겠는 이 상황..ㅠ | F11: [김상준] 먼저 DM으로 소통해보겠습니다. | G11: 주의
B12: 2 | C12: 장호윤 | D12: 0.25 | E12: 15세 이용가정도면 될줄 알았는데 13세이용가라서 핸들을 살짝 틀어야 했었습니다... | G12: 대기
B13: 2 | C13: 권수빈 | D13: 0.25 | E13: 팀 내적이나 외적으로 심의를 다루는 게 가장 어렵습니다 | G13: 대기
B14: 2 | C14: 예인해 | D14: 0.1 | E14: 검열이 너무 싫습니다... | F14: [양윤석] 이걸 어케 처리해야할지 고민이 됩니다 | G14: 대기
B15: 2 | C15: 우현승 | D15: 0.25 | E15: 팀원 1명과 캐릭터 설정과 일러스트 등의 콘셉, 아트를 담당했다. 저는 로컬 SD, 팀원은 NovelAI를 활용해서 이미지를 생성했는데, 그림체가 달라서 통일시키고 그 이미지를 일관성 있게 변형하려고 하는과정이 개인적으로 굉장히 어렵고 답답했다. | G15: 대기
B16: 2 | C16: 김경민 | D16: 0.1 | E16: 팀원들과 방식을 맞춰가며 작업을 하는게 힘들었습니다. | G16: 비상
B17: 3 | C17: 박영성 | D17: 0.25 | E17: 생각 이상으로 소통의 빈도와 구체적아어야 하는 수준이 높아서 실습을 통해 경험을 얻을 수 있는 점이 좋았습니다. 또 PD로서 어떤 점을 염두에 둬야하고 어디까지 방향성을 공유해야 하는지에 대한 경험이 특히 유익한 것 같고, 이전 조에서 얻은 경험들 덕에 스스로 발전한거 같아서 즐겁습니다. 다만 AI가 생각보다도 리소스 생성에 시간이 많이 드는 점도 알수 있었어서, 일정 관리에 대해선 더 감을 잡아가야 할 것 같습니다. 팀원분들이 각기 장점이 명확하고 의욕적이면서 소통도 적극적으로 해주셔서 첫 PD로서 너무 감사한 조인거 같습니다. | G17: 대기
B18: 3 | C18: 맹지훈 | D18: 0.25 | E18: 이미지를 기대 이상으로 생성하고 준비해주셔서 놀랐습니다. | G18: 대기
B19: 3 | C19: 손호진 | D19: 0.25 | E19: 업무 분담과 서로 소통을 하는 데에도 하루를 쓴 것에 대해 시간이 너무 빠름을 느꼈습니다. 더 속도를 가해서 해야겠습니다 | G19: 대기
B20: 3 | C20: 김흥규 | D20: 0.25 | E20: 코드를 오랜만에 만지니까 새로운 거 하나 추가하는 것도 어려웠다. 시나리오랑 아트는 진도를 쫙쫙 나가는데 엔진 담당인 나만 진도가 잘 안 나가는 거 같아서 걱정이 되지만 오늘은 밤에도 시간 투자를 한다면 괜찮지 않을까 생각을 해본다. 팀원들은 각자의 자리에서 너무 잘해줘서 정말 정말 감사하다. | G20: 대기
B21: 3 | C21: 김현우A | G21: 대기
B22: 3 | C22: 정재용 | D22: 0.25 | E22: 다들 잘 진행해주시고 팀장님의 리더쉽이 최고였습니다! | G22: 대기
B23: 4 | C23: 이석훈 | G23: 대기
B24: 4 | C24: 이승구 | D24: 0.75 | E24: 개인적 이슈 : 기본 태도가 불량한 팀원이 있습니다. 팀 내 이슈 : 볼륨을 어떻게 붙일 것 인가에 대한 이슈 근황 토크 : 살려주세요!! 궁금점 : 사운드 관련 기획은 처음인데 참고할 만한 자료나 영상이 있을까요? | F24: [김상준] 이석훈 이슈, 사운드 기획, 서진호 학생의 엔진 파트 이슈에 대해 20분정도 이야기 나누었습니다. 프로젝트 기간이 짧은 만큼 본격적인 기획 문서를 작성 후 이를 바탕으로 작업하는 프로세스가 쉽지 않은 것이 당연하고, 결과물 vs 학습 중 어느 쪽을 택할 지를 고민해보면 좋을 것 같다고 이야기했습니다. | G24: 비상
B25: 4 | C25: 장근혁 | D25: 0.5 | E25: 팀원분들이 수정사항도 너무 잘 수긍해주시고 분위기가 너무 좋았다 | G25: 대기
B26: 4 | C26: 박민규 | D26: 0.5 | E26: 중간 팀내에서 건설적인 토론 과정이 있었습니다 | G26: 대기
B27: 4 | C27: 서진호 | D27: 0.75 | E27: 조금 과열되서 파충류가 되는 상황이 좀 있었는데 강사님들과 매니저님의 도움으로 잘 해결됐습니다. 내일부터는 PD님께서 이틀간 안계시는데 잘 만들어보도록 하겠습니다. 현재까지는 재밌게 즐기고 있습니다 감사합니다! | G27: 대기
B28: 5 | C28: 이정헌 | D28: 0.75 | E28: 생각보다 시간분배가 어려운 것 같습니다... 팀 인원간 역량체크를 포함해서 중간중간 분량이 과도하지 않게 개입해서 조절은 하고있으나 쉽지 않은것 같습니다 | G28: 대기
B29: 5 | C29: 홍태광 | D29: 0.75 | E29: 이야기의 토대를 짜는 것이 많이 어려웠습니다. 4일이라는 짧은 기간이다보니 생각했던 이야기 볼륨에서 많이 축소를 해야 했던 것 같습니다. | G29: 대기
B30: 5 | C30: 박원우 | D30: 0.5 | E30: 시간이..부족해오... | G30: 대기
B31: 5 | C31: 김민수 | D31: 혹시 퍼센트의 의미를 알 수 있을까요? 오늘 원하는 작업은 전부하긴했습니다 | E31: 부족한 기능을 추가하는 점이 어려웠습니다. 팀원들과 소통을 통해 작업을 하는 점이 저희 팀의 장점이라고 생각하고 정헌님의 팀을 이끄는 리더십이 배울 점이라고 생각합니다 | G31: 대기
B32: 5 | C32: 김태환 | D32: 0.25 | E32: 진행이 순서대로 이루어져야 하기 때문에 분업이 어려웠음. 카테고리별로 업무를 나누면 대기를 해야하는 상황 발생. 서로 시간에 쫓기는 작업이 어려웠음. | G32: 주의
B33: 6 | C33: 오동건 | D33: 25 > 검열로 0 | E33: 리더는 어렵다. 명확한 지시를 내리지 않으면 내맘대로 안굴러간다. 역할 분담은 확실하게 해야 한다. 그리고 서로의 영역을 존중해야 한다. 결정을 내리는 위치 - 책임이 무겁다. | G33: 대기
B34: 6 | C34: 한재환 | D34: 12세이기 때문에 스토리에 난항을 겪고 다시 처음 기획부터 시작합니다. | E34: 소심한 성격을 고쳐야 합니다. | G34: 대기
B35: 6 | C35: 이형진 | D35: 50% 이상이었다가, 검열 이후 자신있는 서브컬처 종목으로 변경하였습니다. 대부분의 시간을 엔진 기능 구현에 사용하였기에, 기존에 만들어진 부분을 잘 활용한 후 시나리오와 리소스만 변경한다면 어려울 것 없을 것 같습니다. | E35: 어제 조금 어려운 방향으로 가고 있었는데 원만한 합의와 진행이 된 것 같습니다. 아쉽게 게임을 엎었지만, 오히려 모두가 잘 아는 서브컬쳐 게임으로 진행하는 오히려 좋은 상황이 된 것 같습니다. | G35: 대기
B36: 6 | C36: 조현일 | D36: 0.25 | E36: 시나리오 작업을 열중해서 했으나....0부터 다시 시작이네요. 그래도 금일 조원분들에게 엑셀이나 DB에 대해 배운것들이 있어 유익한 시간이 되었던거 같습니다. 감사합니다. | G36: 대기
B37: 6 | C37: 이균호 | D37: 0%. 수업 종료 직전에 내용이 엎어짐. 아주 기초적인 부분을 의논중임 | E37: 각자 역할에 맞춰 열심히 해줘서 일이 어느정도 진행되는 것을 보니 기분이 묘하다. 하지만 결과적으로 검열 때문에 게임 스토리와 스타일을 처음부터 갈아엎는 걸로 진행하게 되었다. 오늘 열심히 작업한 것이 아쉽지만 내일 더욱 노력해서 시간 내로 게임을 완성할 수 있도록 해야겠다. | G37: 대기
B38: 7 | C38: 김민제 | D38: 0.5 | E38: 포지셔닝 배분이 제일 어려웠다. 2명이서 스토리 짜는게 생각보다 힘들다... 머릿속의 정리가 잘 되면 좋겠는데.. 역량 부족인 것 같다 ㅠㅠ | G38: 대기
B39: 7 | C39: 강유민 | D39: 0.25 | E39: 팀 내 제작 방향 및 업무 분담을 진행했습니다. | G39: 대기
B40: 7 | C40: 강태성 | D40: 0.25 | E40: 팀원들의 의지가 시험받고 있습니다... 게임을 대부분 처음 만들다보니 컨셉 잡는데 시간을 많이 쓰고 있어요. 개인적인 소감으론, 제미나이가 생각보다 Lua 문법을 잘다루는군요 아주 좋습니다. | G40: 대기
B41: 7 | C41: 김지훈 | D41: 0.1 | E41: 높은 목표대비 진전이 안나갑니다 | G41: 대기
B42: 7 | C42: 고승주 | D42: 0.25 | E42: 역할을 나누는 것이 어려웠습니다. 진행하며 유동적으로 조율해야 할 것 같습니다. | G42: 대기
B43: 8 | C43: 김시온 | D43: 0.5 | E43: 항상 커뮤니케이션이 직접적으로 되는 2,3명으로 프로젝트를 진행해보다가 5명이 되니 의견을 정리하고 작업 분배를 하기 어려웠습니다 ㅠㅠ 팀원분들 모두 의견을 잘 내주시고 이해가 안되거나 모르겠는 건 바로 물어봐주셔서 PM으로서는 부족했지만 팀이 어찌저찌 굴러갔습니다! 팔라딘 화이팅 | G43: 대기
B44: 8 | C44: 김수환 | D44: 0.25 | E44: 오랫만에 다시 프로그래밍을 하려고 하니 머리가 너무 아픕니다. | G44: 대기
B45: 8 | C45: 이동우 | D45: 0.25 | E45: 시온님이 조장인데 플로우 흐름도도 혼자 착착 잘 그려놔주시고 아이스브레이킹도 잘해주셔서 고마웠습니다. **근데!!** 제가 ui 와 연출 스크립트 담당이 되어서 코드를 보고있는데 머리가 너무 아픕니다.. 연출 변경점이 반영되는 코드를 찾아보라는 미션을 받았는데 코드를 잘 모르다보니 몇시간이 걸려도 작업 효율이 안나오더라구요.. 그래서 생각해본게 저는 레퍼런스 게임들의 연출 방식을 조사한뒤 저희가 참고해서 만들만한 연출을 조사하고 코드를 만지는건 나중에 하는게 좋지 않을까.. 라는 말을 내일 아침 회의시간에 하려합니다! 고생하셨습니다 | G45: 대기
B46: 8 | C46: 이유송 | D46: 0.25 | E46: 각자 담당 업무를 맡았고 다행히 시나리오파트라서 비교적 쉽게 적응할 수 있었다. 팀원들과 의견 조율하는 과정도 팀장(PD)님 덕분에 잘 되었다. 여기선 나만 잘 하면 됩니다만..?ㅋㅋ 내일도 화이팅! | G46: 대기
B47: 8 | C47: 정재훈 | D47: 0.25 | E47: 다른사람의 기획의도를 파악하기 어려운 부분이 있었는데, 그런 부분에서 좀더 명확한 기획의도와 근거의 중요성을 깨닫게 되었다. | G47: 대기
B48: 9 | C48: 이가현 | D48: 0.5 | E48: 항상 일이 잘 풀릴 것 같을 때 조심하라고 했습니다. 생각지 못한 수위 조절 유의하겠습니다. 감사합니다. | G48: 대기
B49: 9 | C49: 이동현 | D49: 0.5 | E49: 개발자가 열심히 개발하면 기획자들이 편합니다. | G49: 대기
... B57: 10 | C57: 신석균 | D57: 0.25 | E57: 프로그램을 처음 만졌는데 간단한 ui 추가도 매우 힘들었다. | G57: 대기
B58: 11 | C58: 이준혁 | D58: 0.15 | E58: 했던 말 또 하고 했던 말 또 하고 했던 말 또 하고 했던 말 또 하고 했던 말 또 하고 했던 말 또 하고 했던 말 또 하고 했던 말 또 하고 했던 말 또 하고 했던 말 또 하고 했던 말 또 하고 했던 말 또 하고 했던 말 또 하고 했던 말 또 하고 했던 말 또 하고 했던 말 또 하고 했던 말 또 하고 했던 말 또 하고 했던 말 또 하고 했던 말 또 하고 했던 말 또 하고 했던 말 또 하고 했던 말 또 하고 했던 말 또 하고 했던 말 또 하고 했던 말 또 하고 했던 말 또 하고 했던 말 또 하고 했던 말 또 하고 했던 말 또 하고 했던 말 또 하고 했던 말 또 하고 했던 말 또 하고 했던 말 또 하고 했던 말 또 하고 했던 말 또 하고 했던 말 또 하고 했던 말 또 하고 했던 말 또 하고 했던 말 또 하고 했던 말 또 하고 했던 말 또 하고 했던 말 또 하고 했던 말 또 하고 했던 말 또 하고 했던 말 또 하고 했던 말 또 하고 했던 말 또 하고 했던 말 또 하고 했던 말 또 하고 했던 말 또 하고 | F58: [안중재] ? [김상준] 어제 면담을 한 차례 진행했던 인원이기 때문에, 제가 DM으로 소통하고 대신 박기은 쪽을 중점적으로 면담하는 건 어딸까 싶습니다! | G58: 비상
B59: 11 | C59: 유해찬 | D59: 0.5 | E59: 팀 내 이슈: 아무래도 스토리와 전투부분에 소통 오류가 있는것 같군요.. 저는 UI 와 사운드를 맡게 되어서 여유롭게 작업중 입니다. 빠르게 Ui 를 마무리하고 연출쪽 작업을 노려보려합니다. | G59: 대기
B60: 11 | C60: 박기은 | D60: 0.25 | E60: 어려워요.. 어렵습니다.. 모든게 어려워요...... 팀원분들이랑 조율하는 부분이 어렵습니다... 의견통합은 좋은데, 스토리, 이미지 제작, 전투 담당 셋이서 작업물을 합치는 방식이.. 정말 어려운 것 같습니다. 알고보니 셋이 다른 생각을 하고 있었다거나...ㅠㅠ 조별과제랑은 차원이 다르네요.. | F60: [안중재] 내일 면담 필요 | G60: 비상
B61: 11 | C61: 한지우 | D61: 아직 가늠이 잘 안되는것 같아요 ㅠㅠ | E61: 정신이 없었지만 아이템 이미지를 어떻게 구현해야 할지 고민이 많았고 개그 장르라서 자신없는 장르이다보니 팀원분들과 협업하는게 중요해 보입니다 :) | G61: 대기
B62: 11 | C62: 정우경 | D62: 0.25 | E62: 시작이 반, 잘되고 있고 팀에 적극적으로 기여하는 기분이다. 좋은 결과가 있기를 바랍니다. | G62: 대기
B63: 11 | C63: 임소영 | D63: 0.5 | E63: 비주얼노벨에 용사RPG를 사용하다보니 비주얼노벨에서 너무 벗어나게될까봐 많은 부분을 고민하는 시간을 가졌습니다. 신중하게 작업하고싶어 회의 시간이 길어지면서 잘할 수 있을까 하는 걱정이 앞서게 되었었는데 하루만에 뭔가 틀이 만들어지고 있다는게 느껴져서 기 | G63: 대기
B64: 12 | C64: 이찬규 | D64: 0.25 | E64: 우리는 네모난 바퀴로 달리는 자동차. | F64: [김상준] 이길준 학생이 반쯤 이탈했을 때부터 컨셉에 대한 논의를 진행하여, 4명이지만 진행에 큰 문제는 없다고 합니다. 이영우, 김태훈 학생이 엔진을 다루고 있고, 본인은 시나리오를 쓰고 있다고 합니다. 네모난 바퀴는 어떻게든 굴라간다는 의미로 사용했다고 합니다. | G64: 주의
B65: 12 | C65: 김태훈 | D65: 0.25 | E65: 팀내 소통이 잘 안되는거 같고 코드가 너무 어렵습니다 | G65: 주의
B66: 12 | C66: 이영우 | D66: 0.5 | E66: 메이플 월드에 대한 툴에 대한 적응이 너무 어려웠습니다. 배가 아프지만 않았다면 더 많이 진행되었을 것 같은 아쉬움이 있습니다. | G66: 대기
B67: 12 | C67: 김재환 | D67: 개인적으로 10%정도? | E67: 내 생각을 제대로 언어화해서 말로 전달하지 못하는 점이 힘드네요 | F67: [김상준] DM 먼저 진행하겠습니다. 심각한 경우 면담으로 이어 진행하겠습니다. | G67: 대기
B68: 12 | C68: 이길준 | G68: 대기
B69: 13 | C69: 박현수 | D69: 0.25 | E69: 코드를 모르니 뭐가 되고안되고의 파악이 힘들어서 애로사항이 있습니다. UI를 따로 제작하여야하는데 래퍼런스 사이트를 찾는게 힘드네요 | G69: 대기
B70: 13 | C70: 김범진 | D70: 0.5 | E70: 이미지생성에 어려움이 있지만 팀원들의 응원이 있어서 좋았습니다. | G70: 대기
B71: 13 | C71: 윤유나 | D71: 0.25 | E71: 코드..코드가 너무 어려워요... | G71: 대기
B72: 13 | C72: 이승진 | D72: 0.25 | E72: 오늘은 메이플스토리 월드를 활용하여 비주얼 노벨을 개발하는 프로젝트가 본격적으로 시작되었습니다. 평소 해보지못한 영역에 도전해보고싶어 패기롭게 사운드를 담당하게 되었는데 사운드를 A.I로 뽑는거까진 어떻게 되지만 그걸 게임에 적용하는데서 막혀버렸습니다... 윤석 강사님께 조언을 구하긴 했는데 아직 답장이 오지 않는걸보니 코딩의 ㅋ자도 모르는 초보에게 알려주긴 막막한 내용이었나 싶네요. 열심히 음악을 뽑고있긴 하지만 이걸 제대로 써먹을수 있을지 모르겠습니다. 팀에 민폐끼치고 싶진 않은데 이 난관을 돌파할수 있을지 모르겠네요. 몇시간전에 팀원분들에게 미리 이야기해두긴 했으나 아직은 대수롭지않은 문제로 여기고 있어서 내일까지 조언을 받을수 없다면 팀원들에게 진지하게 다시 상의해봐야겠습니다. | F72: [안중재] 뭔가 질문이 갔나요? | G72: 주의
B73: 13 | C73: 김윤규 | D73: 0.5 | E73: 시나리오 담당으로 작업중인데 처음에는 되게 재밌고 아이디어가 계속 나올 줄 알았는데 하다보니깐 욕심 때문인지, 퀄리티가 실제로 떨어진건지 되게 별로인 것 처럼 보이고 머리가 생각보다 지끈거리네요 ㅋㅋㅋㅋ. 그치만 완벽하게 완성시켜서 팀원분이랑 잘 완성시키고 싶습니다. | G73: 대기
B74: 14 | C74: 김서현 | D74: 1 | E74: 너무 잘 진행되고 있습니다! 다른 분들 모두 적극적으로 본인의 작업 내용을 공유해 주시고, 본인의 작업을 적극적으로 진행해주셔서 매우 순조롭습니다! 제가 팀장으로써 할 일이 별로 없습니다... ^_^) b | F74: [김상준] 전체적으로 좋은 분위기로 보입니다. 안성진 학생에 대해서도 충분히 제 몫을 잘 하고 있다고 이야기했습니다. | G74: 대기
B75: 14 | C75: 송아영 | G75: 대기
B76: 14 | C76: 오종호 | D76: 0.5 | E76: 다들 본인이 맡은 일을 너무 잘한다. 다들 성격도 좋다. 실력도 좋다. 그렇다고 예스맨이 아닌 서로서로 피드백도 충분히 해주고 있다. 이대로만 가즈아 | G76: 대기
B77: 14 | C77: 장윤우 | D77: 써도 써도 끝이 없는 이기분... | E77: 팀원들이 하나같이 제 역할 이상의 것들을 해줘서 너무 편하게 작업을 진행했습니다. 정말 저만 잘하면 될 것 같네요. 화이팅! ai는 신이야! | G77: 대기
B78: 14 | C78: 안성진 | D78: 0.5 | E78: 오랜만의 코딩이라 힘들었습니다 | G78: 대기
B79: 15 | C79: 이도민 | D79: 0.25 | E79: 핵심 콘텐츠 큰 틀 구성 완료 | G79: 대기
B80: 15 | C80: 천영현 | D80: 0.25 | E80: 재밌게 자유롭게 대화하면서 했습니다! | G80: 대기
B81: 15 | C81: 최선동 | D81: 0.5 | E81: 팀이 재밌어요~ㅎㅎ | G81: 대기
B82: 15 | C82: 이원홍 | D82: 약 35%정도 | E82: 어제보다 확실한 방향성이 정해진것같아 좋습니다. | G82: 대기
B83: 15 | C83: 김현우B | D83: 0.25 | E83: 다들 적극적으로 참여해주고 서로의 의견을 존중하면서 진행해서 좋았습니다. | G83: 대기

Sheet 0121
B2: 날짜 | C2: 46043
B4: 팀 | C4: 이름 | D4: 작업량 | E4: 한마디 | F4: 비고 | G4: 상태
B5: 1 | C5: 승정하 | D5: 1 | E5: 여러 파트 분들이 작업에 집중하시다 보니 소통이 2번 3번 해야 하는 상황 조금 생겼던 것 같습니다. 그래도 모든 분들이 감정적이지 않게 서로를 존중하는 모습으로 소통해주셔서 제가 조금 더 원할하게 소통할 수 있도록 조율하는게 그렇게 어렵지 않았던 것 같아서 팀원분들을 칭찬합니다. | G5: 대기
B6: 1 | C6: 정석현 | D6: 0.5 | E6: 소통 방식 정립, 리소스 취합 등 어느정도 프로젝트가 진행되고 있다는 느낌이 들었던 하루였다. 어제 구현했던 코드도 정상적으로 그룹 프로젝트에 적용했고 사운드 레퍼런스를 구체적으로 잡고 확장자 변경 프로그램을 확보하는 등 성과를 거두었다. 50%로 표기하긴 했지만 아직 할 일이 산더미같이 많다. 처음 해보는 작업 방식이기도 하고, 모르는 영역을 배워야 하기도 하다 보니 내가 맡은 바를 다 하기도 힘든 것 같다. 나 뿐만 아닌 우리 조, 다른 조의 모든 분들이 같은 마음으로 작업에 임하고 있을 것 같다. 그저 힘내자는 말 밖에 못 해주겠다... | G6: 대기
B7: 1 | C7: 곽용준 | D7: 0.5 | E7: 피드백을 적극적으로 받으려고 하고 있습니다 어제 했던 일들을 바탕으로 평가를 받는 시간을 가지고 개인적으로 했던 밤샘 작업들로 앞으로의 방향성도 잡았습니다 | G7: 대기
B8: 1 | C8: 정수진 | D8: 0.5 | E8: 엔진 코딩 구현하기 어렵습니다... | G8: 대기
B9: 1 | C9: 한의호 | G9: 대기
B10: 1 | C10: 이도건 | D10: 0.5 | E10: 처음에는 너무 복잡한 코드들, UI 작업들 이라는 생각이 들어 걱정이 많이 되었지만 계속 궁금한것을 팀원들과 나누고 서로 피드백하고 수정하며 점점 무엇인가 만들어지고 있다는 생각이 들었습니다. 앞으로도 열심히 해보겠습니다. | G10: 대기
B11: 2 | C11: 조준현 | D11: 0.15 | E11: 오늘은 선택지 선택에 따른 호감도 상승 감소를 체크하는 시스템과 초상화가 최대 3개까지 화면에 나오는 시스템을 구현했다. 이제 엔딩을 위해 호감도를 확인하고 엔딩의 id로 보내는 시스템을 만들면 된다. 초상화가 움직이거나 fade 관련의 연출을 해달라고 하는데 또 코드를 짜라고 할거 같다. | F11: [김상준] 어제 면담 진행한 인원입니다. 이번 프로젝트에서 개선하기는 힘들겠지만, 배워갈 점과 다음 프로젝트에 적용할 점에 대해 좀더 고민하겠다고 합니다. | G11: 주의
B12: 2 | C12: 장호윤 | D12: 30?퍼 35퍼? 정도 진행된 것 같습니다 | E12: 오늘도 검열을 피하지 못했습니다... 건전함을 향해서 열심히 전진해보도록 하겠습니다! | G12: 대기
B13: 2 | C13: 권수빈 | D13: 0.25 | E13: 시간 안에 끝낼 수 있을까요.... | G13: 대기
B14: 2 | C14: 예인해 | D14: 0.25 | E14: 검 열 싫 어 요 | G14: 주의
B15: 2 | C15: 우현승 | D15: 0.5 | E15: 다른 조 팀원을 통해서 로컬 i2i 활용 방법을 배우게 되었더니, 드디어 일러스트 개인 작업 진도가 나가기 시작했다. | G15: 대기
B16: 2 | C16: 김경민 | G16: 대기
B17: 3 | C17: 박영성 | D17: 1 | E17: 어제 자에 다들 AI한테 줄 레퍼런스가 덜 확보 된 상태에선 AI를 활용했을때 예상보다 시간을 몇배로 잡아먹었는데, 팀원분들이랑 제가 AI에 좀 익숙해지고 레퍼런스가 확보되니까 급속도로 속도가 붙은 것 같습니다. + 왜 실무에서 PD를 따로 빼는 직군으로 형성하는지 알겠습니다... 아트 디렉터 + PD + UI 작업 중인데 생각보다 살펴봐야하는 분야와 모멘텀이 잦아서 정신없이 움직이게 되는 것 같습니다 | G17: 대기
B18: 3 | C18: 맹지훈 | D18: 1 | E18: 안되면 그냥 빼자고 말하려던 연출과 시스템 고민없이 빼자고 말하려고, 관련 유형정리하고 대체안 생각해뒀는 데, 여기저기서 실현하는 거 보고 오늘 실수로 전체 채팅에 '오 주여'를 외쳤습니다. [분기 시스템, 캐릭터 표정 묘사] | G18: 대기
B19: 3 | C19: 손호진 | G19: 대기
B20: 3 | C20: 김흥규 | D20: 0.5 | E20: 사운드를 개별적으로 볼륨 조절하고 싶었는데 내 실력은 구현해내기 터무니 없는 실력이었다. 이제 개별 프로젝트에서 고친 내용을 그룹 프로젝트로 옮겨봐야 하는데 혹시나 잘 안 될까봐 걱정이다. 팀원들이 다들 각자의 자리에서 너무 잘하고 계셔서 더 걱정이다ㅜㅜ 화이팅! | G20: 대기
B21: 3 | C21: 김현우A | G21: 대기
B22: 3 | C22: 정재용 | G22: 대기
B23: 4 | C23: 이석훈 | G23: 대기
B24: 4 | C24: 이승구 | D24: 0.75 | E24: 프로토타입을 만든건 좋은 선택이었던 것 같습니다. 팀 내 이슈는 크게 없었고 개인적으로 어려웠던 점은 생성형 AI가 원하는 사이즈의 이미지를 지원하지 않아서 포토샵이 필요하게 되었습니다. | G24: 대기
B25: 4 | C25: 장근혁 | D25: 0.5 | E25: 알파테스트를 진행했는데 수정사항이 너무 많이 나왔다. | G25: 대기
B26: 4 | C26: 박민규 | D26: 0.75 | E26: 프로토타입 개발이 완료 되었으며 수정부분과 추가할 부분이 생겨 그것을 작업해야합니다 | G26: 대기
B27: 4 | C27: 서진호 | D27: 1 | E27: 팀 내 이슈 - 하나도 없었음 어려웠던 점 - 알파 버전을 만들기 위해서 리소스를 급하게 완성했고, 스토리의 부족함을 체감함 배운 점 - 일단 알파 버전(거의 프로토 타입)을 완성하고 서로 의견을 나누는 시간에서 배운 게 많았습니다. 스토리 적으로 어떤 부분이 부족했는지, 리소스적으로 어떤 부분이 부족했는지, 어떤 부분에서 버그가 발생헀는지에 대한 이야기를 할 수 있어서 좋았습니다 또한 아트팀이나 프로그래밍팀의 고충도 알 수 있었습니다 칭찬 - 다들 열심히 하시고 의견도 잘 주고받고 파충류가 되지 않으시고 정말 좋습니다 그리고 부족한 저를 많이 도와주셔서 정말 감사합니다 건의 - 없습니다 근황 토크 - 2조의 인해님과 현승님과 같이 AI와 관련해 의견을 주고받고 했었는데 배워가는 것도 많았고 제가 알려드린 눈차쿠도 잘 적용해서 이용 하신다고 하니 뿌듯했습니다 저희는 로컬 이미지를 거의 생성 안했지만.... 아무튼 좋았쓰 오늘 하루도 수고 많으셨습니다 | G27: 대기
B28: 5 | C28: 이정헌 | D28: 0.75 | E28: 전일보다 수월하게 진행되었던 것 같습니다. 계획을 조금 타이트하게 잡았음에도 계획의 대부분이 진행됐다고 생각합니다. 팀원간에도 의견조율간에 마찰이 없었고, 무난하게 잘 진행되었다고 생각합니다. 작업간에도 특정역할에 고정되지 않고 유기적으로 진행 되었던 점도 긍정적으로 판단합니다. 그럼에도 작업량에 100%를 하지 않은것은, 현재상태로는 출시할 수 없기에 프로토타입이더라도 출시할 수 있을 정도가 된 이후 부터 계획달성도에 따라 100%가 될 수도 있을 것 같습니다. | G28: 대기
B29: 5 | C29: 홍태광 | D29: 1 | E29: 서로가 같은 목표를 정했다 보니 생각보다 빠르게 나아갈 수 있는 것 같습니다. | G29: 대기
B30: 5 | C30: 박원우 | D30: 0.75 | E30: 매우 순항중입니다 | G30: 대기
B31: 5 | C31: 김민수 | D31: 0.75 | E31: 동시작업이 어려워서 구현간 언어가 겹치지 않을 수 있어 어려웠다. 태환님의 사운드 기술력이 엄청나셨습니다 | G31: 대기
B32: 5 | C32: 김태환 | D32: 1 | E32: 작업 안정화 첫날에 서두른 덕에 마감일보다 조금 더 빨리 완성할 수 있을 것 같음 | G32: 대기
B33: 6 | C33: 오동건 | D33: 0.5 | E33: 팀장인데 하는게 없는 것 같다。첫날에는 결정하고、 시키고 했지만 내 결정이 맞을까에 대해 계속 생각하니 자꾸 소극적이게 된다。차라리 팀원이면 시킨거 한거 하면 되는데。。。。 | F33: [양윤석] 자신감 심어주는 면담 필요해보입니다. -해결 완- | G33: 주의
B34: 6 | C34: 한재환 | D34: 연출 기획 담당인데, 붕 뜬 느낌이라, 0%인 것 같습니다. | E34: 다들 잘하고 제가 소심해서... 조에서 제가 너무 하는 것 없고 버스를 타는 것 같습니다. 그래서 내일부터 적극적으로 사운드 쪽을 어필해야 겠습니다. | G34: 주의
B35: 6 | C35: 이형진 | D35: 0.5 | E35: 내일 손만 쉬지 않는다면 무난히 완성할 수 있을 것 같습니다. AI의 발전이 정말 좋으면서도 제가 AI에게 설명을 잘 못하고, 학습된 데이터에 제가 원하는 장면이 없어 인체가 엉키거나, 일본의 배경으로 넘어가는 등 답답한 부분이 많았습니다. 그래도 간접적으로 게임 제작을 하는데 어떤 부분이 고려되어야 하고, DB의 실질적 활용을 해보니 시스템 기획이 얼마나 중요한지 다시 한 번 알게된 것 같습니다.. | G35: 대기
B36: 6 | C36: 조현일 | D36: 0.5 | E36: 연령 제한 이슈로 방향을 급선회 했지만 조원 분들이 모두 빠르게 적응하셔서 각자의 작업을 원활히 해주신 게 매우 인상적이었습니다. 금일 제가 한 시나리오 검수와 보완 작업이 다른 조원 분들이 하신 것보다 적어 보여 더욱 분발해야겠다는 생각이 듭니다. 감사합니다. | G36: 대기
B37: 6 | C37: 이균호 | D37: 0.5 | E37: 오늘은 어제 작업했던 부분을 다 버리고 새 게임을 만들기 시작했다. 미연시를 만드려고 하는데 각자 아이디어를 작성해서 가져와가지고 괜찮은 거를 뽑기로 했는데 내가 작성한 설정과 스토리 골조가 뽑혔다. 그래서 어제까지는 리소스 제작을 맡았지만 오늘은 내가 작성한 것이기 때문에 내가 시나리오를 맡으라고 PD님이 조율해주셨다. 생각 못해본 부분이었는데 조율해주신 덕분에 더 좋은 결과가 나올 수 있었다고 생각한다. | G37: 대기
B38: 7 | C38: 김민제 | D38: 0.25 | E38: 소통문제로 인해 아침에 좀 트러블이 있었다. | G38: 대기
B39: 7 | C39: 강유민 | D39: 0.5 | E39: 팀 내 이슈: 조장님과 일부 팀원 간의 마찰이 발생했습니다. 서로 소통에 있어서 불만을 제기했고 그걸 조율하기 위해 얘기를 서로 나누다가 저를 통해 중재하는 것으로 마무리가 되었습니다. 일단 표면적으로는 해결을 한 상황이나, 내적으로는 맡은 업무와 상대에 대한 아쉬움이 해소되지 않아서 프로젝트 기간 동안 지켜보며 잘 조율해보려고 합니다. 더 큰 문제로 이어지게 된다면 매니저님이나 강사님들께 도움을 요청 드리겠습니다. 관계가 나아질 수 있을거라 생각하며, 이번 프로젝트 열심히 해보겠습니다. | F39: [양윤석] 내일 면담 진행하고자 합니다 김지훈과 있었던 트러블입니다. 양쪽 의견을 들어봐야 정확한 진단을 할거같습니다 | G39: 주의
B40: 7 | C40: 강태성 | D40: 0.5 | E40: 초반에 다들 많이 혼란스러웠던 모양인지, 분위기가 심상치 않긴 했습니다. 솔직히 그럴만해요. 컨셉 기획도 제대로 잡히지 않은데다 시스템 기획은 아무도 손대고 있지 않았거든요. 연출적인 부분을 개발할 수 있도록 디렉션이 있었음 좋겠지만, 어쩌겠습니까. 그게 삶인거죠. 일단은 이 툴을 그럴듯하게 다듬는데 집중해야겠어요. 타이핑 효과랑 세이브 슬롯 구현한 것으로 만족합니다. - DateTime에 지역 시간 변환도 없는 언어로 프로그래밍을 하고 있는 건에 대하여 | G40: 대기
B41: 7 | C41: 김지훈 | G41: 대기
B42: 7 | C42: 고승주 | D42: 0.5 | E42: 역할 분담이 역시 어려운 것 같습니다. | G42: 대기
B43: 8 | C43: 김시온 | D43: 0.5 | E43: 시나리오를 쓰는 동시에, 스크립트를 따로 작성하고, 스크립트를 작성하면서 이미지 리소스도 함께 작업하다보니 번복되는 사항도 많고 아까운 리소스가 생기는 상황도 발생하는 것 같습니다. 평소에는 아케이드 위주의 게임이라 핵심 재미 메커니즘만 어긋나지 않으면 게임이 어떻게든 만들어졌는데, 스토리가 중요한 게임은 스토리를 수정하면서 게임을 만들어야하다보니 더 방향성이 흔들리기 쉽다는 걸 느꼈습니다. 그래서 스토리는 더욱 분리된 키워드가 중요한 듯합니다. 각 분기를 일으키는 트리거 키워드, 인물을 나타내는 외모/성격/욕망 각각의 핵심 키워드 같은 요소말이죠. 해당 키워드가 모호하지 않은 게 중요한 듯합니다. | G43: 대기
B44: 8 | C44: 김수환 | G44: 대기
B45: 8 | C45: 이동우 | D45: 조작업50% 내작업 15%(하지만 깨닭았습니다 오늘부터 전력질주 하겠습니다) | E45: 코드 짜다가 탈모걸려서 조퇴할뻔했지만 제미나이의 도움으로 다행히 기능을 하나 구현했다!(근데 코드 겹쳐서 보류됨) 그 뒤로 나의 역할은 채팅 ui제작 및 적용이 되었는데 피그마도 처음다뤄봐서(작업량이 15%인 이유) 그런지 상당히 조잡하다..ㅋㅋ 하지만 조원들의 응원으로 다시 힘냈고 작업 방향을 잡았다 내일까지 개쩌는 ui디자인을 만들어서 조원들에게 도움이 되고싶다. 아 그리고 금토일에 일본여행가야하는데 타이밍을 놓쳐서 아직 조원들한테 말을 못했다.. 여행 취소하려했는데 할머니랑 같이 가는거여서 좀 힘들기도하고 아.. 타이밍이 정말 안좋다 어쨋든 목요일 저녘까지 내 할일을 명확하게 다 끝내놓을 것이다. | G45: 대기
B46: 8 | C46: 이유송 | D46: 0.5 | E46: 팀이 원활하게 각자의 업무를 잘 해나가는 것 같아. 역시 우리 팀장님이 최고다. | G46: 대기
B47: 8 | C47: 정재훈 | D47: 0.5 | E47: 사운드와 아트담당을 맡아서 뭔가 내가 생각한 기획자와는 다른 느낌이지만 팀플 경험을 채운다는 느낌으로 열심히 하겠습니다. | G47: 주의
B48: 9 | C48: 이가현 | D48: 0.75 | E48: 스토리 2명, 아트 2, 코딩 1로 배분했는데 스토리에 3명 배정하지 않은 점을 후회했습니다. 팀장은 아트랑 코딩 쪽도 확인해야 하는데, 스토리 짜는데 급급해서 체크를 못한 부분이 아쉽습니다. | G48: 대기
B49: 9 | C49: 이동현 | D49: 0.75 | E49: 개발자는 회사에 반드시 필요한 인재입니다. 그리고 사람은 같은 것을 계속 보면 뭐가 뭔지 모릅니다. 간단한 것도 생각 못합니다. 감사합니다. | G49: 대기
B50: 9 | C50: 주재형 | D50: 0.75 | E50: 전반적으로 완만하게 잘 진행되고 있다. 분위기도 좋음 | G50: 대기
B51: 9 | C51: 채지형 | D51: 0.5 | E51: 이슈 없고 개인이 할 것 열심히 잘 하는 것 같습니다. 저만 잘하면 될거같아요 | G51: 대기
B52: 9 | C52: 배주빈 | D52: 0.75 | E52: 자유로운 의견소통으로 즉각적인 피드백을 할 수 있어서 좋았다 | G52: 대기
B53: 10 | C53: 김영도 | D53: 0.5 | E53: 오늘 순조롭게 진행되었다고 생각합니다. | G53: 대기
B54: 10 | C54: 임동균 | D54: 0.5 | E54: 프로덕트 디자인같은 것은 stable diffusion으로 만들기 어려웠다. 일단 모델이나 LoRA부터가 어울리지 않고, 관련된 걸 받아봤는데 퀄리티가 낮았다. 몇 시간 시행착오 끝에 그냥 이건 GPT나 Gemini를 이용하는게 낫다고 판단, 이를 이용해 만들고 있다. 둘다 유료 구독을 해놔서 다행이었다.. 이런걸 만들 때에도 처음이 가장 잘만들고 수정할수록 쓸데없는 데이터가 쌓이는지 퀄리티나 요청사항이 반영이 잘 되지 않아, 처음부터 잘 작성하던지 새로 시작해서 다시 만드는게 좋을 것이라는 것을 알 수 있었다. | G54: 대기
B55: 10 | C55: 권현민 | D55: 0.5 | E55: 시스템 구현을 해주시면서 플로우차트로 설명해주시니 이해가 쉬웠습니다.. 큰 그림을 보니까 제가 뭘 하고있는지 더 잘 보였어요 | G55: 대기
B56: 10 | C56: 윤동현 | D56: 0.75 | E56: 저는 사운드 부분에 관해 진행을 하고 있었고, 부가적으로 도움이 되고 싶어 UI나 이미지 누끼따는 이런 것도 해보고 대사 데이터 테이블 오탈자라던가도 종종 찾아보고 했습니다. 아직 사운드 관련해서도 완성은 되지 않았지만 시나리오가 진행됨에 따라서 추가되는 사운드들이 더 있다보니 끝이란 없는 것도 같습니다. 오늘도 열심히 하시는 팀원분들께 감사합니다 ~ | G56: 대기
B57: 10 | C57: 신석균 | D57: 0.25 | E57: 생각보다 할 일을 많다 | G57: 대기
... B60: 11 | C60: 박기은 | D60: 1 | E60: 작업량이라는게 오늘 수업의 몇 퍼센트를 써서 작업을 했는가, 인가요?! 그러면 어제도 100%입니다! 근데 완성까지의 전체 작업량은 어제 오늘 합쳐서 25%인 것 같아요.... 저만 팀 내에서 완성 못할까봐 조급해 하는 것 같아서, 너무 완성완성 거렸더니... 팀원분들이 진정시켜 주시더라구요..... 팀원분들을 믿고 따라가야 할텐데, 너무 혼자 걱정하고 있었던 것 같아서, 오늘 조금 생각을 고쳐먹게 됐습니다. | G60: 대기
B61: 11 | C61: 한지우 | D61: 반은 얼추 한 것 같습니다 :( | E61: 조용하고 작업만 계속 했던것 같아용 | G61: 대기
B62: 11 | C62: 정우경 | D62: 0.5 | E62: 좀 더 효율을 높이자. 작업의 획일화를 체계화하자. | G62: 대기
B63: 11 | C63: 임소영 | D63: 0.75 | E63: 초기 설정, 규칙을 단단히 하는 것에 대한 중요성을 알게 되는 경험이 된 것 같습니다. | G63: 대기
B64: 12 | C64: 이찬규 | D64: 0.75 | E64: 전☆속☆전☆진 | G64: 대기
B65: 12 | C65: 김태훈 | D65: 1 | E65: 각자 맡은 항목들을 잘 해내고 있는것 같습니다 | G65: 대기
B66: 12 | C66: 이영우 | D66: 1 | E66: 기능 구현이 끝났습니다. 무한 루프에 걸리면 저장과 수정이 안됩니다. 그렇게 두번 날렸습니다. | G66: 대기
B67: 12 | C67: 김재환 | D67: 0.5 | E67: 제미나이 나노바나나PRO의 이미지 생성 개수가 넘어서 중간에 익숙하지 않은 이미지 생성 툴을 사용해야 되서 조금 당황했습니다 | G67: 대기
B68: 12 | C68: 이길준 | G68: 대기
B69: 13 | C69: 박현수 | D69: 0.5 | E69: UI작업은 오늘 완료했고 메인시작화면에 BGM이 나오게하는 작업중입니다 | G69: 대기
B70: 13 | C70: 김범진 | D70: 0.5 | E70: 이미지 만드는 워크 플로우를 알게되어 티져 영상을 만드려고 했는데, 생각보다 잘 안되서 어려웠습니다. | G70: 대기
B71: 13 | C71: 윤유나 | D71: 0.75 | E71: 다들 각자 할 일을 너무 잘해주셔서 감사합니다 | G71: 대기
B72: 13 | C72: 이승진 | D72: 0.5 | E72: 어제 사소한 기술적인 이슈를 최대한 해결했었기에 오늘은 크게 어려웠던 점은 없었습니다. 다만 게임에 리소스를 적용하는 과정은 내일부터 본격적으로 시작되기에 준비가 다 되었는지 잘 모르겠습니다. 이번 프로젝트의 사운드 담당으로서 BGM과 SFX는 A.I를 활용하여 최대한 뽑았고 비주얼 노벨에 적용이 되는지 기초 테스트도 거쳤지만 너무 음악을 뽑는데에만 열중해서 이 음악들을 어떻게 활용하여 연출할지 정리가 좀 덜 된거 같습니다. 야근... 까지 할 필요는 없지 않을까 싶지만 내일이면 더 까먹을거 같고 아무 계획도 없이 RUID를 짜넣으면 안될거 같아서 미리 제가 해야할 일에 대해서 정리를 좀 해두고 오늘 일정을 마무리지어야겠네요. | G72: 대기
B73: 13 | C73: 김윤규 | D73: 0.75 | E73: 시나리오는 역시 짜면 짤 수록 더 어둠의 구렁텅이에 빠지는 느낌입니다.. | G73: 대기
B74: 14 | C74: 김서현 | D74: 1.2 | E74: 리소스 사이즈 최적화를 위해 작업을 다량으로 했습니다. 생각했던 것보다 많은 량을 수정하게 되어서 일이 많아졌네요. 모두 묵묵히 잘 진행해주고 계셔서 좋습니다. 다만 아쉬운 것은 한가지에 매몰되어 계실 경우 너무 단호하게 잘라냈나 하는 죄송함이 있네요. 내일은 가능한 더 기분 상하지 않으시게 말씀 드리는 것에 더 신경 써야겠습니다. | G74: 대기
B75: 14 | C75: 송아영 | D75: 0.75 | E75: AI가 잘못주는건 제 탓이 큰거겠죠 아아아아아아 | G75: 대기
B76: 14 | C76: 오종호 | D76: 1 | E76: 원래 나의 담당은 bgm, SE 였으나 공장처럼 뽑아내다보니 배경, 엑스트라 캐릭터까지 리소스를 만들고 지금은 컷씬까지 작업에 들어갔다. 세세한 수정은 그림 능력자 분들이 포토샾을 이용해 수정해주신다. 팀원들과 말도 잘 통해서 어제는 강의후에도 zep에 남아 잡담을했다(잡담을 하면서 부담없이 리소스도 몇개 더 뽑았다) | G76: 대기
B77: 14 | C77: 장윤우 | D77: 0.75 | E77: 팀 분위기가 정말 좋은 것 같아요. 작업하려고 밤 10시에 들어갔는데 다들 계시더라구요. 재밌게 작업하고 있습니다. | G77: 대기
B78: 14 | C78: 안성진 | D78: 0.75 | E78: 얼추 기능은 다 완성 | G78: 대기
B79: 15 | C79: 이도민 | D79: 0.5 | E79: PD라서 코드 관련 조언을 드리고 싶었지만 .. 지식의 한계로 드리지 못했습니다 .. 슬픕니다 .. | G79: 대기
B80: 15 | C80: 천영현 | D80: 0.5 | E80: 팀원들끼리 피드백이 실시간으로 잘 돼서 너무 좋았습니다! | G80: 대기
B81: 15 | C81: 최선동 | D81: 0.61 | E81: 오늘도 힘들었습니다.ㅜ | F81: [김상준] 생성형 AI 사용에 대한 어려움을 이야기한 것이라고 합니다. 소통 등의 다른 문제는 없다고 합니다. | G81: 주의
B82: 15 | C82: 이원홍 | D82: 0.5 | E82: 여러가지 할 수 있어서 재밌었습니다. | G82: 대기
B83: 15 | C83: 김현우B | D83: 0.5 | E83: 다들 적극적이고 좋은 분위기에서 작업해서 좋았습니다. | G83: 대기

Sheet 0122
B2: 날짜 | C2: 46044
B4: 팀 | C4: 이름 | D4: 작업량 | E4: 한마디 | F4: 비고 | G4: 상태
B5: 1 | C5: 승정하 | D5: 1 | E5: 특정 파트가 진행도가 조금 더뎌지는 부분이 생겼습니다. 이 부분에 대해서 팀적으로 공유가 되었지만 그 시점이 기존 목표치 달성이 가능하게 도움을 주기에는 늦어버렸습니다. 진행이 빠른 타 파트 담당자들이 서포팅을 해주셔서 기존 목표치를 어느정도는 채울 수 있게 되었지만 PD이자 PM으로서 정기적으로 진행도를 확인하는 정도 vs 자율적인 작업 속도나 작업량에 대한 신뢰간의 균형을 잡기가 생각보다 어렵다는 생각이 들었습니다. 팀적인 소통이 아직 서툰 팀원분들을 위해 조금 더 적극적이고 섬세하게 작업 속도와 현황에 대한 소통 환경을 조성해야겠다는 생각이 들었습니다. | G5: 대기
B6: 1 | C6: 정석현 | D6: 담당 외 업무 진행, 작업 방식 변경 | E6: 오늘은 사운드 리소스를 잠시 내려놓고 기획서 검토 및 수정사항 기록에 역할을 할당했다. 3일이라는 시간이 정말 쏜살같이 지나가버렸다. 내일 게임을 구동하며 QA를 진행하기 전에 추가해야할 리소스도 남아있고, 아마 QA가 진행되면 또 해야할 일이 쌓일 것 같다. 다행히 주말에 스케줄이 없다! 화이팅! | G6: 대기
B7: 1 | C7: 곽용준 | D7: 0.75 | E7: 리소스 생성 작업량이 캐릭터 12개, 배경 5개가 남았다 밤샘 작업을 하여야 할 것 같다 | G7: 대기
B8: 1 | C8: 정수진 | G8: 대기
B9: 1 | C9: 한의호 | D9: 0.5 | E9: 생각보다 작업 진행 속도가 더뎌져서 조금 서둘러야 할 것 같습니다. | G9: 대기
B10: 1 | C10: 이도건 | D10: 0.75 | E10: 팀원 모두 짧은 시간이지만 6시 이후 늦게 까지 본인 할당량을 맡아주고 팀원의 작업이 좀 어려워보인다고 느낀다면 모두 솔선수범해서 도와주려고 해서 감사했습니다. 앞으로 또 같이 열심히 마무리하겠습니다. | G10: 대기
B11: 2 | C11: 조준현 | D11: 0.25 | E11: 아직도 데이터 테이블이 대사도 완료되지 않았다...언제 넣고 파일명 알려줘서 이미지를 채우고 코드상에 분기점 별로 점수 부여하는 아이디를 써넣을까...첫날부터 강조한 목요일 오전까지는 무조건 데이터 테이블이 완성되야 한다는 말을 분명 팀 문서 1페이지 첫줄에 써두고 강조까지 했는데... 눈앞이 캄캄해졋다.. | G11: 대기
B12: 2 | C12: 장호윤 | D12: 0.75 | E12: 코인이 모자랍니다... 더 많은 그림... 더 많은 그림을 뽑아야해요... | G12: 대기
B13: 2 | C13: 권수빈 | D13: 0.75 | E13: 새벽 4시까지 작업했습니다. 살려주세요. | G13: 대기
B14: 2 | C14: 예인해 | D14: 1 | E14: 욕심과 현실의 줄타기가 어려운거 같습니다. 목표 분량과 실제 수행 가능 분량이 분리되어 있다보니... | G14: 대기
B15: 2 | C15: 우현승 | D15: 0.75 | E15: 기본 스탠딩 일러스트를 어느정도 마무리 했다. 처음 진행은 대사 스크립트에 필요한 표정과 자세를 확인 후 생성하는 방식이었는데, 생각보다 결과물이 만족스럽지 않아서 마지막에 다양한 표정을 미리 만들어놓고 선택하는 방식으로 변경이 되었다. | G15: 대기
B16: 2 | C16: 김경민 | G16: 대기
B17: 3 | C17: 박영성 | D17: 0.75 | E17: 부서 간의 업무 속도 차이가 나고, 어딘가는 일이 과중 되는데 어딘가는 필수적인 일이 마무리 되어가는 상황에서 혼선을 크게 겪게 되는 것 같습니다. 이럴수록 소통도 점점 빈약해지고 요청사항이 오갈때 오류가 나타나고 있는데 PD로서 이 문제는 고민 해 봐야 할 것 같습니다. | G17: 대기
B18: 3 | C18: 맹지훈 | D18: 1 | E18: 프로토타입을 보는 데 스크립트 구분을 너무 세세하게 했나 걱정입니다. 팀원분들한테 스토리 수정할 부분 있으면 말씀해달라 했습니다. | G18: 대기
B19: 3 | C19: 손호진 | D19: 0.5 | E19: 이제 게임에서 사용할 기능들은 전부 다 검사까지 끝내서 사용할 수 있게 했기 때문에, 가장 중요한 스토리 테이블에 스토리를 넣는 일만 남았습니다. 일정 내로 맞춰서 완성 또한 중요하기 때문에 남은 마지막 날까지 열심히 해보겠습니다. | G19: 대기
B20: 3 | C20: 김흥규 | D20: 0.5 | E20: 이미지의 해상도 깨짐이나 여러 가지 문제 등으로 리소스를 넣어 완성하기 전까지는 걱정이 많이 됐는데 막상 1챕터를 만들고 나보니 생각보다 괜찮아서 조금 안도감이 들었다. 이제 화면 특수효과 같은 거나 게임 종료 시 자연스럽게 만들어가게 해놓으면 잘 끝낼 수 있을 거 같다. | G20: 대기
B21: 3 | C21: 김현우A | G21: 대기
B22: 3 | C22: 정재용 | D22: 0.75 | E22: 오늘 제작한 게임 첫 파트 플레이를 해봤는데 재밌어요 | G22: 대기
B23: 4 | C23: 이석훈 | G23: 대기
B24: 4 | C24: 이승구 | D24: 0.75 | E24: 창작의 고통-! | G24: 대기
B25: 4 | C25: 장근혁 | D25: 0.75 | E25: 모든것이 수월하다 | G25: 대기
B26: 4 | C26: 박민규 | D26: 베타버전 출시후 마지막 공정들어갑니다! | E26: 팀 활동이 너무 즐겁습니다! | G26: 대기
B27: 4 | C27: 서진호 | D27: 1 | E27: 오늘도 구현 요청을 하신 것은 다 했습니다 게임 내용 1~3일차도 거의 90%정도는 구현했고 중간중간 오류를 잡으면 되고 내일까진 어찌저찌 QA까지 해서 준비가 될 것 같은데 발표 준비까지 진행이 가능할진 모르겠지만 힘내보겠습니다 오늘 하루도 고생 하셨어요 (특히 검열이슈...ㅋㅋㅋㅋㅋ) | G27: 대기
B28: 5 | C28: 이정헌 | D28: 0.5 | E28: 예상했던 계획만큼은 진행하지 못했던 것 같습니다. 비주얼노벨장르 특성상, 시나리오의 비중이 크고 작업이 선행되어야 이후 작업이 원활해지는 듯 했는데, 시나리오 작업간에 진척이 빠르게 진행되지는 않았던 점과, 작업자의 작업 완성도에 대한 욕심이 전체 지연으로 이어지는 부분에 대해서 원활한 설득을 진행하는 것이 어려웠던 것 같습니다. 감정을 상하지 않게 말하는 것과 '반드시' 설득해야 하는 상황에서 어떻게 잘 해야 하느냐가 정말 어려웠던 것 같습니다. 작업계획에 대해서도 일정을 일부러 타이트하게 잡긴했지만, 생각보다 계획대로 진행되기가 힘들었던 것 같습니다. | G28: 대기
B29: 5 | C29: 홍태광 | D29: 0.75 | E29: 스토리 설정을 명확하게 정해놓지 않고 시작하다보니 이와 관련한 의견충돌이 있었습니다. | F29: [김상준] 엔딩 시나리오에 대한 방향성 차이가 있었는데, 이정헌이 잘 중재했다고 합니다. | G29: 주의
B30: 5 | C30: 박원우 | D30: 1 | E30: 구현하고자 하는건 전부구현하였고 내일 디테일작업만 들어가면 좋은데 요즘 초등학생컷이 높아서 죽을것 같습니다. 오류 수정 어떻게하는지.. | G30: 대기
B31: 5 | C31: 김민수 | G31: 대기
B32: 5 | C32: 김태환 | D32: 1 | E32: 주말까지 프로젝트가 넘어가지는 않을 것 같아 다행입니다. | G32: 대기
B33: 6 | C33: 오동건 | D33: 0.75 | E33: 오늘은 순조로웠다. 내 할일 제대로 한 느낌. | G33: 대기
B34: 6 | C34: 한재환 | D34: 0.5 | E34: 많이 부족함을 느끼는 중입니다. 특히 의사소통 부분에서 미숙한 부분이 많다고 느끼는 중입니다. | G34: 대기
B35: 6 | C35: 이형진 | D35: 0.75 | E35: 이제 알맞은 RUID만 집어넣고, QA하면 마무리 됩니다! 야근을 더 하고 싶은데, 규칙이 야근 금지라 더 손보지 못하는게 아쉽네요.. | G35: 대기
B36: 6 | C36: 조현일 | D36: 0.75 | E36: 금일은 시나리오 담당에서 시나리오 검수와 캐릭터 리소스 제작을 담당하니 시간이 배로 순삭 되는 거 같습니다. 동시에 하나씩 배워가는 점이 있어 유익하다고 생각합니다. 감사합니다. | G36: 대기
B37: 6 | C37: 이균호 | D37: 0.75 | E37: 게임 하나 만드는데 어떤 작업이 필요할지 정확히 모르고 하면서 파악해나가다 보니까 작업의 틀이 안 갖춰져있는게 얼마나 비효율적인 건지 알게되었습니다. 작업의 틀, 데이터입력 규칙 등등 하나하나 모두가 다 동일하게 약속한 게 없다보니 소통하는데 오류가 많이 생기고 또 그 오류를 고치는데 시간이 많이 허비되었습니다. 이번에야 짧은 프로젝트니 그렇다치더라도 다음에 장기 프로젝트를 한다면 이런 공통된 약속을 꼭 만들고 시작해야겠다고 생각했습니다. | G37: 대기
B38: 7 | C38: 김민제 | D38: 0.5 | E38: 가뜩이나 5명으로 시잗했는데 이제 거의 4명이 되어 상당히 버겁습니다... 타협의 때가 온 것 같습니다 | G38: 주의
B39: 7 | C39: 강유민 | D39: 0.75 | E39: 팀 내 이슈: 무사고 1일차 유지가 꽤 어렵네요. | G39: 대기
B40: 7 | C40: 강태성 | D40: 0.6 | E40: 늦었다아아앗 | G40: 대기
B41: 7 | C41: 김지훈 | G41: 대기
B42: 7 | C42: 고승주 | D42: 0.75 | E42: 각자 맡은 일을 성실하게 해내서 좋았습니다. | G42: 대기
B43: 8 | C43: 김시온 | D43: 0.5 | E43: 생각보다 스크립트 양이 많아서 아직 작업이 많이 남아버렸습니다... 야근 확정! PM도 하고 스크립트 작업도 하려니 몸이 남아나질 않는군요... | G43: 대기
B44: 8 | C44: 김수환 | D44: 0.5 | E44: 너무 욕심을 부렸는지 업무 진행도가 조금 느린것 같습니다. ㅜ | G44: 대기
B45: 8 | C45: 이동우 | D45: 0.5 | E45: 처음으로 팀에서 뭔가 한 기분? 내가 직접만들기 보다 ai를 활용해서 만드는게 훨씬 빠름을 깨닭았다.. 10시간동안 낑낑거리던게 30분만에 해결되는 매직. 이제 잘만든 게임들의 ui를 ai로 비슷하게 구현할 수 있지 않을까 싶다 작업 효율이 빨라졌으니 빨리 내일 다하고 다른 조원들 도와서 게임을 완성해보려한다 이상! | G45: 대기
B46: 8 | C46: 이유송 | D46: 0.5 | E46: 몸 컨디션이 안좋아서 작업을 많이 못했다. 팀원들에게 피해를 준거 같아 미안한 마음이 든다. 일단 최대한 빨리 작업 마무리해야겠다. 화이팅!! | G46: 대기
B47: 8 | C47: 정재훈 | D47: 0.5 | E47: 게임 분량을 조금 넓게 잡았나 싶은 걱정이 들기 시작했습니다. | G47: 대기
B48: 9 | C48: 이가현 | D48: 0.75 | E48: 저는 데이터 테이블이 어렵습니다. 끝도 없는 것처럼 느껴지는 군요 | G48: 대기
B49: 9 | C49: 이동현 | G49: 대기
B50: 9 | C50: 주재형 | D50: 0.75 | E50: 각자의 작업물을 합치는 과정이 생각보다 힘들다는 걸 느꼈다. | G50: 대기
B51: 9 | C51: 채지형 | D51: 0.75 | E51: 화이팅 | G51: 대기
B52: 9 | C52: 배주빈 | D52: 0.75 | E52: 매일 뇌과부하가 온다 | G52: 대기
B53: 10 | C53: 김영도 | D53: 0.75 | E53: 이제 배경 아트만 추가하면 되는 상황이며 이것 관련에서 잘 끝낼 수 있다면 좋을 것 같습니다. | G53: 대기
B54: 10 | C54: 임동균 | D54: 0.75 | E54: AI를 이용하는데, 몇몇은 로컬로, 몇몇은 ChatGPT나 Gemini로 생성하는데, 가끔 웹 서비스가 제대로 안되거나,, 그럴 때마다 작업시간이 확실히 너무 지연되는 탓에 조금 힘들었다. 또한 로컬로 돌리는 경우에, 계속해서 말하지도 않은 말(horse)이 튀어나온다던지.,. 갑자기 헤일로가 생긴다던지, 배경이 일본식으로바뀌는 등 나름 구체적으로 지정해도 변수가 많아서 조금 어려웠다. | G54: 대기
B55: 10 | C55: 권현민 | D55: 0.75 | E55: 협업을 할 땐 나의 작업을 전체 그림에서 보는게 중요한 것 같다고 생각했습니다.. | G55: 대기
B56: 10 | C56: 윤동현 | D56: 1 | E56: 현재 맡았던 사운드 관련해서는 작업을 완료한 상태이고 아직 게임안에 넣어서 돌려보는 시간은 갖지 못했습니다. 플레이 동안에 효과음이나 분위기적으로 안 맞는 사운드들이 추가될 거라고 예상하고 있고, 어느 부분에서 어느 효과음과 배경이 들어가고 어떤 것이 더 나을 지 시나리오를 계속 정독하고 때에 맞게 사운드까지 재생하여 검수 느낌으로 하고 있습니다. 중간마다 사운드를 최신화하여 업로드를 하면 팀원 분들이 이건 어떻다 이건 좋다 이런 분위기로 바꾸는 건 어떻겠냐 등등 피드백을 주셔서 덕분에 더 가늠하기 쉬워지는 것 같습니다. 그리고 조장님께서 제게 사운드 부분을 맡아달라 하여서 시도를 해봤는데 전 사운드는 쉬울 줄 알았습니다. 하지만 해보니까 내가 원하고 팀이 원하고 그 스토리나 상황에 맞는 사운드를 찾거나 하는 게 보통 일이 아니였습니다. 하루에 사운드만 100개 넘게 듣는 것 같습니다. 또한 시나리오를 보면서 아 이 부분에는 추가로 이런 사운드를 더 넣으면 몰입감이 더 살고 임팩트가 남겠다 싶은 것도 팀원분들과 얘기하며 진행하였습니다~! | G56: 대기
B57: 10 | C57: 신석균 | G57: 대기
B58: 11 | C58: 이준혁 | D58: 0.5 | E58: 과연 이대로 괜찮을까 고민입니다. | F58: [김상준] DM으로 자세한 내용 확인해보겠습니다. | G58: 주의
B59: 11 | C59: 유해찬 | D59: 0.75 | E59: 일단.. 계속 기능을 추가를 요청하셔서 컷트를 했고. 처음 논의할때 현재 시스템에서 진행하되 진짜 필요한 것만 추가하자 라고 했었는데. 잊어버리신듯하다. | G59: 대기
B60: 11 | C60: 박기은 | D60: 오늘도 100%를 불태웠습니다..ㅠㅠㅠ 시나리오가 이제야 거의 끝나갑니다... | E60: 이번 프로젝트를 통해 팀원분들과 소통하는 부분에서 많은 걸 배우는 것 같습니다! 작업하면서 양이 꽤 많아서 압박감이 좀 있었는데 윤석 강사님이 저녁에 오셔서 응원도 해주시고.. 덕분에 마음이 조금 놓였습니다 감사합니다ㅎㅎ | G60: 대기
B61: 11 | C61: 한지우 | D61: 할일이 추가가 되서 걱정이 됩니다 :0 | E61: 좀 오래 걸려서 재시간에 완성이 될지 고민이 됩니다 ㅠㅠ | F61: [김상준] DM으로 지속적으로 소통하겠습니다. | G61: 주의
B62: 11 | C62: 정우경 | D62: 0.75 | E62: 많이 일을 할 수 있어서 좋았다. 이미지 관련 역량이 늘어난것같다. | G62: 대기
B63: 11 | C63: 임소영 | D63: 0.75 | E63: 완성하는게 되려나 걱정 가득 했는데 오늘 작업하던게 하나씩 조각이 맞춰지니까 가능할 것 같다는 생각이 드는게 신기했습니다. | F63: [김상준] 유해찬 회고 관련, 확인해보겠습니다. | G63: 주의
B64: 12 | C64: 이찬규 | D64: 0.75 | E64: 작업 마무리 단계입니다. | G64: 대기
B65: 12 | C65: 김태훈 | D65: 1 | E65: 시간이 지날수록 팀의 실력이 늘어가는 것 같습니다! | G65: 대기
B66: 12 | C66: 이영우 | D66: 1 | E66: 시스템 개발 완료 | G66: 대기
B67: 12 | C67: 김재환 | D67: 0.75 | E67: 조금 더 빨리 결정이 정해졌으면 좋았을 상황이 많이 있었습니다 | G67: 대기
B68: 12 | C68: 이길준 | G68: 대기
B69: 13 | C69: 박현수 | D69: 0.75 | E69: 윤곽이 드러날정도로 많이 진행되었습니다. 미구현 기능추가하고 QA하면 완성될거같네요! | G69: 대기
B70: 13 | C70: 김범진 | D70: 0.75 | E70: 이미지를 삽입하고 시트에 작성하는 단계입니다. 군데군데 없는 이미지가 보여서 작업을 마저 해야할것 같습니다. | G70: 대기
B71: 13 | C71: 윤유나 | D71: 0.75 | E71: 소통을 잘 하지 못했던 점에 있어서 신경을 쓰게 해드려서 죄송한 마음이 들었고 이번기회로 배우게 된 것 같습니다. | G71: 대기
B72: 13 | C72: 이승진 | D72: 0.75 | E72: 오늘부터 엑셀 시트에 본격적으로 기입하기 시작했기때문에 걱정이 앞섰습니다. 이런 속도로 충분한가? 하는 생각이 들지 않을수가 없더라고요. 그래도 하루종일 해보니까 어느정도 끝이 보이는거 같기는 합니다. 검수 과정이 남았고 예기치못한 오류가 또 우릴 얼마나 괴롭힐지 알수 없지만 내일 열심히 해봐야겠죠. 첫날엔 멘탈이 좀 깨졌었지만 그래도 지금은 회복되어서 어찌저찌 하고 있습니다. 팀 분위기도 굉장히 좋고 야근 강요하지 않고 배려해줘서 좋습니다. 오늘은 수업을 마치고도 좀 더 할듯 싶지만 가급적이면 너무 무리하지 않는선에서 마무리할수 있도록 설득해볼 생각입니다. 현업 개발자는 야근이 필수나 다름없지만 야근을 좋아하는 개발자는 없을거라고 생각하기에 일정에 맞춰서 마무리짓는것도 중요하지않을까 생각하니까요. | G72: 대기
B73: 13 | C73: 김윤규 | D73: 0.75 | E73: 조장님이 잘 이끌어주시고 팀원분들의 역할 분배에 따른 업무가 진짜 완벽한 것 같아서 실제로 회사에서 프로젝트 하는 느낌이었습니다..!! 힘들지만 재밌습니다! | G73: 대기
B74: 14 | C74: 김서현 | D74: 0.75 | E74: 제가 오늘 하고자 했던 일을 생각보다 많이 진행하지 못해 아쉽습니다. 리소스 사이즈 변경으로 인해 모든 리소스의 사이즈를 통일시키고 있고, 그게 AI 이미지로 요구를 해도 사이즈를 제대로 출력해주지 않는 문제가 있어서 직접 변경하다보니 손이 많이 갔던 것 같습니다. 완벽함을 내려놓아야 한다는 것도 많이 알고 있지만, 쉽지 않은 문제네요. 다른 분들이 하실 수 있도록 짐을 덜어내야 하는데, 사용하시는 툴이 팀원분들마다 각각 달라서 제가 하는 게 훨씬 수월하다보니 결국은 제가 하고 있게 되더라고요. 일단 해보시라고 열린 마인드를 가져야 하나 싶기도 하지만 어렵네요. 인력이 낭비되는 것은 또 싫어서 좀 더 유용한 부분에서 인력을 사용해주시길 바라는데, 제가 원하는 것과 팀원 분들이 원하시는 부분이 다르니 그걸 조율하는 부분도 어려웠습니다. 차라리 제가 아트 부분으로 문외했다면 가볍게 넘어갔을까 싶기도 하고, 여러모로 아쉬운 부분이 많습니다. 제가 좀 더 날서지 않은 말투로 좋게좋게 이끌어드리지 못한 것 같아서 많은 아쉬움이 남습니다. | G74: 대기
B75: 14 | C75: 송아영 | D75: 1 | E75: 저희 조장님이 너무 다하시는거같아서 이게 맞나 싶습니다...시나리오가 쪼금 걱정돼요 분량이...만자를 넘어가셨다고..? | G75: 대기
B76: 14 | C76: 오종호 | D76: 1 | E76: 다들 화이팅. 오늘도 나는 공장처럼 리소스를 뽑아냈다 | G76: 대기
B77: 14 | C77: 장윤우 | D77: 끝이 없는 시나리오의 굴레에 갇혀있습니다. | E77: 말 안듣는 ai를 혼내면서 재밌게 작업했습니다. 얼른 더 똑똑해져라! | G77: 대기
B78: 14 | C78: 안성진 | D78: 0.75 | E78: 힘들어요 | F78: [김상준] 오랜만에 코딩을 하니 힘들어서 푸념 느낌으로 썼다고 합니다. 큰 이슈는 없습니다. | G78: 주의
B79: 15 | C79: 이도민 | D79: 0.75 | E79: 스토리의 디테일을 체크하니 양이 갑자기 거대해졌습니다.. | G79: 대기
B80: 15 | C80: 천영현 | D80: 0.75 | E80: 오류 수정 아직 못해서 무섭습니다 ㅠㅠ | G80: 대기
B81: 15 | C81: 최선동 | D81: 이미지 제작 95% 완료 | E81: 이미지 뽑는 건 지옥입니다. | G81: 대기
B82: 15 | C82: 이원홍 | D82: 0.75 | E82: 수고하셨습니다... | G82: 대기
B83: 15 | C83: 김현우B | G83: 대기

Sheet 0123
B2: 날짜 | C2: 46045
B4: 팀 | C4: 이름 | D4: 작업량 | E4: 한마디 | F4: 비고 | G4: 상태
B5: 1 | C5: 승정하 | D5: 0.75 | E5: 시나리오 분량이 생각보다 많아져서 전체적인 완성도는 높아졋지만 개발 진행도가 조금 늦춰졌습니다. 그래도 마지막 날인만큼 이전 작업일들보다 협업이나 작업 속도등이 많이 좋아져서 정규 작업 기간에 초기 프로토 타입 구동까지 완료했습니다. 대부분의 기능이 잘 작동해서 약간의 디버깅과 세부 리소스 조정만 남겨놓고 있습니다. 아직 정식 출시 전이지만 팀원 모두 결과물을 보면서 보람과 설렘을 느꼈던 오늘 하루 마무리 였습니다. 발표와 개발 마무리까지 화이팅! | G5: 대기
B6: 1 | C6: 정석현 | D6: 0.75 | E6: 역시 주말 작업은 피할 수 없었다. 그래도 테스트 해보는 것 까진 성공했다. 나온 화면 토대로 추가 사운드 리소스를 추가하기만 하면 될 것 같다. 진짜 싸움은 지금부터 시작이다. 조원분들 모두 능력있고 활발한 소통이 가능했어서 작업 진행에 문제가 있진 않았지만, 리소스 양이 방대해져서 작업량이 많아진 것이 문제였던 것 같다. 프로젝트 관리 면에서도 많은 부분을 배웠다. 조금만 더 하면 끝나니 조금만 더 힘내자... | G6: 대기
B7: 1 | C7: 곽용준 | D7: 1 | E7: 새벽 7시까지 진행하여서 2시간 수면 후 일어났습니다 놀랍게도 감자가 되지 않았습니다 새벽동안 열심히 해서 그런지 꽤 시간이 남았기에 기획서를 쓸 시간이 생겼습니다 여러므로 좋은 경험이었지만 아무래도 쿨타임이라는게 존재해야 할 것 같기에... 밤샘 작업을 자주 하지는 않아도 가끔? 하는 건 괜찮은 것 같습니다 | G7: 대기
B8: 1 | C8: 정수진 | D8: 0.75 | E8: 시간이 촉박해서 주말까지 활용해야할거같습니다.. | G8: 대기
B9: 1 | C9: 한의호 | D9: 0.75 | E9: 시나리오 연출 작성을 빨리 했어야 하는데 늦어진 것 같아서 팀원 분들께 송구스럽기 그지 없었습니다;; | G9: 대기
B10: 1 | C10: 이도건 | D10: 0.9 | E10: 마지막 날이어서 약간 촉박한 감이 없지 않아 있었지만 다들 열심히 작업해주어 현재는 첫 구동을 하고 있습니다. 마치 같이 만든 영화를 보는 느낌이 있기도 하고 내가 만든 UI가 반영되어 있는 걸 보니 신기하기도 하고 걱정도 되고 그럽니다. 다음주 발표때까지 또 마무리 작업하고 완성하겠습니다. | G10: 대기
B11: 2 | C11: 조준현 | D11: 1 | E11: 코드 구현 다했더니 ppt를 해야한다 주말에 할게 너무 많다.... | G11: 대기
B12: 2 | C12: 장호윤 | D12: 100%를 향해서... | E12: 끝나기 전까지 끝난게 아닙니다 진짜 안끝났다는게 너무 슬퍼요 | G12: 대기
B13: 2 | C13: 권수빈 | D13: 0.5 | E13: 주말 비상입니다. | G13: 대기
B14: 2 | C14: 예인해 | D14: 1 | E14: 처음 목표는 무조건 소박하게 잡아야 한다는 것을 뼈져리게 느끼고 있습니다... | G14: 대기
B15: 2 | C15: 우현승 | D15: 0.75 | E15: 스탠딩 일러스트들 마무리하고, bgm을 선정하기 시작했다. 게임 플레이타임이 짧아서 전개가 빠른 편이라 어떻게 적절하게 배치해야하는지 고민을 했던것같다. | G15: 대기
B16: 2 | C16: 김경민 | G16: 대기
B17: 3 | C17: 박영성 | D17: 0.5 | E17: 프로그래밍이란게 이해도가 없는 PD(저 자신입니다...) 측에서 일정 관리를 하니까 변수가 터지는 것에 대해서 일정 계산이 취약한 감이 큰것 같습니다. 그만큼 코딩 팀이랑 면밀하게 소통이 되어야 했었는데, 그러지 못해서 제한 시간 내 프로젝트가 마무리 되지 않고 추가 작업 시간을 할애애야 하는 상황을 만든게 죄송스러웠습니다. 제가 잘 모르는 분야일수록 더 면밀하게 소통할 필요가 있다는 것을 느낄 수 있었습니다. 또 특장점 하나 없는 PD를 존중해주고 적극적으로 임해주신 3조 여러분 모두에게 너무 감사합니다.... | G17: 대기
B18: 3 | C18: 맹지훈 | D18: 0.75 | E18: 음향 리소스를 코드로 입력해야한다는 것을 간과하고 시나리오 및 BGM연출을 작성한 것에 대해 엔진분께 죄송한 날이었습니다. 마케팅 과정 - 팀원이 제약사항만 반복적으로 얘기하는 경우 (진행의 도돌이 표 발생) 어떤 흐름으로 대화해야할지를 좀 더 고민해봐야 겠습니다. | G18: 대기
B19: 3 | C19: 손호진 | D19: 0.75 | E19: 조금 더 잘했으면 시간 내에 잘 마무리 될 수 있을 것 같은데, 약간 진도가 나가지 않아 예정보다 더 오래 하게 되었습니다. 이번 일을 잘 생각하면서 다음에는 어떻게 조율을 해나가야 할지에 대한 고민을 해봐야겠습니다. | G19: 대기
B20: 3 | C20: 김흥규 | D20: 0.75 | E20: 어... 팀원분들 죄송합니다. 코드가 꼬여서 세이브를 제대로 구현하지 못했네요. 사과드리긴 했지만 제 자신에게 너무 실망했습니다. 흐윽흐윽ㅜㅜ 3조 팀원분들 진짜 너무 좋았습니다 | G20: 대기
B21: 3 | C21: 김현우A | G21: 대기
B22: 3 | C22: 정재용 | D22: 0.75 | E22: 다들 지금까지 한 사람도 빠짐 없이 의견을 내주셨고, 그 의견도 수용하며 프로젝트를 진행했습니다. 물론 프로젝트 기한에 맞추진 못했고 오늘도 늦게 까지 남아있어야 하고 내일도 아마 이어서 진행해야 할 것 같지만 그래도 제가 기획에 참여하고 만든 게임이 작동되는 것을 보면 무언가 뿌듯함이 남아 있습니다. | G22: 대기
B23: 4 | C23: 이석훈 | G23: 대기
B24: 4 | C24: 이승구 | D24: 1 | E24: 1. 팀 내 이슈 작업물 관리가 제대로 되지 않아 누락되거나 파일 이름이 다른 등 프로그래밍 담당자가 작업하기 매우 힘든 형태로 관리 됨 2. 칭찬 : 진호님 커피 사주기 3. 건의 휴가 일정이 잡힌 인원 때문에 4인이 작업해야 하는 어려움이 있었습니다 오늘 발생한 팀 내 이슈 또한 전체를 보고 관리하는 역할 때문에 생긴 일이라고 생각이드네요! 앞으로의 프로젝트에서 휴가가 잡힌 팀원이 있고 ,이에 대해 운영진 측과 공유가 되었다면 저희조는5인 다른조는 6인인 곳이 있다고 들었는데 휴가 인원 포함 조는 6인으로 배정되길 건의드립니다. 4. 개인적 이슈 다음에는 석훈님과 같은 조가 되고 싶지 않습니다. 오히려 휴가 다녀오셔서 다행이라고 생각합니다. 사유1. 잘 모르는데 뭐든지 아는 것 처럼 이야기 함, 사실 아무것도 모름... 일을 안 해본 티가 많이 남 적극적인게 아니라 자기가 주인공이 되는 것을 즐기는 것 같아 보임 사유2. 작업을 하기를 꺼려하고 상황만 통제하길 원함, 작업물을 맡기면 책임감 있게 작업하는 것이 아닌 미루거나 어떻게 해야 할지 모르겠다 이렇게 할 필요가 없다는 등 핑계를 대고 일을 맡기고 시간이 지난 뒤 작업물에 대해 물어보면 어떻게 하는지 몰라서 안하고 있었다, 아까 이야기했는데 못 들었냐 등의 핑계를 댐, 정상적인 사람이라면 이야기 했을 때 이야기를 잘 들었는지 확인하는데 항상 혼잣말로 중얼거리시고 이야기 했다고 착각하심. 사유3. 팀원에 대한 배려 없이 필터링을 거치지 않거나 생각을 정리해서 말하는 것이 아닌 떠오르는대로만 이야기 해서 듣는 입장에서 무슨 말을 하는 건지 도통 알아먹을수가 없음. 본인만 그렇게 느끼는 걸 수는 있으니 다른 팀원들의 의견도 궁금함, 굳이 이런 내용을 공유하면서 정치질 하고 싶지는 않아요 사유4. 역량에 비해 자존심이 지나치게 강함, 누군가 반대 의견을 내거나 자신과 다른 의견을 대면 개인적으로 생각했을 때 말도 안되는 사유를 들며 반대하거나 정상적인 사람이라면 이해가 되게끔 설명했음에도 뜻을 굽히지 않음, 결말이 "나는 이해가 안되지만 여러분들이 그렇게 생각하면 그렇게 해라" 식 사유5. 운영진이 보고 있을 때 상황을 주도하는 것처럼 보이고 싶어함, 기획서가 필요하다고 초반에 이야기 했음에도 이번 과제는 기획하는게 아니라 경험하는게 목표라서 필요 없다고 해놓고 끝날 때 와서 필요하다고 강사님께서 짚어주셨을 때, 여기에 대해 제가 이야기를 꺼냄 > 운영매니저님이 계실 때 이야기를 했더니 기획서 없는걸 운영 매니저님 앞에서 말하면 안된다는 식으로 메시지를 함, 무슨 심리인지 궁금함; 꿀밤 마려웠습니다. :) 사유6. 기본적인 참여 태도가 불량함, 캠, 마이크 정해진 시간에 안 키는 경우가 많으며 캠 킬 때는 다른 것에 몰두하고 있는지 팀원 모두 이야기 한 내용에 대해서 혼자만 모르고 있는 경우가 있음, 사람마다 과제에 중요도를 판단하는 정도는 다르기 때문에 적극적 참여는 어려울 수 있으나 기본적인 해야 할 작업의무조차 지키지 않고 분위기를 흐림 징징거려서 죄송하다고 생각하지만 만약 석훈님이 조금 소극적인 팀원이나 아직 사회생활을 하지 못한 분들과 팀원이 된다면 어떤 일이 발생할지 가늠이 안가고, 그 분들이 가스라이팅 당하거나 자신있게 말하는 모습에 맞다고 생각하면서 받을 피해가 더욱 안타까움, 그렇다고 본인이 석훈님과 같은 조가 되고싶은 생각도 없기에 말씀드립니다. 긴 글 읽어주셔서 감사합니다. 행복한 주말 보내세요 ~_~ | G24: 비상
B25: 4 | C25: 장근혁 | D25: 1 | E25: 모오든게 순조롭게 진행이 되었다 99.99999완성 | G25: 대기
B26: 4 | C26: 박민규 | D26: 다 완성되었지만 프로그램 부분을 담당 하신 분이 추가 하고 싶은 것이 있다고 하여 추가 작업이 있을 예정입니다. | E26: 오늘 중간 회의가 있었을 때 특정 인원이 다른 조원의 도움요청을 그저 모른다고 답하며 거부하였고 자기 의견만 피력해서 분위기가 가열된적이 있었습니다. | G26: 주의
B27: 4 | C27: 서진호 | D27: 1 | E27: 팀 내 이슈는 생략하도록 하겠습니다 1. 플레이가 가능한 정도로 99.99% 완성했습니다 2. 나머지 디테일한 부분은 주말에 채우고, 월요일에 릴리즈 할 수 있도록 준비 하겠습니다 3. 팀원 여러분 정말 수고 많으셨습니다! | G27: 대기
B28: 5 | C28: 이정헌 | D28: 1 | E28: 막연하게 이렇게 하면 되겠지 생각했는데, 인원관리나 일정관리, 진행등에 대해서 쉽게만 진행되진 않았던 것 같습니다. 작업자들의 열의는 좋지만 기간내 완성을 고려하여서, 잘 설득하여 반려하는 것에 대해 상처주지 않고 설득하는 좋은 방법이 있을까에 대해 고민이 있었습니다. 그래도 이번 한 과정을 통해서 다음번에는 어떻게 해야 더 잘 할 수 있을지 좋은 경험이었던 것 같습니다. | G28: 대기
B29: 5 | C29: 홍태광 | D29: 1 | E29: 스토리 부분 신입을 뽑지 않는 이유를 이번에 배우게 되었습니다... | G29: 대기
B30: 5 | C30: 박원우 | D30: 1 | E30: 5팀 다들 고생많으셨습니다!! | G30: 대기
B31: 5 | C31: 김민수 | D31: 1 | E31: 팀활동 경험이 많지만 제대로 하나를 완성해본 경험은 적어서 너무 좋은 경험이라고 생각했습니다 다만 모든 갈등을 4일 만에 겪은 기분입니다 좋은 수업 감사합니다 | F31: [김상준] 그냥 팀 작업간에 일반적으로 생기는 갈등정도였으며, 분위기 좋다고 합니다. | G31: 주의
B32: 5 | C32: 김태환 | D32: 1 | E32: 시간내에 완성해서 좋아요~ | G32: 대기
B33: 6 | C33: 오동건 | G33: 대기
B34: 6 | C34: 한재환 | D34: 1 | E34: 이 프로젝트를 통해, 제가 뭐가 부족한지, 무엇이 문제인지 알 수 있어 확실히 좋았습니다. 이후에는 이 단점을 해결해보도록 하겠습니다. | G34: 대기
B35: 6 | C35: 이형진 | G35: 대기
B36: 6 | C36: 조현일 | D36: 1 | E36: 이번에 팀 프로젝트를 하며 조원분들에게서 배우는 점들이 여럿 있었다고 생각합니다. 더욱 유기적인 기획자가 되도록 노력하겠습니다. 감사합니다 | G36: 대기
B37: 6 | C37: 이균호 | D37: 1 | E37: 예상치 못한 일이 많이 생겨서 뭔가 더 추가적인 일은 못했지만 그래도 우당탕탕하며 어떻게든 목표했던 부분을 작업 완료했다. 정말 계획대로 된 게 하나도 없었고 작업 파이프라인을 확실하게 잡아놓는 것이 중요하다는 것을 배울 수 있었다. 다음 프로젝트에서는 성장하여 좀 덜 우당탕탕하면서 만들 수 있기를 희망한다. | G37: 대기
B38: 7 | C38: 김민제 | D38: 0.75 | E38: 4명 정예가 되었지만 끝이 보입니다. pd로서 부족한 점이 많지만 너무 잘 이해해주시고 따라와주셔서 감사하고 있습니다. | G38: 대기
B39: 7 | C39: 강유민 | D39: 90%! | E39: 프로젝트 마지막 날인데 진행하는 동안 부끄러운 모습들을 많이 보인 것 같아 죄송합니다. 첫 단추를 어떻게 꿰었어야 했던 것일까 생각해보게 되는데... 참 쉽지 않네요. 잘 해쳐나가겠습니다. | G39: 대기
B40: 7 | C40: 강태성 | D40: 0.9 | E40: 살려주세요데이터테이블에사람있어요아니왜UID같은걸집어넣어가지고보기도불편한데ㅔㅔㅔㅔ데이터시트구분하기도너무귀차ㅏㅏㅏㅏㅏㅏㅏㅏㅏ809b46f0d4f343a699e6113d32cbe59666d2ba4157274ceb9622826837e2c08dc5c7134b3655486ca028deeed0b28d23c48ef7fe9e0940e99349512858d146ded4843763d1b54da69857d199ea43ae385d04b0de4eaf4af3849b24fb7482f36fce2558a346c74cada1b65e68175d1863 | F40: [김상준] ? | G40: 양호
B41: 7 | C41: 김지훈 | G41: 대기
B42: 7 | C42: 고승주 | G42: 대기
B43: 8 | C43: 김시온 | G43: 대기
B44: 8 | C44: 김수환 | D44: 0.75 | E44: 프로젝트 일정이 너무 짧은것 같습니다! | G44: 대기
B45: 8 | C45: 이동우 | G45: 대기
B46: 8 | C46: 이유송 | D46: 0.75 | E46: 마지막까지 화이팅!! | G46: 대기
B47: 8 | C47: 정재훈 | D47: 0.5 | E47: 주말에 불태우겠습니다 (강제) | G47: 대기
B48: 9 | C48: 이가현 | D48: 0.99 | E48: 기획안을 스토리와 동일하게 진행해서 일정 조율이 아쉬웠습니다. 추가로 팀장인 제가 코딩 관련 지식이 없어 원활한 업무 및 일정분배가 이뤄지지 않은 것 같습니다. | G48: 대기
B49: 9 | C49: 이동현 | D49: 1 | E49: 다시는 코딩한다고 나서지 않겠습니다. 죄송합니다. 잘못했습니다. | G49: 대기
B50: 9 | C50: 주재형 | D50: 0.75 | E50: 생각보다 많이 힘듭니다 | G50: 대기
B51: 9 | C51: 채지형 | D51: 0.998 | E51: 고생하셨습니다. | G51: 대기
B52: 9 | C52: 배주빈 | D52: 98%, 디버깅도 얼추 마무리 되어가는 중이다 | E52: 아트이라 그런지 아트 직무가 얼추 끝나니까 다른분들은 코딩이나 메월드 툴 잘만지면서 작업을 하시는데 정작나는 qa아니면 ppt나 작성하는 것말곤 할 수 있는 일이 없어서 조원들에게 미안한 마음이 들었다 | G52: 대기
B53: 10 | C53: 김영도 | D53: 85프로 정도입니다. | E53: 오늘 6시 이후에도 잠깐 남아서 완성까지 할 것 같습니다. | G53: 대기
B54: 10 | C54: 임동균 | D54: 0.75 | E54: 메인 여자 캐릭터를 묘사하는것 등이 계속 로컬 이미지 생성기가 이상하게 인식해서 너무 힘들었다. 프롬프트를 새로 다시 쓰고 negative prompt도 엄청 자세하게 작성해도 계속 형태를 바꿔서 나타났다. 왜 자꾸 쪼그마한 SD캐릭터가 옆에 같이 그려지는지.. 거기에 dark grey를 명시해도 자기 멋대로 beige 컬러로 바꾸는 등 이런 점이 통제하기가 어려웠다. 아예 캐릭터를 이미지를 많이 출력해 LoRA를 생성할까 혹은 다른 캐릭터의 LoRA를 가져올 까 생각도 했는데, 그건 너무 배보다 배꼽이 큰 느낌이기도 하고, 다른 캐릭터의 LoRA를 그대로쓰면 그것 나름대로 표절이라 느껴져서 수작업하느라 힘들었다.. | G54: 대기
B55: 10 | C55: 권현민 | D55: 1 | E55: 오늘도 협업을 하며 자아 성찰의 시간을 가졌습니다.. | G55: 대기
B56: 10 | C56: 윤동현 | D56: 0.75 | E56: 사운드 관련은 끝마치고 추가로 더 들어가야 할 사운드나 Se가 있는 지 시나리오를 검토하면서 겸사겸사 오탈자나, 마침표, 이상한 문맥 등등을 살펴보는 검수시간을 가졌습니다. 분명 팀 구글 시트에는 수정을 해놓고 내용을 전달 드려도 인겜 대사 테이블을 보면 반영이 되어 있지 않은 경우도 있고, 메이플 엔진은 한명이 이미 작업 중인 파트는 다른 사람이 작업할 수가 없어서 시간이 좀 딜레이 되는 경우도 있던 것 같습니다. 그리고 정말 팀 프로젝트 진행 할 경우엔 팀원들의 역량 파악과 PM의 존재가 정말 중요한 것 같습니다. 대사 테이블 QA는 제가 맡은 파트를 하면서 겸사겸사 하긴 하였지만, 아직 게임 전체적인 QA를 많이는 못한 것 같아서 수업 시간 이후에도 진행을 하게 될 것 같습니다. 그래도 정말 많이 노력하시는 저희 팀원들 정말 고맙습니다!! | G56: 대기
B57: 10 | C57: 신석균 | D57: 99% 거의 다 끝냈고 마무리 작업만 남음 | E57: 프로그래머들의 심정을 이해하게 되었다 | G57: 대기
B58: 11 | C58: 이준혁 | D58: 1 | E58: 피로는 분노를 이긴다는 깨달음 | G58: 주의
B59: 11 | C59: 유해찬 | D59: 0.75 | E59: ... | G59: 주의
B60: 11 | C60: 박기은 | G60: 대기
B61: 11 | C61: 한지우 | D61: 99퍼???? 인게임 테스트만 하면 될것 같습니다 :) | E61: 제가 할일은 다한것 같습니다 이제 인게임에 적용만 시키면 될것 같아요 :) AI랑 씨름만해서 어지럽네요 | G61: 대기
B62: 11 | C62: 정우경 | D62: 90%? | E62: 업무가 너무 많은 것같다. 의사소통은 참 어려운것 같다. 효율적인 의사소통을 위해 노력해야 겠다. | G62: 대기
B63: 11 | C63: 임소영 | D63: 1 | E63: 대사 스크립트 작성 후 캐릭터 별로 어울리는 초상화를 제작하는 과정에서 레퍼런스를 찾고, 다시 초상화를 배정하는 작업이 반복되며 작업 흐름이 자주 끊기는 문제가 있었습니다. 해당 문제를 해결하기 위해 표정 레퍼런스를 한 곳에 전부 모아 정리해두고 활용하면 레퍼런스 탐색에 소요되는 시간을 줄일 수 있을 것이라 판단하여 우선 작업을 진행했습니다. 이후 다른 분들도 같이 초상화 제작에 합류하면서 모아둔 레퍼런스를 참고해 작업 속도가 빨라지는 것을 확인할 수 있었습니다. 이번 경험을 통해 캐릭터의 명확한 상태와 감정을 기준을 만들어 공유하는 게 협업과 제작 효율 측면에서 중요하다는 점을 체감하게 되었습니다. | G63: 대기
B64: 12 | C64: 이찬규 | D64: 1 | E64: 지는거에요? 이겨. | G64: 대기
B65: 12 | C65: 김태훈 | D65: 1 | E65: 다들 맡은 바를 열심히 해주시고 좋은 성과도 거둔거 같아 좋은 경험이 된 것 같습니다 | G65: 대기
B66: 12 | C66: 이영우 | D66: 1 | E66: 다 만들었습니다 | G66: 대기
B67: 12 | C67: 김재환 | D67: 다들 처음 만든다고 가정하면 제 생각에는 90% 라고 생각합니다 | E67: AI(제미나이)를 좀 다룰 줄 알게되어 좋았습니다 | G67: 대기
B68: 12 | C68: 이길준 | G68: 대기
B69: 13 | C69: 박현수 | D69: 1 | E69: 기본적인 작업은 대부분은 완료되었으나 몇가지 수정사항이 생길 수도 있습니다 | G69: 대기
B70: 13 | C70: 김범진 | G70: 대기
B71: 13 | C71: 윤유나 | D71: 1 | E71: 코드구현하는 게 이렇게나 너무나 머리가 아플정도로 힘들었던 기억이 납니다.. | G71: 대기
B72: 13 | C72: 이승진 | D72: 1 | E72: 오늘은 QA를 거치며 수정하는 단계를 가졌는데 생각보다 에러가 뜨는 부분도 있었고, 에러는 없어도 수정하고싶거나 추가하고 싶은 부분이 많이 보였습니다. 컨셉 기획서와 발표용 프레젠테이션까지 오늘 바로 준비했기때문에 수정할 여유가 크진 않았고 괜히 건드렸다가 또다른 에러가 발생할까봐 적당히 수정하는 선에서 그쳤지만 그래도 어떻게 마무리지을수 있어서 후련합니다. 물론 발표용 프레젠테이션은 아직 좀 더 작성해야할 부분이 남았고, 이번엔 발표를 제가 자진해서 맡았기때문에 좀 더 준비해봐야겠습니다. 내성적인 성격에 말수도 적은 저에게도 드디어 발표 기회가 주어진만큼 걱정도 되지만 월요일을 대비해봐야겠네요. | G72: 대기
B73: 13 | C73: 김윤규 | D73: 1 | E73: 계속해서 수정하고 QA해보고 또 수정하고 하는게 골머리 아팠는데 완성본이 나오는 게 점점 보이고 플레이해보니깐 감격스럽기도 하고 뿌듯하기도 합니다..!! | G73: 대기
B74: 14 | C74: 김서현 | D74: 1 | E74: 체력 이슈가 일어나고 있습니다. 한 번에 쉬지 않고 몰아서 무언가를 하려고 하니 어질어질하네요... 오늘은 일감이 비는 분들께 적절한 일감을 드림으로써 더 효율적으로 팀 활동이 이어 나가지도록 노력했습니다. 다른 분들 모두 좋은 협력과 제안, 질의 등 소통해 주셔서 원활하게 팀 활동을 이어갈 수 있었습니다. 다만 아쉬운 점은, 소통이 잘되지 않으셨던 분이 계셨는데 제가 너무 당연하게 할당된 일을 하고 계신다고 생각했던 것 같습니다. 마무리에 가까워지니, 아니셨나 싶은 생각이 들었습니다. 이 부분에 있어서는 제가 계속 확인하지 않았던 탓도 있는 것 같아서 아쉬움이 남습니다. 공백이 있으실 때 적절한 일감을 드려야 했는데 말이죠... 완료되셨다거나, 어떤 것을 하고 계신다거나 하는 등 소통의 부재가 만든 문제라고 생각이 듭니다. 비록 예상했던 것보다 시간이 오래 걸릴 것 같지만, 끝까지 좋은 결과물을 낼 수 있도록 협업을 이어 나가야겠습니다.. ^__^ 마무리도 화이팅 하겠습니다. | G74: 대기
B75: 14 | C75: 송아영 | G75: 대기
B76: 14 | C76: 오종호 | D76: 1 | E76: 기존에 필요했던 배경음, 효과음, 배경, 엑스트라 캐릭터, 컷씬 전부 제작해놨고 새로 요청이 들어온 리소스 역시 제 시간에 다 끝내서 제출했다. 주어진 일은 다했고 남는 시간에 검수와 홍보용 영상제작을 시작했다. | G76: 대기
B77: 14 | C77: 장윤우 | D77: 매일 야근으로 100%를 채워왔습니다. | E77: 못난 시나리오라 팀원에게 미안했습니다. 흑흑 더 빨리 하고 싶었는데... | G77: 대기
B78: 14 | C78: 안성진 | D78: 1 | E78: 개발은 끝났어요... 리소스랑 시나리오 덮으면 끝~ | G78: 대기
B79: 15 | C79: 이도민 | D79: 0.9 | E79: 음.. 업무의 공유 부재로 인해 PD인 제가 갑자기 이건 뭐지? 하는 경우가 종종 나와서 대화를 통해 공유를 부탁 드렸습니다. | G79: 대기
B80: 15 | C80: 천영현 | D80: 98% 됐습니다 | E80: 너무 방대한 AI생성 이미지 힘들어요~~ | G80: 대기
B81: 15 | C81: 최선동 | D81: 0.98 | E81: 팀원들이 공유에 대해서 살짝 갈등이 있었지만 이것 또한 배우는 과정이기에 성장했습니다! | G81: 대기
B82: 15 | C82: 이원홍 | D82: 거의 90% | E82: 수고하셨습니다. | G82: 대기
B83: 15 | C83: 김현우B | D83: 0.9 | E83: 생각보다 시간이 더 걸리네요 | G83: 대기
