Workbook

Sheet 설문지 응답 시트1
A1: 타임스탬프 | B1: 이메일 주소 | C1: 이름 | D1: 소속 팀 | E1: 작성 날짜 | F1: 오늘의 작업 이력 | G1: 자유로운 한마디
A3: 46066.747 | B3: dt8922dt8922@gmail.com | C3: 오동건 | D3: 9팀 | E3: 46066 | F3: # 2/13 1. 목표 1. 두개의 미니게임 기획서 작성하기 2. 결과 1. 두개의 미니게임 기획서 작성 완료, HTML로 30% 구현 | G3: 3. 다음 시간 1. 구현 가능한지 확인 후 수정 필요. MSW로 구현 불가능할 수 있음 2. 애매하면 그날 엎고 다시 만들기 미니게임을 구상하는데, 볼륨이 좀 크고, 너무 내 의도가 많이 들어간 것 같다. 그냥 엄청 간단한, 미니게임 다운 미니게임으로 다시 바꿀까 싶기도 하다. 근데 그러면 그냥 흔한 어디에나 있는 게임과 똑같아 질 것 같아서 볼륨이 커졌는데, 간단하지만 획기적인 시스템을 구상해 봐야 할 것 같다. 사실 원래 하고 싶었던거는 대작을 만들고 싶어서 그런거 같은데 자아를 좀 죽여야겠다.
A4: 46066.747 | B4: cjsdudgus1@gmail.com | C4: 천영현 | D4: 11팀 | E4: 46066 | F4: 게임 선정, 역할 배분, 캐릭터 설정 | G4: 너무 잘 맞아요~
A5: 46066.747 | B5: spiderjocker@gmail.com | C5: 박민규 | D5: 9팀 | E5: 46066 | F5: 메이플 월드로 만들 게임의 전체적인 기획서와 개인이 만들어야할 미니게임 2가지 기획서와 게임을 만들었습니다, | G5: 저희 절대로 부정출발 아닙니다!!
A6: 46066.747 | B6: gimyungyu9@gmail.com | C6: 김윤규 | D6: 6팀 | E6: 46066 | F6: 챕터 1 시나리오 완성, 시나리오 계획서 작성 | G6: 팀원들이 너무 좋아요...각자 할 일도 너무 잘하시고 책임감도 있으셔서 작업이 너무 수월합니다. 팀장님 뿐 아니라 조원들의 단합력도 너무 좋아서 작업이 재밌습니다...ㅎㅎ
A7: 46066.747 | B7: jechy0514@gmail.com | C7: 장호윤 | D7: 8팀 | E7: 46066 | F7: 컨셉 회의, 각자 일 지정, 시나리오 작업, UI 디자인 기획, 레퍼런스 이미지 작업 | G7: 연휴에도 작업 렛츠고~
A8: 46066.747 | B8: baoo88000@gmail.com | C8: 김태훈 | D8: 6팀 | E8: 46066 | F8: 엔진에서의 기능 구현 : 캐릭터의 움직임 애니메이션, 마우스 커서에 따른 방향 변화, 마우스 커서에 따른 무기의 각도 변화, 마우스 커서 이미지 교체, 총알 발사 | G8: mlua프로그래밍 하는 거보다 엔진내부기능 쓰는게 더 어려운 것 같습니다...
A9: 46066.747 | B9: reals2006n@gmail.com | C9: 오종호 | D9: 4팀 | E9: 46066 | F9: 메인캐릭터 스프라이트 제작, 상점 캐릭터 제작, 캐릭터 컨셉 제작 | G9: 리소스 만들기 힘듭니다.
A10: 46066.747 | B10: gustlrdn3@gmail.com | C10: 김현우B | D10: 13팀 | E10: 46066 | F10: 다같이 게임의 핵심과 방향 및 기획서 초안 작성 | G10: 게임의 대한 재미를 정하는게 힘들었지만 다들 적극적인 의견으로 다양하게 들었습니다.
A11: 46066.747 | B11: dlehalssla@gmail.com | C11: 이도민 | D11: 9팀 | E11: 46066 | F11: 미니 게임 : 오래 살아남기 기획서 & Html 게임 제작 완료 | G11: 난이도 조절 실패 / 새롭게 추가한 아이템 요소 관련 버그 / 추가 예상치 못한 버그
A12: 46066.747 | B12: zeno9758@gmail.com | C12: 신석균 | D12: 13팀 | E12: 46066 | F12: 초안 기획서를 제작하였다. | G12: 전체적인 방향성을 잡는데 생각보다 오랜 시간이 걸렸으며 많은 방황을 하였다. 팀의 방향을 잡는 게 전혀 쉽지 않다는 것을 다시 한 번 느꼈다.
A13: 46066.747 | B13: cowlgud9888@gmail.com | C13: 채지형 | D13: 7팀 | E13: 46066 | F13: 캐릭터, 스테이지, 적관련 레벨, 벨런스 데이터 테이블 작성? mlua 만져보기(오류만뜨고 연동안됨) | G13: 너무 어렵습니다.
A14: 46066.747 | B14: tarrot00@gmail.com | C14: 김수환 | D14: 1팀 | E14: 46066 | F14: 아이템 드랍 시스템 기획서를 제작 및 장비, 타일 드랍과 관련한 의견을 공유하였습니다. | G14: 이제 프로젝트가 시작되어 앞으로 열심히 프로젝트를 진행해보겠습니다.
... A481: 46080.785 | B481: eogks3681@gmail.com | C481: 김재환 | D481: 8팀 | E481: 46080 | F481: 열심히 발표를 듣기만 했습니다 (왜 메모를 하지 않은 거야 바보야 상태입니다) | G481: 무사히 프로젝트가 끝나서 다행입니다 수고하셨습니다

Sheet Base
B2: 날짜 | C2: 46042
B4: 팀 | C4: 이름 | D4: 작업량 | E4: 한마디 | F4: 비고 | G4: 상태
B5: 1 | C5: 이승구 | G5: 대기
B6: 1 | C6: 김경민 | G6: 대기
B7: 1 | C7: 김수환 | G7: 대기
B8: 1 | C8: 박영성 | G8: 대기
B9: 1 | C9: 유해찬 | G9: 대기
B10: 1 | C10: 한의호 | G10: 대기
B11: 2 | C11: 김범진 | G11: 대기
B12: 2 | C12: 박현수 | G12: 대기
B13: 2 | C13: 이균호 | G13: 대기
B14: 2 | C14: 이석훈 | G14: 대기
B15: 2 | C15: 손호진 | G15: 대기
B16: 2 | C16: 정재용 | G16: 대기
... B82: 14 | C82: 홍태광 | G82: 대기

Sheet 종합
B2: 데일리 체크인 종합 시트
B4: - 데일리 체크인 작성이 결국 개인 성실성과 과정 신뢰도, 과정 운영의 지시를 따르는 지표가 될 것으로 보입니다. - 작성의 판단 기준은 당일 오후 5:00 ~ 다음날 오전 9:00 까지 작성된 데이터를 기준으로 판단합니다.
B6: 팀 | C6: 이름 | D6: 미작성 횟수 | E6: 응답 비율 | F6: 46066 | G6: 46072 | H6: 46073 | I6: 46076 | J6: 46077 | K6: 46078 | L6: 46079
B7: 1 | C7: 강유민 | D7: =COUNTIFS(F7:L7, "X", F$6:L$6, "<"&TODAY()) -> 0 | E7: =COUNTIFS(F7:L7, "O", F$6:L$6, "<"&TODAY())/COUNTIF(F$6:L$6,"<"&TODAY()) -> 1 | F7: =IF(COUNTIFS('설문지 응답 시트1'!$C:$C, $C7, '설문지 응답 시트1'!$A:$A, ">="&(F$6 + TIME(17,0,0)), '설문지 응답 시트1'!$A:$A, "<"&(F$6 + 1 + TIME(9,0,0)))>0, "O", "X") -> O | G7: =IF(COUNTIFS('설문지 응답 시트1'!$C:$C, $C7, '설문지 응답 시트1'!$A:$A, ">="&(G$6 + TIME(17,0,0)), '설문지 응답 시트1'!$A:$A, "<"&(G$6 + 1 + TIME(9,0,0)))>0, "O", "X") -> O | H7: =IF(COUNTIFS('설문지 응답 시트1'!$C:$C, $C7, '설문지 응답 시트1'!$A:$A, ">="&(H$6 + TIME(17,0,0)), '설문지 응답 시트1'!$A:$A, "<"&(H$6 + 1 + TIME(9,0,0)))>0, "O", "X") -> O | I7: =IF(COUNTIFS('설문지 응답 시트1'!$C:$C, $C7, '설문지 응답 시트1'!$A:$A, ">="&(I$6 + TIME(17,0,0)), '설문지 응답 시트1'!$A:$A, "<"&(I$6 + 1 + TIME(9,0,0)))>0, "O", "X") -> O | J7: =IF(COUNTIFS('설문지 응답 시트1'!$C:$C, $C7, '설문지 응답 시트1'!$A:$A, ">="&(J$6 + TIME(17,0,0)), '설문지 응답 시트1'!$A:$A, "<"&(J$6 + 1 + TIME(9,0,0)))>0, "O", "X") -> O | K7: =IF(COUNTIFS('설문지 응답 시트1'!$C:$C, $C7, '설문지 응답 시트1'!$A:$A, ">="&(K$6 + TIME(17,0,0)), '설문지 응답 시트1'!$A:$A, "<"&(K$6 + 1 + TIME(9,0,0)))>0, "O", "X") -> O | L7: =IF(COUNTIFS('설문지 응답 시트1'!$C:$C, $C7, '설문지 응답 시트1'!$A:$A, ">="&(L$6 + TIME(17,0,0)), '설문지 응답 시트1'!$A:$A, "<"&(L$6 + 1 + TIME(9,0,0)))>0, "O", "X") -> O
B8: 1 | C8: 이유송 | D8: =COUNTIFS(F8:L8, "X", F$6:L$6, "<"&TODAY()) -> 1 | E8: =COUNTIFS(F8:L8, "O", F$6:L$6, "<"&TODAY())/COUNTIF(F$6:L$6,"<"&TODAY()) -> 0.85714286 | F8: =IF(COUNTIFS('설문지 응답 시트1'!$C:$C, $C8, '설문지 응답 시트1'!$A:$A, ">="&(F$6 + TIME(17,0,0)), '설문지 응답 시트1'!$A:$A, "<"&(F$6 + 1 + TIME(9,0,0)))>0, "O", "X") -> O | G8: =IF(COUNTIFS('설문지 응답 시트1'!$C:$C, $C8, '설문지 응답 시트1'!$A:$A, ">="&(G$6 + TIME(17,0,0)), '설문지 응답 시트1'!$A:$A, "<"&(G$6 + 1 + TIME(9,0,0)))>0, "O", "X") -> O | H8: =IF(COUNTIFS('설문지 응답 시트1'!$C:$C, $C8, '설문지 응답 시트1'!$A:$A, ">="&(H$6 + TIME(17,0,0)), '설문지 응답 시트1'!$A:$A, "<"&(H$6 + 1 + TIME(9,0,0)))>0, "O", "X") -> O | I8: =IF(COUNTIFS('설문지 응답 시트1'!$C:$C, $C8, '설문지 응답 시트1'!$A:$A, ">="&(I$6 + TIME(17,0,0)), '설문지 응답 시트1'!$A:$A, "<"&(I$6 + 1 + TIME(9,0,0)))>0, "O", "X") -> O | J8: =IF(COUNTIFS('설문지 응답 시트1'!$C:$C, $C8, '설문지 응답 시트1'!$A:$A, ">="&(J$6 + TIME(17,0,0)), '설문지 응답 시트1'!$A:$A, "<"&(J$6 + 1 + TIME(9,0,0)))>0, "O", "X") -> X | K8: =IF(COUNTIFS('설문지 응답 시트1'!$C:$C, $C8, '설문지 응답 시트1'!$A:$A, ">="&(K$6 + TIME(17,0,0)), '설문지 응답 시트1'!$A:$A, "<"&(K$6 + 1 + TIME(9,0,0)))>0, "O", "X") -> O | L8: =IF(COUNTIFS('설문지 응답 시트1'!$C:$C, $C8, '설문지 응답 시트1'!$A:$A, ">="&(L$6 + TIME(17,0,0)), '설문지 응답 시트1'!$A:$A, "<"&(L$6 + 1 + TIME(9,0,0)))>0, "O", "X") -> O
B9: 1 | C9: 이동현 | D9: =COUNTIFS(F9:L9, "X", F$6:L$6, "<"&TODAY()) -> 1 | E9: =COUNTIFS(F9:L9, "O", F$6:L$6, "<"&TODAY())/COUNTIF(F$6:L$6,"<"&TODAY()) -> 0.85714286 | F9: =IF(COUNTIFS('설문지 응답 시트1'!$C:$C, $C9, '설문지 응답 시트1'!$A:$A, ">="&(F$6 + TIME(17,0,0)), '설문지 응답 시트1'!$A:$A, "<"&(F$6 + 1 + TIME(9,0,0)))>0, "O", "X") -> O | G9: =IF(COUNTIFS('설문지 응답 시트1'!$C:$C, $C9, '설문지 응답 시트1'!$A:$A, ">="&(G$6 + TIME(17,0,0)), '설문지 응답 시트1'!$A:$A, "<"&(G$6 + 1 + TIME(9,0,0)))>0, "O", "X") -> X | H9: =IF(COUNTIFS('설문지 응답 시트1'!$C:$C, $C9, '설문지 응답 시트1'!$A:$A, ">="&(H$6 + TIME(17,0,0)), '설문지 응답 시트1'!$A:$A, "<"&(H$6 + 1 + TIME(9,0,0)))>0, "O", "X") -> O | I9: =IF(COUNTIFS('설문지 응답 시트1'!$C:$C, $C9, '설문지 응답 시트1'!$A:$A, ">="&(I$6 + TIME(17,0,0)), '설문지 응답 시트1'!$A:$A, "<"&(I$6 + 1 + TIME(9,0,0)))>0, "O", "X") -> O | J9: =IF(COUNTIFS('설문지 응답 시트1'!$C:$C, $C9, '설문지 응답 시트1'!$A:$A, ">="&(J$6 + TIME(17,0,0)), '설문지 응답 시트1'!$A:$A, "<"&(J$6 + 1 + TIME(9,0,0)))>0, "O", "X") -> O | K9: =IF(COUNTIFS('설문지 응답 시트1'!$C:$C, $C9, '설문지 응답 시트1'!$A:$A, ">="&(K$6 + TIME(17,0,0)), '설문지 응답 시트1'!$A:$A, "<"&(K$6 + 1 + TIME(9,0,0)))>0, "O", "X") -> O | L9: =IF(COUNTIFS('설문지 응답 시트1'!$C:$C, $C9, '설문지 응답 시트1'!$A:$A, ">="&(L$6 + TIME(17,0,0)), '설문지 응답 시트1'!$A:$A, "<"&(L$6 + 1 + TIME(9,0,0)))>0, "O", "X") -> O
B10: 1 | C10: 정우경 | D10: =COUNTIFS(F10:L10, "X", F$6:L$6, "<"&TODAY()) -> 2 | E10: =COUNTIFS(F10:L10, "O", F$6:L$6, "<"&TODAY())/COUNTIF(F$6:L$6,"<"&TODAY()) -> 0.71428571 | F10: =IF(COUNTIFS('설문지 응답 시트1'!$C:$C, $C10, '설문지 응답 시트1'!$A:$A, ">="&(F$6 + TIME(17,0,0)), '설문지 응답 시트1'!$A:$A, "<"&(F$6 + 1 + TIME(9,0,0)))>0, "O", "X") -> O | G10: =IF(COUNTIFS('설문지 응답 시트1'!$C:$C, $C10, '설문지 응답 시트1'!$A:$A, ">="&(G$6 + TIME(17,0,0)), '설문지 응답 시트1'!$A:$A, "<"&(G$6 + 1 + TIME(9,0,0)))>0, "O", "X") -> O | H10: =IF(COUNTIFS('설문지 응답 시트1'!$C:$C, $C10, '설문지 응답 시트1'!$A:$A, ">="&(H$6 + TIME(17,0,0)), '설문지 응답 시트1'!$A:$A, "<"&(H$6 + 1 + TIME(9,0,0)))>0, "O", "X") -> O | I10: =IF(COUNTIFS('설문지 응답 시트1'!$C:$C, $C10, '설문지 응답 시트1'!$A:$A, ">="&(I$6 + TIME(17,0,0)), '설문지 응답 시트1'!$A:$A, "<"&(I$6 + 1 + TIME(9,0,0)))>0, "O", "X") -> X | J10: =IF(COUNTIFS('설문지 응답 시트1'!$C:$C, $C10, '설문지 응답 시트1'!$A:$A, ">="&(J$6 + TIME(17,0,0)), '설문지 응답 시트1'!$A:$A, "<"&(J$6 + 1 + TIME(9,0,0)))>0, "O", "X") -> O | K10: =IF(COUNTIFS('설문지 응답 시트1'!$C:$C, $C10, '설문지 응답 시트1'!$A:$A, ">="&(K$6 + TIME(17,0,0)), '설문지 응답 시트1'!$A:$A, "<"&(K$6 + 1 + TIME(9,0,0)))>0, "O", "X") -> O | L10: =IF(COUNTIFS('설문지 응답 시트1'!$C:$C, $C10, '설문지 응답 시트1'!$A:$A, ">="&(L$6 + TIME(17,0,0)), '설문지 응답 시트1'!$A:$A, "<"&(L$6 + 1 + TIME(9,0,0)))>0, "O", "X") -> X
B11: 1 | C11: 김현우A | D11: =COUNTIFS(F11:L11, "X", F$6:L$6, "<"&TODAY()) -> 7 | E11: =COUNTIFS(F11:L11, "O", F$6:L$6, "<"&TODAY())/COUNTIF(F$6:L$6,"<"&TODAY()) -> 0 | F11: =IF(COUNTIFS('설문지 응답 시트1'!$C:$C, $C11, '설문지 응답 시트1'!$A:$A, ">="&(F$6 + TIME(17,0,0)), '설문지 응답 시트1'!$A:$A, "<"&(F$6 + 1 + TIME(9,0,0)))>0, "O", "X") -> X | G11: =IF(COUNTIFS('설문지 응답 시트1'!$C:$C, $C11, '설문지 응답 시트1'!$A:$A, ">="&(G$6 + TIME(17,0,0)), '설문지 응답 시트1'!$A:$A, "<"&(G$6 + 1 + TIME(9,0,0)))>0, "O", "X") -> X | H11: =IF(COUNTIFS('설문지 응답 시트1'!$C:$C, $C11, '설문지 응답 시트1'!$A:$A, ">="&(H$6 + TIME(17,0,0)), '설문지 응답 시트1'!$A:$A, "<"&(H$6 + 1 + TIME(9,0,0)))>0, "O", "X") -> X | I11: =IF(COUNTIFS('설문지 응답 시트1'!$C:$C, $C11, '설문지 응답 시트1'!$A:$A, ">="&(I$6 + TIME(17,0,0)), '설문지 응답 시트1'!$A:$A, "<"&(I$6 + 1 + TIME(9,0,0)))>0, "O", "X") -> X | J11: =IF(COUNTIFS('설문지 응답 시트1'!$C:$C, $C11, '설문지 응답 시트1'!$A:$A, ">="&(J$6 + TIME(17,0,0)), '설문지 응답 시트1'!$A:$A, "<"&(J$6 + 1 + TIME(9,0,0)))>0, "O", "X") -> X | K11: =IF(COUNTIFS('설문지 응답 시트1'!$C:$C, $C11, '설문지 응답 시트1'!$A:$A, ">="&(K$6 + TIME(17,0,0)), '설문지 응답 시트1'!$A:$A, "<"&(K$6 + 1 + TIME(9,0,0)))>0, "O", "X") -> X | L11: =IF(COUNTIFS('설문지 응답 시트1'!$C:$C, $C11, '설문지 응답 시트1'!$A:$A, ">="&(L$6 + TIME(17,0,0)), '설문지 응답 시트1'!$A:$A, "<"&(L$6 + 1 + TIME(9,0,0)))>0, "O", "X") -> X
B12: 1 | C12: 정석현 | D12: =COUNTIFS(F12:L12, "X", F$6:L$6, "<"&TODAY()) -> 1 | E12: =COUNTIFS(F12:L12, "O", F$6:L$6, "<"&TODAY())/COUNTIF(F$6:L$6,"<"&TODAY()) -> 0.85714286 | F12: =IF(COUNTIFS('설문지 응답 시트1'!$C:$C, $C12, '설문지 응답 시트1'!$A:$A, ">="&(F$6 + TIME(17,0,0)), '설문지 응답 시트1'!$A:$A, "<"&(F$6 + 1 + TIME(9,0,0)))>0, "O", "X") -> O | G12: =IF(COUNTIFS('설문지 응답 시트1'!$C:$C, $C12, '설문지 응답 시트1'!$A:$A, ">="&(G$6 + TIME(17,0,0)), '설문지 응답 시트1'!$A:$A, "<"&(G$6 + 1 + TIME(9,0,0)))>0, "O", "X") -> X | H12: =IF(COUNTIFS('설문지 응답 시트1'!$C:$C, $C12, '설문지 응답 시트1'!$A:$A, ">="&(H$6 + TIME(17,0,0)), '설문지 응답 시트1'!$A:$A, "<"&(H$6 + 1 + TIME(9,0,0)))>0, "O", "X") -> O | I12: =IF(COUNTIFS('설문지 응답 시트1'!$C:$C, $C12, '설문지 응답 시트1'!$A:$A, ">="&(I$6 + TIME(17,0,0)), '설문지 응답 시트1'!$A:$A, "<"&(I$6 + 1 + TIME(9,0,0)))>0, "O", "X") -> O | J12: =IF(COUNTIFS('설문지 응답 시트1'!$C:$C, $C12, '설문지 응답 시트1'!$A:$A, ">="&(J$6 + TIME(17,0,0)), '설문지 응답 시트1'!$A:$A, "<"&(J$6 + 1 + TIME(9,0,0)))>0, "O", "X") -> O | K12: =IF(COUNTIFS('설문지 응답 시트1'!$C:$C, $C12, '설문지 응답 시트1'!$A:$A, ">="&(K$6 + TIME(17,0,0)), '설문지 응답 시트1'!$A:$A, "<"&(K$6 + 1 + TIME(9,0,0)))>0, "O", "X") -> O | L12: =IF(COUNTIFS('설문지 응답 시트1'!$C:$C, $C12, '설문지 응답 시트1'!$A:$A, ">="&(L$6 + TIME(17,0,0)), '설문지 응답 시트1'!$A:$A, "<"&(L$6 + 1 + TIME(9,0,0)))>0, "O", "X") -> O
B13: 1 | C13: 임소영 | D13: =COUNTIFS(F13:L13, "X", F$6:L$6, "<"&TODAY()) -> 4 | E13: =COUNTIFS(F13:L13, "O", F$6:L$6, "<"&TODAY())/COUNTIF(F$6:L$6,"<"&TODAY()) -> 0.42857143 | F13: =IF(COUNTIFS('설문지 응답 시트1'!$C:$C, $C13, '설문지 응답 시트1'!$A:$A, ">="&(F$6 + TIME(17,0,0)), '설문지 응답 시트1'!$A:$A, "<"&(F$6 + 1 + TIME(9,0,0)))>0, "O", "X") -> X | G13: =IF(COUNTIFS('설문지 응답 시트1'!$C:$C, $C13, '설문지 응답 시트1'!$A:$A, ">="&(G$6 + TIME(17,0,0)), '설문지 응답 시트1'!$A:$A, "<"&(G$6 + 1 + TIME(9,0,0)))>0, "O", "X") -> X | H13: =IF(COUNTIFS('설문지 응답 시트1'!$C:$C, $C13, '설문지 응답 시트1'!$A:$A, ">="&(H$6 + TIME(17,0,0)), '설문지 응답 시트1'!$A:$A, "<"&(H$6 + 1 + TIME(9,0,0)))>0, "O", "X") -> X | I13: =IF(COUNTIFS('설문지 응답 시트1'!$C:$C, $C13, '설문지 응답 시트1'!$A:$A, ">="&(I$6 + TIME(17,0,0)), '설문지 응답 시트1'!$A:$A, "<"&(I$6 + 1 + TIME(9,0,0)))>0, "O", "X") -> O | J13: =IF(COUNTIFS('설문지 응답 시트1'!$C:$C, $C13, '설문지 응답 시트1'!$A:$A, ">="&(J$6 + TIME(17,0,0)), '설문지 응답 시트1'!$A:$A, "<"&(J$6 + 1 + TIME(9,0,0)))>0, "O", "X") -> X | K13: =IF(COUNTIFS('설문지 응답 시트1'!$C:$C, $C13, '설문지 응답 시트1'!$A:$A, ">="&(K$6 + TIME(17,0,0)), '설문지 응답 시트1'!$A:$A, "<"&(K$6 + 1 + TIME(9,0,0)))>0, "O", "X") -> O | L13: =IF(COUNTIFS('설문지 응답 시트1'!$C:$C, $C13, '설문지 응답 시트1'!$A:$A, ">="&(L$6 + TIME(17,0,0)), '설문지 응답 시트1'!$A:$A, "<"&(L$6 + 1 + TIME(9,0,0)))>0, "O", "X") -> O
B14: 1 | C14: 박현수 | D14: =COUNTIFS(F14:L14, "X", F$6:L$6, "<"&TODAY()) -> 2 | E14: =COUNTIFS(F14:L14, "O", F$6:L$6, "<"&TODAY())/COUNTIF(F$6:L$6,"<"&TODAY()) -> 0.71428571 | F14: =IF(COUNTIFS('설문지 응답 시트1'!$C:$C, $C14, '설문지 응답 시트1'!$A:$A, ">="&(F$6 + TIME(17,0,0)), '설문지 응답 시트1'!$A:$A, "<"&(F$6 + 1 + TIME(9,0,0)))>0, "O", "X") -> X | G14: =IF(COUNTIFS('설문지 응답 시트1'!$C:$C, $C14, '설문지 응답 시트1'!$A:$A, ">="&(G$6 + TIME(17,0,0)), '설문지 응답 시트1'!$A:$A, "<"&(G$6 + 1 + TIME(9,0,0)))>0, "O", "X") -> O | H14: =IF(COUNTIFS('설문지 응답 시트1'!$C:$C, $C14, '설문지 응답 시트1'!$A:$A, ">="&(H$6 + TIME(17,0,0)), '설문지 응답 시트1'!$A:$A, "<"&(H$6 + 1 + TIME(9,0,0)))>0, "O", "X") -> O | I14: =IF(COUNTIFS('설문지 응답 시트1'!$C:$C, $C14, '설문지 응답 시트1'!$A:$A, ">="&(I$6 + TIME(17,0,0)), '설문지 응답 시트1'!$A:$A, "<"&(I$6 + 1 + TIME(9,0,0)))>0, "O", "X") -> O | J14: =IF(COUNTIFS('설문지 응답 시트1'!$C:$C, $C14, '설문지 응답 시트1'!$A:$A, ">="&(J$6 + TIME(17,0,0)), '설문지 응답 시트1'!$A:$A, "<"&(J$6 + 1 + TIME(9,0,0)))>0, "O", "X") -> O | K14: =IF(COUNTIFS('설문지 응답 시트1'!$C:$C, $C14, '설문지 응답 시트1'!$A:$A, ">="&(K$6 + TIME(17,0,0)), '설문지 응답 시트1'!$A:$A, "<"&(K$6 + 1 + TIME(9,0,0)))>0, "O", "X") -> O | L14: =IF(COUNTIFS('설문지 응답 시트1'!$C:$C, $C14, '설문지 응답 시트1'!$A:$A, ">="&(L$6 + TIME(17,0,0)), '설문지 응답 시트1'!$A:$A, "<"&(L$6 + 1 + TIME(9,0,0)))>0, "O", "X") -> X
B15: 2 | C15: 김서현 | D15: =COUNTIFS(F15:L15, "X", F$6:L$6, "<"&TODAY()) -> 0 | E15: =COUNTIFS(F15:L15, "O", F$6:L$6, "<"&TODAY())/COUNTIF(F$6:L$6,"<"&TODAY()) -> 1 | F15: =IF(COUNTIFS('설문지 응답 시트1'!$C:$C, $C15, '설문지 응답 시트1'!$A:$A, ">="&(F$6 + TIME(17,0,0)), '설문지 응답 시트1'!$A:$A, "<"&(F$6 + 1 + TIME(9,0,0)))>0, "O", "X") -> O | G15: =IF(COUNTIFS('설문지 응답 시트1'!$C:$C, $C15, '설문지 응답 시트1'!$A:$A, ">="&(G$6 + TIME(17,0,0)), '설문지 응답 시트1'!$A:$A, "<"&(G$6 + 1 + TIME(9,0,0)))>0, "O", "X") -> O | H15: =IF(COUNTIFS('설문지 응답 시트1'!$C:$C, $C15, '설문지 응답 시트1'!$A:$A, ">="&(H$6 + TIME(17,0,0)), '설문지 응답 시트1'!$A:$A, "<"&(H$6 + 1 + TIME(9,0,0)))>0, "O", "X") -> O | I15: =IF(COUNTIFS('설문지 응답 시트1'!$C:$C, $C15, '설문지 응답 시트1'!$A:$A, ">="&(I$6 + TIME(17,0,0)), '설문지 응답 시트1'!$A:$A, "<"&(I$6 + 1 + TIME(9,0,0)))>0, "O", "X") -> O | J15: =IF(COUNTIFS('설문지 응답 시트1'!$C:$C, $C15, '설문지 응답 시트1'!$A:$A, ">="&(J$6 + TIME(17,0,0)), '설문지 응답 시트1'!$A:$A, "<"&(J$6 + 1 + TIME(9,0,0)))>0, "O", "X") -> O | K15: =IF(COUNTIFS('설문지 응답 시트1'!$C:$C, $C15, '설문지 응답 시트1'!$A:$A, ">="&(K$6 + TIME(17,0,0)), '설문지 응답 시트1'!$A:$A, "<"&(K$6 + 1 + TIME(9,0,0)))>0, "O", "X") -> O | L15: =IF(COUNTIFS('설문지 응답 시트1'!$C:$C, $C15, '설문지 응답 시트1'!$A:$A, ">="&(L$6 + TIME(17,0,0)), '설문지 응답 시트1'!$A:$A, "<"&(L$6 + 1 + TIME(9,0,0)))>0, "O", "X") -> O
B16: 2 | C16: 김태환 | D16: =COUNTIFS(F16:L16, "X", F$6:L$6, "<"&TODAY()) -> 1 | E16: =COUNTIFS(F16:L16, "O", F$6:L$6, "<"&TODAY())/COUNTIF(F$6:L$6,"<"&TODAY()) -> 0.85714286 | F16: =IF(COUNTIFS('설문지 응답 시트1'!$C:$C, $C16, '설문지 응답 시트1'!$A:$A, ">="&(F$6 + TIME(17,0,0)), '설문지 응답 시트1'!$A:$A, "<"&(F$6 + 1 + TIME(9,0,0)))>0, "O", "X") -> X | G16: =IF(COUNTIFS('설문지 응답 시트1'!$C:$C, $C16, '설문지 응답 시트1'!$A:$A, ">="&(G$6 + TIME(17,0,0)), '설문지 응답 시트1'!$A:$A, "<"&(G$6 + 1 + TIME(9,0,0)))>0, "O", "X") -> O | H16: =IF(COUNTIFS('설문지 응답 시트1'!$C:$C, $C16, '설문지 응답 시트1'!$A:$A, ">="&(H$6 + TIME(17,0,0)), '설문지 응답 시트1'!$A:$A, "<"&(H$6 + 1 + TIME(9,0,0)))>0, "O", "X") -> O | I16: =IF(COUNTIFS('설문지 응답 시트1'!$C:$C, $C16, '설문지 응답 시트1'!$A:$A, ">="&(I$6 + TIME(17,0,0)), '설문지 응답 시트1'!$A:$A, "<"&(I$6 + 1 + TIME(9,0,0)))>0, "O", "X") -> O | J16: =IF(COUNTIFS('설문지 응답 시트1'!$C:$C, $C16, '설문지 응답 시트1'!$A:$A, ">="&(J$6 + TIME(17,0,0)), '설문지 응답 시트1'!$A:$A, "<"&(J$6 + 1 + TIME(9,0,0)))>0, "O", "X") -> O | K16: =IF(COUNTIFS('설문지 응답 시트1'!$C:$C, $C16, '설문지 응답 시트1'!$A:$A, ">="&(K$6 + TIME(17,0,0)), '설문지 응답 시트1'!$A:$A, "<"&(K$6 + 1 + TIME(9,0,0)))>0, "O", "X") -> O | L16: =IF(COUNTIFS('설문지 응답 시트1'!$C:$C, $C16, '설문지 응답 시트1'!$A:$A, ">="&(L$6 + TIME(17,0,0)), '설문지 응답 시트1'!$A:$A, "<"&(L$6 + 1 + TIME(9,0,0)))>0, "O", "X") -> O
B17: 2 | C17: 장윤우 | D17: =COUNTIFS(F17:L17, "X", F$6:L$6, "<"&TODAY()) -> 0 | E17: =COUNTIFS(F17:L17, "O", F$6:L$6, "<"&TODAY())/COUNTIF(F$6:L$6,"<"&TODAY()) -> 1 | F17: =IF(COUNTIFS('설문지 응답 시트1'!$C:$C, $C17, '설문지 응답 시트1'!$A:$A, ">="&(F$6 + TIME(17,0,0)), '설문지 응답 시트1'!$A:$A, "<"&(F$6 + 1 + TIME(9,0,0)))>0, "O", "X") -> O | G17: =IF(COUNTIFS('설문지 응답 시트1'!$C:$C, $C17, '설문지 응답 시트1'!$A:$A, ">="&(G$6 + TIME(17,0,0)), '설문지 응답 시트1'!$A:$A, "<"&(G$6 + 1 + TIME(9,0,0)))>0, "O", "X") -> O | H17: =IF(COUNTIFS('설문지 응답 시트1'!$C:$C, $C17, '설문지 응답 시트1'!$A:$A, ">="&(H$6 + TIME(17,0,0)), '설문지 응답 시트1'!$A:$A, "<"&(H$6 + 1 + TIME(9,0,0)))>0, "O", "X") -> O | I17: =IF(COUNTIFS('설문지 응답 시트1'!$C:$C, $C17, '설문지 응답 시트1'!$A:$A, ">="&(I$6 + TIME(17,0,0)), '설문지 응답 시트1'!$A:$A, "<"&(I$6 + 1 + TIME(9,0,0)))>0, "O", "X") -> O | J17: =IF(COUNTIFS('설문지 응답 시트1'!$C:$C, $C17, '설문지 응답 시트1'!$A:$A, ">="&(J$6 + TIME(17,0,0)), '설문지 응답 시트1'!$A:$A, "<"&(J$6 + 1 + TIME(9,0,0)))>0, "O", "X") -> O | K17: =IF(COUNTIFS('설문지 응답 시트1'!$C:$C, $C17, '설문지 응답 시트1'!$A:$A, ">="&(K$6 + TIME(17,0,0)), '설문지 응답 시트1'!$A:$A, "<"&(K$6 + 1 + TIME(9,0,0)))>0, "O", "X") -> O | L17: =IF(COUNTIFS('설문지 응답 시트1'!$C:$C, $C17, '설문지 응답 시트1'!$A:$A, ">="&(L$6 + TIME(17,0,0)), '설문지 응답 시트1'!$A:$A, "<"&(L$6 + 1 + TIME(9,0,0)))>0, "O", "X") -> O
B18: 2 | C18: 유해찬 | D18: =COUNTIFS(F18:L18, "X", F$6:L$6, "<"&TODAY()) -> 1 | E18: =COUNTIFS(F18:L18, "O", F$6:L$6, "<"&TODAY())/COUNTIF(F$6:L$6,"<"&TODAY()) -> 0.85714286 | F18: =IF(COUNTIFS('설문지 응답 시트1'!$C:$C, $C18, '설문지 응답 시트1'!$A:$A, ">="&(F$6 + TIME(17,0,0)), '설문지 응답 시트1'!$A:$A, "<"&(F$6 + 1 + TIME(9,0,0)))>0, "O", "X") -> O | G18: =IF(COUNTIFS('설문지 응답 시트1'!$C:$C, $C18, '설문지 응답 시트1'!$A:$A, ">="&(G$6 + TIME(17,0,0)), '설문지 응답 시트1'!$A:$A, "<"&(G$6 + 1 + TIME(9,0,0)))>0, "O", "X") -> O | H18: =IF(COUNTIFS('설문지 응답 시트1'!$C:$C, $C18, '설문지 응답 시트1'!$A:$A, ">="&(H$6 + TIME(17,0,0)), '설문지 응답 시트1'!$A:$A, "<"&(H$6 + 1 + TIME(9,0,0)))>0, "O", "X") -> O | I18: =IF(COUNTIFS('설문지 응답 시트1'!$C:$C, $C18, '설문지 응답 시트1'!$A:$A, ">="&(I$6 + TIME(17,0,0)), '설문지 응답 시트1'!$A:$A, "<"&(I$6 + 1 + TIME(9,0,0)))>0, "O", "X") -> X | J18: =IF(COUNTIFS('설문지 응답 시트1'!$C:$C, $C18, '설문지 응답 시트1'!$A:$A, ">="&(J$6 + TIME(17,0,0)), '설문지 응답 시트1'!$A:$A, "<"&(J$6 + 1 + TIME(9,0,0)))>0, "O", "X") -> O | K18: =IF(COUNTIFS('설문지 응답 시트1'!$C:$C, $C18, '설문지 응답 시트1'!$A:$A, ">="&(K$6 + TIME(17,0,0)), '설문지 응답 시트1'!$A:$A, "<"&(K$6 + 1 + TIME(9,0,0)))>0, "O", "X") -> O | L18: =IF(COUNTIFS('설문지 응답 시트1'!$C:$C, $C18, '설문지 응답 시트1'!$A:$A, ">="&(L$6 + TIME(17,0,0)), '설문지 응답 시트1'!$A:$A, "<"&(L$6 + 1 + TIME(9,0,0)))>0, "O", "X") -> O
... B80: 10 | C80: 정재용 | D80: =COUNTIFS(F80:L80, "X", F$6:L$6, "<"&TODAY()) -> 0 | E80: =COUNTIFS(F80:L80, "O", F$6:L$6, "<"&TODAY())/COUNTIF(F$6:L$6,"<"&TODAY()) -> 1 | F80: =IF(COUNTIFS('설문지 응답 시트1'!$C:$C, $C80, '설문지 응답 시트1'!$A:$A, ">="&(F$6 + TIME(17,0,0)), '설문지 응답 시트1'!$A:$A, "<"&(F$6 + 1 + TIME(9,0,0)))>0, "O", "X") -> O | G80: =IF(COUNTIFS('설문지 응답 시트1'!$C:$C, $C80, '설문지 응답 시트1'!$A:$A, ">="&(G$6 + TIME(17,0,0)), '설문지 응답 시트1'!$A:$A, "<"&(G$6 + 1 + TIME(9,0,0)))>0, "O", "X") -> O | H80: =IF(COUNTIFS('설문지 응답 시트1'!$C:$C, $C80, '설문지 응답 시트1'!$A:$A, ">="&(H$6 + TIME(17,0,0)), '설문지 응답 시트1'!$A:$A, "<"&(H$6 + 1 + TIME(9,0,0)))>0, "O", "X") -> O | I80: =IF(COUNTIFS('설문지 응답 시트1'!$C:$C, $C80, '설문지 응답 시트1'!$A:$A, ">="&(I$6 + TIME(17,0,0)), '설문지 응답 시트1'!$A:$A, "<"&(I$6 + 1 + TIME(9,0,0)))>0, "O", "X") -> O | J80: =IF(COUNTIFS('설문지 응답 시트1'!$C:$C, $C80, '설문지 응답 시트1'!$A:$A, ">="&(J$6 + TIME(17,0,0)), '설문지 응답 시트1'!$A:$A, "<"&(J$6 + 1 + TIME(9,0,0)))>0, "O", "X") -> O | K80: =IF(COUNTIFS('설문지 응답 시트1'!$C:$C, $C80, '설문지 응답 시트1'!$A:$A, ">="&(K$6 + TIME(17,0,0)), '설문지 응답 시트1'!$A:$A, "<"&(K$6 + 1 + TIME(9,0,0)))>0, "O", "X") -> O | L80: =IF(COUNTIFS('설문지 응답 시트1'!$C:$C, $C80, '설문지 응답 시트1'!$A:$A, ">="&(L$6 + TIME(17,0,0)), '설문지 응답 시트1'!$A:$A, "<"&(L$6 + 1 + TIME(9,0,0)))>0, "O", "X") -> O
B81: 개인 | C81: 김지훈 | D81: =COUNTIFS(F81:L81, "X", F$6:L$6, "<"&TODAY()) -> 3 | E81: =COUNTIFS(F81:L81, "O", F$6:L$6, "<"&TODAY())/COUNTIF(F$6:L$6,"<"&TODAY()) -> 0.57142857 | F81: =IF(COUNTIFS('설문지 응답 시트1'!$C:$C, $C81, '설문지 응답 시트1'!$A:$A, ">="&(F$6 + TIME(17,0,0)), '설문지 응답 시트1'!$A:$A, "<"&(F$6 + 1 + TIME(9,0,0)))>0, "O", "X") -> O | G81: =IF(COUNTIFS('설문지 응답 시트1'!$C:$C, $C81, '설문지 응답 시트1'!$A:$A, ">="&(G$6 + TIME(17,0,0)), '설문지 응답 시트1'!$A:$A, "<"&(G$6 + 1 + TIME(9,0,0)))>0, "O", "X") -> X | H81: =IF(COUNTIFS('설문지 응답 시트1'!$C:$C, $C81, '설문지 응답 시트1'!$A:$A, ">="&(H$6 + TIME(17,0,0)), '설문지 응답 시트1'!$A:$A, "<"&(H$6 + 1 + TIME(9,0,0)))>0, "O", "X") -> O | I81: =IF(COUNTIFS('설문지 응답 시트1'!$C:$C, $C81, '설문지 응답 시트1'!$A:$A, ">="&(I$6 + TIME(17,0,0)), '설문지 응답 시트1'!$A:$A, "<"&(I$6 + 1 + TIME(9,0,0)))>0, "O", "X") -> O | J81: =IF(COUNTIFS('설문지 응답 시트1'!$C:$C, $C81, '설문지 응답 시트1'!$A:$A, ">="&(J$6 + TIME(17,0,0)), '설문지 응답 시트1'!$A:$A, "<"&(J$6 + 1 + TIME(9,0,0)))>0, "O", "X") -> O | K81: =IF(COUNTIFS('설문지 응답 시트1'!$C:$C, $C81, '설문지 응답 시트1'!$A:$A, ">="&(K$6 + TIME(17,0,0)), '설문지 응답 시트1'!$A:$A, "<"&(K$6 + 1 + TIME(9,0,0)))>0, "O", "X") -> X | L81: =IF(COUNTIFS('설문지 응답 시트1'!$C:$C, $C81, '설문지 응답 시트1'!$A:$A, ">="&(L$6 + TIME(17,0,0)), '설문지 응답 시트1'!$A:$A, "<"&(L$6 + 1 + TIME(9,0,0)))>0, "O", "X") -> X
B82: 개인 | C82: 이석훈 | D82: =COUNTIFS(F82:L82, "X", F$6:L$6, "<"&TODAY()) -> 6 | E82: =COUNTIFS(F82:L82, "O", F$6:L$6, "<"&TODAY())/COUNTIF(F$6:L$6,"<"&TODAY()) -> 0.14285714 | F82: =IF(COUNTIFS('설문지 응답 시트1'!$C:$C, $C82, '설문지 응답 시트1'!$A:$A, ">="&(F$6 + TIME(17,0,0)), '설문지 응답 시트1'!$A:$A, "<"&(F$6 + 1 + TIME(9,0,0)))>0, "O", "X") -> O | G82: =IF(COUNTIFS('설문지 응답 시트1'!$C:$C, $C82, '설문지 응답 시트1'!$A:$A, ">="&(G$6 + TIME(17,0,0)), '설문지 응답 시트1'!$A:$A, "<"&(G$6 + 1 + TIME(9,0,0)))>0, "O", "X") -> X | H82: =IF(COUNTIFS('설문지 응답 시트1'!$C:$C, $C82, '설문지 응답 시트1'!$A:$A, ">="&(H$6 + TIME(17,0,0)), '설문지 응답 시트1'!$A:$A, "<"&(H$6 + 1 + TIME(9,0,0)))>0, "O", "X") -> X | I82: =IF(COUNTIFS('설문지 응답 시트1'!$C:$C, $C82, '설문지 응답 시트1'!$A:$A, ">="&(I$6 + TIME(17,0,0)), '설문지 응답 시트1'!$A:$A, "<"&(I$6 + 1 + TIME(9,0,0)))>0, "O", "X") -> X | J82: =IF(COUNTIFS('설문지 응답 시트1'!$C:$C, $C82, '설문지 응답 시트1'!$A:$A, ">="&(J$6 + TIME(17,0,0)), '설문지 응답 시트1'!$A:$A, "<"&(J$6 + 1 + TIME(9,0,0)))>0, "O", "X") -> X | K82: =IF(COUNTIFS('설문지 응답 시트1'!$C:$C, $C82, '설문지 응답 시트1'!$A:$A, ">="&(K$6 + TIME(17,0,0)), '설문지 응답 시트1'!$A:$A, "<"&(K$6 + 1 + TIME(9,0,0)))>0, "O", "X") -> X | L82: =IF(COUNTIFS('설문지 응답 시트1'!$C:$C, $C82, '설문지 응답 시트1'!$A:$A, ">="&(L$6 + TIME(17,0,0)), '설문지 응답 시트1'!$A:$A, "<"&(L$6 + 1 + TIME(9,0,0)))>0, "O", "X") -> X
B83: 개인 | C83: 조현일 | D83: =COUNTIFS(F83:L83, "X", F$6:L$6, "<"&TODAY()) -> 4 | E83: =COUNTIFS(F83:L83, "O", F$6:L$6, "<"&TODAY())/COUNTIF(F$6:L$6,"<"&TODAY()) -> 0.42857143 | F83: =IF(COUNTIFS('설문지 응답 시트1'!$C:$C, $C83, '설문지 응답 시트1'!$A:$A, ">="&(F$6 + TIME(17,0,0)), '설문지 응답 시트1'!$A:$A, "<"&(F$6 + 1 + TIME(9,0,0)))>0, "O", "X") -> O | G83: =IF(COUNTIFS('설문지 응답 시트1'!$C:$C, $C83, '설문지 응답 시트1'!$A:$A, ">="&(G$6 + TIME(17,0,0)), '설문지 응답 시트1'!$A:$A, "<"&(G$6 + 1 + TIME(9,0,0)))>0, "O", "X") -> O | H83: =IF(COUNTIFS('설문지 응답 시트1'!$C:$C, $C83, '설문지 응답 시트1'!$A:$A, ">="&(H$6 + TIME(17,0,0)), '설문지 응답 시트1'!$A:$A, "<"&(H$6 + 1 + TIME(9,0,0)))>0, "O", "X") -> O | I83: =IF(COUNTIFS('설문지 응답 시트1'!$C:$C, $C83, '설문지 응답 시트1'!$A:$A, ">="&(I$6 + TIME(17,0,0)), '설문지 응답 시트1'!$A:$A, "<"&(I$6 + 1 + TIME(9,0,0)))>0, "O", "X") -> X | J83: =IF(COUNTIFS('설문지 응답 시트1'!$C:$C, $C83, '설문지 응답 시트1'!$A:$A, ">="&(J$6 + TIME(17,0,0)), '설문지 응답 시트1'!$A:$A, "<"&(J$6 + 1 + TIME(9,0,0)))>0, "O", "X") -> X | K83: =IF(COUNTIFS('설문지 응답 시트1'!$C:$C, $C83, '설문지 응답 시트1'!$A:$A, ">="&(K$6 + TIME(17,0,0)), '설문지 응답 시트1'!$A:$A, "<"&(K$6 + 1 + TIME(9,0,0)))>0, "O", "X") -> X | L83: =IF(COUNTIFS('설문지 응답 시트1'!$C:$C, $C83, '설문지 응답 시트1'!$A:$A, ">="&(L$6 + TIME(17,0,0)), '설문지 응답 시트1'!$A:$A, "<"&(L$6 + 1 + TIME(9,0,0)))>0, "O", "X") -> X

Sheet Date
A1: 46066
A2: 46072
A3: 46073
A4: 46076
A5: 46077
A6: 46078
A7: 46079
A8: 46080

Sheet 시트4

Sheet 213
B2: 날짜 | C2: 46066
B4: 팀 | C4: 이름 | D4: 작업량 | E4: 한마디 | F4: 비고 | G4: 상태
B5: 1 | C5: 이승구 | D5: WBS 업데이트 간트차트 업데이트 번다운 그래프 업데이트 기획서 역할 및 범위 논의 오전 작업 회의 진행(09:30 ~ 10:30) 구현 범위 공유 구현 범위 축소 및 확장 논의 R&R 진행 업무 프로세스 정하기 점심 산출물 개인 미팅 진행 산출물 확인 후 유관 기획 파트와 의견 조율 오후 프로젝트 진행 현황 공유 및 이슈 정리 *숙제 밸런스 관련 계획 세우기 개발 이슈 논의 ㄴ 타일이 합쳐지는 구현 불가능성 제시 ㄴ 대안으로 이미지는 변하지 않더라도 데이터로 효과는 구현 가능함 인지 | E5: 우리팀 짱! 개발자는 신이다. 어려웠던 점 기획 시 선행 기획되어야 하는 부분이 있어야 하는 이슈가 있었고, 해당 문제를 해결하기 위해서는 기획파트를 나누는 행위에서부터 고민되어야 함을 인지함, 현재 상황에서 되돌리기? 불가능, 진행 하되 기획자가 모래주머니를 찬 것 같음 | G5: 대기
B6: 1 | C6: 김경민 | D6: 맵, 타일 시스템 설계 초안 작성 | E6: 개발이 가능한 정도의 구체적인 시스템 기획이 낯설어 힘듦 | G6: 대기
B7: 1 | C7: 김수환 | D7: 아이템 드랍 시스템 기획서를 제작 및 장비, 타일 드랍과 관련한 의견을 공유하였습니다. | E7: 이제 프로젝트가 시작되어 앞으로 열심히 프로젝트를 진행해보겠습니다. | G7: 대기
B8: 1 | C8: 박영성 | D8: 전투 시스템의 기획 - 기획서 0.0.1. 컨펌 완료 - 컨펌 결과 : - 전투 시작 조건은 기획서 3안 우선 추진 - 단, 제약 상황에 타협 시 2안 추진 - 배치는 적의 배치 위치 3x3 칸 구성 - 배치 로직은 아이디어는 보존 하되 일단은 난수 배치 - 공격 우선 순위는 우선은 1 2 3열 순서, 각 열 내에선 상단 우선 - 공격 방식은 캐릭터 및 각 적에게 공격 요구 칸 수가 표시되고, 해당 칸이 다 차면 공격이 나가는 식 - 이때, 공격 받으면 공격 횟수만큼 칸이 하나 더 참 - 칸 하나가 차는데 걸리는 시간은 임시로 0.5초로 가정 | E8: 시나리오와 리소스에만 집중하던 지난 프로젝트와 다르게 다방면으로 유기적인 기획을 기획서를 쓰며 상호 소통하는 과정이 어려우면서도 중요한 것 같습니다. | G8: 대기
B9: 1 | C9: 유해찬 | D9: 타일맵, 타일배치, 캐릭터 루프(순환)이동, 전투 팝업 생성, 전투 캐릭터,몬스터 배치. | E9: 또..또또 개발해야한다니!! 이야아아아 파이팅. | 저희 팀이 잘 소통하고 회의가 잘되서 마음이 편합니다 | G9: 대기
B10: 1 | C10: 한의호 | D10: 장비 시스템 기획 및 테이블 임시 작성 | E10: 아직 기획 초기 단계라 서로 맡은 파트별로 기획을 한 뒤 조정을 하는 과정을 거치는 중입니다. 정확한 기준이 없어서 아직 무언가 생각 해 내기가 어려운 부분이 있습니다. | G10: 대기
B11: 2 | C11: 김범진 | D11: 시스템 통일, 컨셉 기획 진행, 역할 및 인원 배분 | E11: 팀 내 인원 한분과 의사소통으로 인해 프로젝트의 지연이 있었지만 최소 목표인 인원배분과 시스템 및 게임 컨셉 기획을 진행한 상태입니다. 인원끼리의 의사소통을 할 떄, 입장차이가 있기 때문에 그것을 조율하는 것이 생각보다 너무 어렵다는 것을 알았습니다. PM은 대단하다고 생각합니다. 내 적성이 아닌가 싶기도 하고 뭐 그렇습니다. ㅎㅎㅎ 남은 기간 프로젝트 화이팅하겠습니다. | G11: 주의
B12: 2 | C12: 박현수 | G12: 대기
B13: 2 | C13: 이균호 | D13: 오늘 역할 분배, 그리고 프로그래밍 작업 준비를 했음. 그리고 작업 진행 중 속도를 보고 추가적으로 시스템 기획 역할도 맡게 됨 | E13: 팀원 간 불만 사항이 조금 있어서 최대한 모나지 않게 서로 대화를 나누는 시간을 가졌다. 서로 감정 상하는 일 없도록 최대한 모나지 않게 조심조심 전달하는 데 굉장히 노력했고 다행히 화기애애한 분위기로 작업을 이어갈 수 있었다. 팀 프로젝트 첫날이라 무엇을 해야할지 정하고 그 안에서도 또 어떤 일을 해야할지 어떻게 해야할지 고민하는 시간을 많이 가졌다. 앞으로 남은 시간 동안 팀원들과 열심히 협력하여 재밌는 게임을 만들어야겠다. | G13: 대기
B14: 2 | C14: 이석훈 | D14: 팀 내 기획 요소 재점검및 논의 팀 내 역할분배 | E14: [팀 내의 갈등] "이석훈님은 자꾸 주제를 자기마음대로 바꾸는거같아요" [현재 팀의 상황/한 행동] 팀 구성원이 A컨텐츠를 ~~하게 넣겠다는 말은 했지만 정확히 A컨텐츠가 어떤식으로 작동하는지는 생각을 덜 해본경우 관련 질문으로 A컨텐츠가 게임에 적용되었을때, A* , A-,A",A' 같은 문제가 발생할 수 있고 그러면 해당 방법은 A-1, A-2,A-3으로도 해결하는데 각 방법은 그러면 어떻게 해결해야할까? 그 문제를 저 방식대로 해결하려고하면기존 기획의도랑 달라질거같은데, 그럼 그걸 살리면서 A-1, A-2, A-3은 어떻게 적용시킬까? 그렇다면 진짜 기획의도는 뭘까? 기획의도는 그래서 정말 기존의 A방식을 활용해서 플레이어에게 경험시켜야할까? 같은 기획의 깊은곳을 물어보는 꼬리질문 속에서 [A 제안 → A의 문제점 발견 → 해결책 모색 → 기획 의도와 충돌 → 근본적인 기획 의도 재점검] 이라고 생각했지만 해당 사실이 팀 구성원들에게는 잘 전달되지 않은 것으로 사료됨. 그 과정속에서 인지부조화를 겪은것이 아닐까 추정 [왜 이런 일이 발생했을까? 느낀 이유는 무엇일까?] 받은 피드백 "필요한 질문인건 알겠는데, 너무 어려워요." "생각해보지 않은 영역에 대해서 질문이 너무 많이 들어와요" "어차피 생각해나가다보면 하게 되는 고민을 일찍 하게 되는거같아요" 추정되는 문제점: 1. 선택지가 없는 서술형 질문을 준비되지 않은 상태에서 받았다 > 과하게 방어적인 대답이 유도되거나, 그렇게 느낌. 2. 질문의 난이도가 높았?다? >언제나 안 생각해본걸 질문을 받자마자 하는건 어렵고 힘들다. 충분한 시간이 필요했던 반면, 계속 마주보고있는 상황(디스코드 등에서) 에서 충분한 시간이 부여되지 못했고, 불합리한 상황이 길어져야만 했다. 3. "나는 부족한 사람인가?" 부정적인 생각의 전염 > 공개적인(조원 다같이 있는곳)장소에서 피드백 및 질의가 오가다보니 눈치보임, 즉시 답해야할거같은 부담이 증가 (어쨋건) 긍정피드백으로 다가오는것이 아니라 답하기 어려운데, 납득은되는, 나는 이런 답을 못하는 사람인가? 라는 생각이 팀 구성원에게 전파되는 위험 소지가 있음. 4. 팀장 부담급증 >팀장 초행인 범진님 기준으로 일정진행 압박 및 퀄리티를 두고 깊은 고민을 하고 있는데 타 구성원의 기획의도를 깊게 파고, 어떻게 적용시킬지 모두 고민하고 결정하는것은 실제로 쉽지 않은 영역이고 결국 부담이 급격히 상승하는 어려움이 발생함. + 실제로 지적되고있는 부분들의 상당수가 최종적으로 팀장이 결정해야하는 영역이고 팀장이 해 왔어야 하는 일인데 놓친 일이라는것을 스스로가 깨닫고 있는 상황이라 팀장의 권위가 위협받는 상황으로 보여질 수 있음 [어떤 개선점을 앞으로 가져야할까] 1. 논의 내용을 우선 듣고 정리 > 즉시 피드백을 가능한 많이 피할것. 팀 내부적으로도 '이런식의 브레이크 자체는 필요하다' 에 모두들 공감하고 있으니 무리해서 팀원들의 자존감을 떨어뜨릴필요 X 2. 정리한 내용을 바탕으로 팀장에게 따로 자리를 잡아 논의를 진행 공개적인 장소에서 이야기를 피함으로서 팀장의 눈치보기우려 없애고 부담감을 낮춘 상황에서 논의를 진행 2-1 그래서 논의 결과는 팀장이 발표하도록, 혹은 팀장이 각 개인에게 전달할 수 있도록 유도하여 팀장의 권위/체면이 손상되지 않도록 만들어 팀장 스스로가 효능감을 느끼고 서로의 의견이 적극적으로 수용되어 퀄리티향상에 도움줄수 있도록 2-3 단, 팀장이 내 의견의 대변인이 되도록 구워삶거나 해서는 안된다. 결정권이 팀장에 있음을 존중하고 준비해온 자료를 바탕으로 건설적인 논의를 할 수 있어야 한다 3. 질문에는 언제나 두가지 이상의 선택지를 제공해 답변하는 팀원으로 하여금 고민의 부담을 낮추고 팀원 개인의 부족함, 모르는 부분에 초점을 잡기보다 건설적인 방향으로의 논점을 잡을수 있도록 논의 진행. 3-1 선택지를 줄 때는 두 가지 모두 기획적으로 타당성이 있거나, 장단점이 뚜렷한 진짜 '고민해 볼 만한 옵션'을 던져주어야한다. 누가봐도 아닌것같은 오답과, 그럴듯한 선택지 두가지를 던져주고서 논의를 진행하면 답정너식의 논의밖에 되지 못한다. 그 점을 깊게 유의하고 제안자의 기획의도에 근접한 타당한 옵션을 제공하여 논의를 건설적으로 유도해야한다. | G14: 주의
B15: 2 | C15: 손호진 | D15: 시스템 기획을 보조하면서 시스템을 잡아가는 과정이 있었습니다. | E15: 시스템 안에서도 다양한 규칙을 정하는 데 많은 시간이 걸렸고, 각각의 장단점을 비교하면서 정해가는 과정이 힘들었지만, 의견 통합을 하고 있는 것 같아 좋았습니다. | G15: 대기
B16: 2 | C16: 정재용 | D16: 캐릭터 컨셉 기획서 작성, 각 캐릭터의 초안을 뽑아 공유 후 어떤 식의 캐릭터를 잡아야 될지 확인 후 확정 | E16: 저희 팀은 120Km로 달려가는 슈퍼카 입니다. 근데 바로 앞에서 좌회전을 해야 돼서 천천히 브레이크를 밟았는데 브레이크의 성능이 너무 좋아 급정거 하는 식으로 멈춰버렸습니다. 멈춘 것은 좋습니다. 그런데 멈추는 방식이 부담이 많이 된 엔진도 있었습니다. 오늘 많은 대화를 들었습니다. 저희 조가 어떻게 이 프로젝트를 완성하게 될지 잘 모르겠습니다. 그래도 저는 팀장 님을 믿고 팀원을 믿고 제 할 일을 묵묵히 해낼 수 밖에 없을 것 같습니다. 화이팅! | G16: 주의
B17: 3 | C17: 김시온 | G17: 대기
B18: 3 | C18: 윤동현 | D18: 오늘은 특전 시스템의 개요, 등장 규칙, 특전 UI등장 위치, 특전의 종류(스탯, 패시브, 스킬), 플레이어 공격 스타일 선택 등등을 작업했습니다. | E18: 특전같은 경우 전투와 관련된 요소가 많기 때문에 아직 스탯의 수치나, 전투 기획자가 바라는 각 공격 스타일에 따른 스킬 연출과 효과 및 모션 등등 같이 논의를 하고 진행해야하는 것이 많았기에 힘들었던 게 첫번째고, 두번째는 각 특전마다의 능력, 효과, 연출, 스킬 이름 등등 설정하는 부분에서 게임의 틀을 넘지 않고 리소스 또한 최대한 적게 하려는 방향으로 하다보니 머리를 좀 많이 쓰게된 것 같습니다. 다음 프로젝트 작업 때는 좀 더 미리미리 정보들을 파악하고 소통을 하여 진행을 해야할 것 같습니다. | G18: 대기
B19: 3 | C19: 장윤우 | D19: 시나리오 - 컨셉 문서 작성, 스프라이트 이미지 생성을 메인으로 진행했습니다. | E19: ai가 말을 안들어요... 이것 때문에 제미나이 프로도 샀는데... 왜 다리를 번갈아서 움직이는걸 못만드냐고!!!! 다리 바꿔달라고 했잖아!!!으아아가ㅏㅏㅏㅏㅏ... 시나리오만 쓰던 때가 그리워요... | G19: 대기
B20: 3 | C20: 정재훈 | D20: 전투 기획서 작성, 전투 기획, 플레이어 스탯, 플레이어 무기 2종, 스테이지 1 잡몹과 보스 기획 | E20: 모션 이미지를 구현하려다 보니 생각보다 이미지 출력에 어려움을 겪고 있는데, ai를 좀더 다루는 연습이 필요할것 같다 | G20: 대기
B21: 3 | C21: 정우경 | D21: 프로그램 시스템 담당, 데모 구현 | E21: 시스템은 어려운것이다. | G21: 대기
B22: 3 | C22: 한재환 | G22: 대기
B23: 4 | C23: 이형진 | D23: WBS된 시스템 기획 기능 명세 및 DB 목록화, DB 예상 컬럼 도출 테스트 및 연습으로 만들었던 테스트 월드를 팀 월드로 이사 및 최적화 팀원 분업 및 업무 지정, 매 쉬는 시간 종료 후 업무 보고/점심시간, 수업 종료 전 중간 보고 3가지 무기 투사체 구현 주말 작업을 대비한 팀원 업무 분업, 기존 사용중 노션 이사, 꾸준한 회의를 통한 방향성 점검 | E23: 저희 팀원분들 모두 훌륭하지만... 왜 컨텐츠 기획 5명 | 시스템 1명(개발)이고 그 한명이 팀장인 저일까요 ㅠㅠㅠㅠ 팀장은 최대한 업무를 덜 받으라고 하셨지만... 생각보다 잘 안되는 것 같습니다 제가 애초에 욕심이 많기도 하고... 그래도 저희 팀원분들 모두 의욕이 넘치시니, 맡은바 끝까지 책임을 다하겠습니다... | G23: 대기
B24: 4 | C24: 곽용준 | D24: 콘텐츠 기획서 작성(연휴동안 수정 요망) | E24: 처음부터 다른 게임을 구상하고 있어서 팀원들을 따라가지 못했다... | G24: 주의
B25: 4 | C25: 이가현 | D25: 메월드 엔진 내에서 코드 넣는 법 정리 팀원에게 게임 방향성 설명 및 규칙 정리 캐릭터 무기 및 공격 방법 구체화_ 컨텐츠정리 | E25: 제작하는 게임에 대해서 방향성이 다른 팀원을 케어했습니다. 레퍼런스 게임을 같이 플레이 하고, 해당 요소 중 저희가 활용하는 부분과 변형하는 부분 등을 설명하였습니다. 이후 해당 팀원과 캐릭터의 공격 방법 및 스타일을 체계화하며 세부 규칙을 설정하였습니다. 업무 종료 전 해당 건을 팀장님과 소통하며 진행방향을 논의하고 업무 분담을 새롭게 했습니다. 이후 회의록 정리 및 플레이어2의 기획을 진행하고자 합니다. | G25: 대기
B26: 4 | C26: 이승진 | D26: 그동안 미리(...) 작업한 기획서 초안을 바탕으로 변경된 점들과 추가된 세부사항을 포함해 세계관, 배경, 캐릭터 컨셉 기획서를 다시 작성했습니다. 야심차게 제목 예시도 몇개 짰는데 제목마저 A.I 돌린거 강사님께 딱 걸려서 제목도 아직 확정짓지 못했습니다. 컨셉 기획서조차 짜야할게 한참 남았기때문에 주말과 설 연휴를 최대한 활용할 생각입니다. 컨셉이 확정되면 리소스 제작으로 돌입할듯 합니다. | E26: 의견교환이 활발하긴 했으나 저를 비롯해서 이제는 다들 양보하는 분위기라 팀 내 이슈는 딱히 없었습니다. 다만 제 의견을 어디까지 개진해야할지 그 부분은 여전히 어렵습니다. 물론 아무 말도 안하는것보단 의견을 내는게 좋기는 하지만... 적정선을 찾긴 어려운거 같습니다. 그래도 책임감있게 이끌어주시는 팀장님과 다른 팀원분들 모두 제 역할에 충실하고 있어서 작업 자체는 순조롭습니다. 다만 마일스톤 내로 완성할수 있을지는 기획도 완성되지 않은 시점이라 아직은 보이지 않습니다. 세부 기획과 개발이 동시에 이뤄지는건 아마 현업에서도 흔하지 않을까 싶어 (그렇지않다면 기획자는 개발기간에 놀테니) 마냥 조급할 필요는 없다고 생각하지만 너무 여유롭게 생각해선 안되겠죠. 오늘 당번을 처음 해봤는데 당번이 생각보다 힘들었습니다. 쉬는 시간을 할애해서 음악을 트는게 전부였는데 그것조차 전 너무 피곤하더라고요. 쉬는시간에도 열심히 작업하는 분들 음악으로 피해나 주는게 아닌가 싶기도 하고... 여튼... 열심히 해봐야겠죠. 매일매일 고민해보고... 매일매일 실행해보고... | G26: 대기
B27: 4 | C27: 오종호 | D27: 메인캐릭터 스프라이트 제작, 상점 캐릭터 제작, 캐릭터 컨셉 제작 | E27: 리소스 만들기 힘듭니다. | G27: 대기
B28: 4 | C28: 임소영 | D28: 게임 전체UI 시스템 규칙 설계 | E28: 팀원분 중에 자신의 작업물에 대한 방향성을 잡기 어려워하시는 분이 계셔서 어떤 부분에서 막히시는지, 문제가 발생한 지점을 찾는 1:1 대화를 진행했습니다. 천천히 대화를 진행하다보니 문서를 작성하는 목적과 목표에 대한 부분이 정확하게 정의되지않아 문서 작업에 어려움을 겪고 있다고 체크되어 작업물에 대한 목적과 목표 설정, 작성 가이드 라인을 제시해드리니 작업에 속도가 붙게 되는걸 확인할 수 있었습니다. 앞으로 다른 팀원분들에게 분업을 나눠드리게 되면 문서를 작성하게 되는 목적, 목표, 의도 등 해당 부분을 가볍게 생각하지않고 명확히 작성해 전달해드리자고 생각하게되었습니다. | G28: 양호
B29: 5 | C29: 승정하 | D29: 일정 관리 양식 정리 프로젝트 컨셉 기획 + 방향성 논의 조율 선정된 원페이지 기획서의 시스템 및 콘텐츠 수정 논의 및 컨펌 2/13 (1일차) 작업 현황 기록 추후 계획 공유 | E29: 팀 역량 파악과 게임 볼륨 조절이 상당히 어렵다고 느꼈습니다... 주어진 자원과 시간을 어떤 범위까지 개발이 가능하다고 판단하는게 참 어렵고, 경험이 중요하다는 생각이 새삼 들었습니다. 그래도 오늘 팀원들이 많이 생산적인 이야기들을 해줘서 통일된 방향성이 생긴것 같아서 앞으로가 기대됩니다. | G29: 대기
B30: 5 | C30: 고승주 | D30: 제작 게임 확정, 세부 컨셉 확정, 파트 분배, WBS, 간트 차트 작성, | E30: 어렵지만 기대가 됩니다. | G30: 대기
B31: 5 | C31: 김민수 | D31: 원페이지 기획서를 발표를 진행하여 게임을 정했습니다 그리고 기획을 일부 세분화를 진행하고 wbs를 나눠 배분했습니다. 저는 바이브코딩을 안티그래비티와 코덱스를 연동하여 쓸 수 있는 환경을 구성했습니다. | E31: 좋습니다 기능이 많아서 걱정은 되는데 노력해봐야죠.. 조금 힘들 거 같긴합니다 | G31: 대기
B32: 5 | C32: 예인해 | D32: 팀 방향성 회의, 기본 이동 구현 | E32: 저희만 정상적으로 오늘부터 진행했는데 이거 맞나요...? | G32: 대기
B33: 5 | C33: 이원홍 | D33: 프로젝트 선정 및 마인드맵 작성 및 세부기획 목록 작성 | E33: 설날이 껴있다보니 일정이 빡셀것같아 두렵습니다. 수고하셨습니다. | G33: 대기
B34: 5 | C34: 한지우 | D34: 세부 일정 리스트 작성 우선순위 작성 컨셉 기획서 초안 작성 | E34: 컨셉을 창조하는면에서 많이 어려웠지만 팀원분들이 친절하게 인도해주시고 정리에 도움주셔서 나도 누군가에게 도움이 될수있는 기회가 온다면 도움이 될수있도록 하자 라는 생각이 드는 하루였습니다 | G34: 대기
... B37: 6 | C37: 김지훈 | D37: 몬스터 이미지 생성, 오픈소스/로컬 생성 모델 개발, 스프라이트 제작 서치 | E37: 늘 챌린지해서 어렵습니다. | G37: 대기
B38: 6 | C38: 김태환 | G38: 대기
B39: 6 | C39: 김태훈 | D39: 엔진에서의 기능 구현 : 캐릭터의 움직임 애니메이션, 마우스 커서에 따른 방향 변화, 마우스 커서에 따른 무기의 각도 변화, 마우스 커서 이미지 교체, 총알 발사 | E39: mlua프로그래밍 하는 거보다 엔진내부기능 쓰는게 더 어려운 것 같습니다... | G39: 대기
B40: 6 | C40: 맹지훈 | D40: 플레이어블 캐릭터 구도별 스프라이트 애니메이션 생성 및 수정 | E40: 저는 참 기분이 좋습니다. | G40: 대기
B41: 7 | C41: 김영도 | D41: 세계관 작성, 캐릭터 기획,팀원들 논의,시나리오 작성, 원페이지 기획 가볍게 작성 | E41: 프로그램 구현 이슈가 있었습니다. 좀 더 명확하게 의도 전달하는 것 방향성을 더 명확하게 전하기 | G41: 대기
B42: 7 | C42: 권수빈 | D42: 캐릭터 플로라, 트리키 기본 설정 (이름, 나이, 호칭, 말투, 외모, 성격(겉), 성격(속), 특징, 취미, 평판, 콤플렉스) | E42: 게임 장르 (포트리스)를 메월드에 구현하는 것에 있어 어려움을 느껴 탄막 슈팅게임으로 장르를 변경할까 팀내 고민도 있었지만, 한번 결정한 장르로 되는데 까지 최대한 해보자는 의견이 나와 최선을 다 해 시도해 보기로 했습니다. | G42: 대기
B43: 7 | C43: 김현우A | G43: 대기
B44: 7 | C44: 박원우 | G44: 대기
B45: 7 | C45: 송아영 | D45: 캐릭터 2명의 기본 포트레이트 좌,우측 완성 | E45: 포트리스가 엎어질 뻔 했는데!일단 한번 해보기로 하고 넘어가기로~했습니다 | G45: 대기
B46: 7 | C46: 채지형 | D46: 캐릭터, 스테이지, 적관련 레벨, 벨런스 데이터 테이블 작성? mlua 만져보기(오류만뜨고 연동안됨) | E46: 너무 어렵습니다. | G46: 대기
B47: 8 | C47: 이영우 | D47: 컨셉 기획 완료, 시나리오 기획 완료, 시스템 기획 진행 중, 캐릭터 스킬 기획 진행 중, 메이플 스토리 월드 리소스 파악 진행 중, UI 기획 완료, UI 와이어 프레임 제작 중, 설날 연휴 간 작업을 원하는 팀원이 있을 경우를 대비해 미리 작업 할 내용을 정리하여 노션에 적제하였습니다. 작업을 원하는 팀원분이 자유롭게 꺼내서 작업할 수 있도록 했습니다. | E47: 팀원 분의 능력이 제각각이라 능력을 파악하는 것이 어렵습니다. | G47: 대기
B48: 8 | C48: 강유민 | D48: 1. 아이데이션 2. 시나리오 기획서, 플로우 차트 작성 3. 스테이지별 대본 플롯 작성 | E48: 팀원들과 아이데이션을 통해 어떤 게임을 만들지 아이디어를 도출하고, 그와 관련한 작업 내용을 정리했습니다. 정리된 내용을 통해 작업자를 지정하고 각 파트별 작업 진행을 했습니다. 저는 팀에서 시나리오 기획을 담당했고, 추후에 레벨 디자인 및 아트의 보조작업을 진행할 예정입니다. 저희 팀은 아주 조용하지만, 그래도 다들 열심히 하고 있어요! 최고 | G48: 대기
B49: 8 | C49: 권현민 | D49: 프로젝트에서 사용될 메이플월드내 리소스를 시트에 정리했습니다 | E49: 팀플이 시작된 게 실감이 나는 하루였습니다 | G49: 대기
B50: 8 | C50: 김재환 | D50: 오전에 각자 하고 싶은 파트를 정하고 그 파트를 진행해보았습니다 저는 전투 기획이였는데 제 생각에는 캐릭터 기획 다음에 전투 기획이라고 생각했는데 일단 전투기획을 진행했습니다 기준이 필요하다고 생각해 제미나이의 힘을 빌려 가상의 전투 기획을 했습니다 오후에 각자가 진행한 파트를 점검?을 하는 시간을 가졌습니다 거기서 저는 전투기획을 제가 전투 컨셉을 정하고 내가 시스템도 정하고 내가 구현도 하는 것이었던 ... 다들 힘들면 다른거 해도 된다고 했지만 해보기로 했습니다. 전투 기획을 해야되는데 제가 생각하는 전투랑 팀원이 생각하는 전투의 개념이 조금 달랐던거 같아서 이해가 조금 힘들었는데 수업 마지막 쯤에 조금 이해가 되서 다행이라고 생각하고 있습니다 | E50: 소통 잘하는 법 알려주세요 | G50: 주의
B51: 8 | C51: 이준혁 | D51: 파트 배분, 마지막 잔여 파트 배정. 코어루프의 핵심이 되는 요소의 기획서 작성, 컨셉에 맞게 조율, 구현 난이도에 따른 조율, 전체적인 방향성에 대한 의견 제시 (플레이어 입장에서 짐 요소를 느낄수 없는 부분 제거), 스토리와 조율, 리소스와 조율, 이펙트와 현재 이용 가능한 리소스 파악 후 추가 생성 필요성 파악, 진행에 어려움 겪는 팀원 업무 디테일 전달, 팀 내 커뮤니케이션 활성화 주도 etc | E51: 재환님이 의견제시에 굉장히 애먹고있습니다. 최대한 배려해서 의견내도록, 팀 단위로 도와주려고 애쓰고있습니다. 수업에 기반한 정석적인 아이데이션, 팀 프로젝트 시트, 작업 툴 실제로 진행되는 과정을 옆에서 확인하며 배움. | G51: 대기
B52: 8 | C52: 장호윤 | D52: 컨셉 회의, 각자 일 지정, 시나리오 작업, UI 디자인 기획, 레퍼런스 이미지 작업 | E52: 연휴에도 작업 렛츠고~ | G52: 대기
B53: 9 | C53: 박민규 | D53: 메이플 월드로 만들 게임의 전체적인 기획서와 개인이 만들어야할 미니게임 2가지 기획서와 게임을 만들었습니다, | E53: 저희 절대로 부정출발 아닙니다!! | G53: 대기
B54: 9 | C54: 서진호 | D54: 금일 팀장(박민규)님께서 올려주신 인터페이스 템플릿에 맞게 미니게임 기획서를 수정하고 있습니다. 그 외에도 바이브 코딩을 위해 IDE 환경을 새로 구축하고, Codex와 Claude Opus 4.6 비교를 했습니다. | E54: 팀 내 이슈는 없었습니다 단지 부정출발 밈이 좀 마음아픕니다 그 외에는 다 OK입니다 | G54: 대기
B55: 9 | C55: 오동건 | D55: # 2/13 1. 목표 1. 두개의 미니게임 기획서 작성하기 2. 결과 1. 두개의 미니게임 기획서 작성 완료, HTML로 30% 구현 | E55: 3. 다음 시간 1. 구현 가능한지 확인 후 수정 필요. MSW로 구현 불가능할 수 있음 2. 애매하면 그날 엎고 다시 만들기 미니게임을 구상하는데, 볼륨이 좀 크고, 너무 내 의도가 많이 들어간 것 같다. 그냥 엄청 간단한, 미니게임 다운 미니게임으로 다시 바꿀까 싶기도 하다. 근데 그러면 그냥 흔한 어디에나 있는 게임과 똑같아 질 것 같아서 볼륨이 커졌는데, 간단하지만 획기적인 시스템을 구상해 봐야 할 것 같다. 사실 원래 하고 싶었던거는 대작을 만들고 싶어서 그런거 같은데 자아를 좀 죽여야겠다. | G55: 대기
B56: 9 | C56: 이도민 | D56: 미니 게임 : 오래 살아남기 기획서 & Html 게임 제작 완료 | E56: 난이도 조절 실패 / 새롭게 추가한 아이템 요소 관련 버그 / 추가 예상치 못한 버그 | G56: 대기
B57: 9 | C57: 이유송 | D57: 미니게임 2개 어떤거 할지 고민하기. 한 개는 두더지 게임으로 정했다. | E57: 어떤 미니 게임을 할지 고민하는 시간을 가졌다. 기존의 수많은 미니게임 중에 어떤 차별점을 줘야할까 고민되었다. 두더지 게임을 1차적으로 만들어봤는데 생각할땐 재밌었는데 막상 해보니 내가 생각했던 그 타격감이 부족했다. 실제로 하는 것과 온라인으로 하는 것의 차이랄까. 게임으로 풀때 어떤 차별점가 재미요소를 추가할지에 대한 고민이 더 필요한 거 같다. 쉽지않군. | G57: 대기
B58: 10 | C58: 안성진 | G58: 대기
B59: 10 | C59: 우현승 | D59: 코어루프 정하기, 초반 기획 문제점 파악 및 해결방안, 프로젝트 기획서 작성, 간단하게 핵심 시스템 설계 | E59: 이번 프로젝트에서 시스템 기획과 아트(리소스) 디자인을 담당하게 되었다. 시스템 기획부터 시작을 했는데 아무래도 새로운 게임의 틀을 만드는 과정이다보니 하나하나 디테일 한 내용들과 게임의 방향성을 고려한 기본 설계가 굉장히 어려웠다. | G59: 대기
B60: 10 | C60: 이찬규 | D60: 시스템 의견 제시, 핵심 콘텐츠(사이클) 내의 밸런스 구상안 마련, MSW 내 아트 리소스 일부 정리(MSW 아트 리소스 썸네일이 갑자기 안뜨게 되는 현상의 해결 방법 찾아야 함) | E60: 시스템과 밸런스 그 사이의 미묘한 영역에 껴버린 것 같습니다. 발사 슈우우우웃 | G60: 대기
B61: 10 | C61: 정수진 | D61: 게임의 방향성과 핵심 시스템, 코어루프 설정. WBS 설정. | E61: 저희 게임의 방향성을 정확히 설정하는게 어려웠습니다. 방치형 게임이다 보니 어디까지 기준을 잡아야할지. 플레이타임을 어느정도까지 설정해야할지에 대한 고민 시간이 길어졌던거 같습니다. | G61: 대기
B62: 10 | C62: 최선동 | D62: 메인 기획서 작성 / 시스템 콘텐츠 기획서 작성 / 기초 시스템 UI 제작 | E62: 기초 뼈대 잡는 게 제일 힘들다! 는 걸 다시금 느낌 원활한 협업을 위해 팀원들과 친해지는 게 프로젝트 초반에 가장 중요하다고 느낌 팀장님이 자기 중심적이지 않고 다른 분들의 의견에도 긍정적인 답변을 해주어 다들 쉽게 의견을 낼 수 있는 환경이 만들어졌다고 생각됨 | G62: 대기
B63: 11 | C63: 배주빈 | D63: 회고록 [1일차 프로젝트] 1.프로젝트 게임 선정하기 : 각자 작성한 게임 기획서 총 7장을 두고 2번에 걸쳐 투표를 진행함. 1차에서 3개의 기획서를 선정하고 2번째에서의 최종 투표로 기획서 하나를 선정함. 2.팀 규칙 선정 : 기획서를 선정하고난 후 선정된 게임을 두고 앞으로의 작업과정을 대략적으로 가늠을 하고 팀 규칙을 정하는 것이 좋다고 생각함. 팀원간 상의를 통해 총 7가지의 규칙이 정해졌고, 팀내에서 가장 중요하다고 생각한 게임의 “완성도”와 “역량 강화”를 최우선 과제로 통일됨. 3번째부턴 우선순위는 의미없지만 앞으로의 프로젝트 진행에 있어서 꼭 필요한 규칙 5가지를 정하게 되었다 4. 평일 스케쥴 조정 : 캘린더로 넘어가기전 빠르게 지정하고 가야겠다는 생각에 스케쥴 조정을 했다. 작업시간이 오후 11시까지 선정되었기에 따로 저녁시간의 필요성을 느꼇다. 그렇기에 저녁시간 1시간 30분을 선정하였고 작업진행에 있어서 유연함을 주고 싶었다. 5. 캘린더 : 노션 페이지속 캘린더를 활용하여 미리 각 팀원분들의 일정을 파악하기위해 팀규칙을 선정한 후 캘린더로 넘어갔다. 파트 분배전 팀원간의 일정을 확인하고 프로젝트 일정을 진행하는데에 용이함을 확보하기위해 파트 분배 직전 캘린더로 일정관리를 우선적으로 진행했다. 6. 파트 분배 일정을 고려하고 팀원분들의 선호 직군을 고려하며 처음에 파트 분배에 신경을 썻었고, 실제로 팀원간 많은 논의를 진행했다. 직군을 MAIN과 SUB으로 분리하였고 팀원분들이 각자 포폴에 추가하기위한 명목으로 MAIN에 꼭 한명씩은 배정하였다. 직군을 나누어도 손이 빈다면 서로 파트를 지원하는 형식으로 작업의 방향을 선정했다. 7. 간단한 기획서 첫번째로 아트 스타일을 정하기전 기획서를 간단하게 다같이 보면서 작성했음. 컨셉, 아트스타일, 기획의도, 핵심 프레임워크 등등의 요소를 작성함. 8. 아트 스타일 남은 시간동안 수업이 끝날때까지 서로 출력한 ai 이미지를 공유하며 아트스타일을 정했고 결과느 픽사의 “업” 속 짜리몽땅한 할아버지 캐릭터를 레퍼런스로 주인공 스타일을 이미지로 뽑아내며 구상. 9.회의록작성 수업이 끝나고 김민제 팀원과 함께 회의록을 작성. 김민제 팀원분이 작성하시는 동안 나는 옆에서 빠진 내용을 구두로 전달하며 김민제 팀원분이 채워나가는 형식으로 회의록을 작성하며 일정을 마무리함. | E63: 순조로운 출발을 하게된 것같아 좋았다. | G63: 대기
B64: 11 | C64: 김민제 | D64: 각자가 준비한 기획서 중에 가장 좋은 것 하나를 투표로 뽑기, 아트 그림체 후보 여럿 뽑고 AI로 시험삼아 뽑아보기, 게임 시스템 UI 개선하기 | E64: 열심히 기획서 3개를 준비했는데 전부 다 팀원들에게 평이 좋았고 그 중 하나가 채택되었다. 기분이 너무 좋았고 노력한 보람이 있었다. 팀원 중 한분이 뭔가 반골기질이 있는 것 마냥 반대, 비판을 해서 조금 어라? 싶었으나 돌이켜보면 타당한 질문들이었고 발전에 도움이 되었다. 그래서 팀내에서 QA를 너무 잘해주신다고 이야기가 돌았고 나 또한 감사하고있다. 아마 내가 만든 기획서가 채택까지 되었는데 여기에 딴지를건다고? 하면서 내가 먼저 방어 모드가 되서 그랬던 것 같다. 분명히 나중에 이런일 여러번 생길거고 내가 상대방 입장이 될 경우도 분명히 생길 것이다. 물론 언젠가는 정말 반대를 위한 반대를 하는 팀원과도 만나게 될 것이다. 그럴때는 또 다른 방식으로 현명하게 대처를 해야겠지... 오늘도 배워간다. | G64: 대기
B65: 11 | C65: 이동우 | D65: 맡은 역할: 아트(부), 시스템(부), 레벨디자인 (정) 선정게임: 인생게임 게임 설명: 시소로 하늘에서 떨어지는 고난(공부, 취업)과 기쁨(여행, 술) 오브젝트을 받아낸다 고난 오브젝트와 기쁨 오브젝트가 맞아떨어지면(크기, 색깔) 서로 상쇄된뒤에 경험치를 획득한다 경험치가 쌓이면 유저는 나이를 먹게됨 한사람의 인생(유아기부터 황혼기까지의 모습)을 담아낸 게임 게임 주요 시스템: 시소를 이용한 타일 매치, 변해가는 주인공의 모습 살펴보기 (+ 인생의 분기점인 황금공?) 현재 진행상황: 게임 선정했고 그에 맞는 아트 분위기 정해놨음 정한 내용: 영화 up에 나오는 할아버지(특색있고 작고 옆으로 벌어진 귀여운 캐릭터) 저희는 회고록에 미리 작성중이였습니다 하하! ctrl c ctrl v! | E65: 프로젝트 넘 재밌어요 특히 게임시스템이나 레벨디자인관련 아이디어가 마구마구 떠오릅니다. | G65: 대기
B66: 11 | C66: 주재형 | D66: 일정 조율, 규칙 설정, 역할 배분, 개인별 기획안 발표, 기획안 채택, 아트 방향성 결정, 시스템 큰 틀 잡 | E66: 순조롭게 진행되고 있다 | G66: 대기
B67: 11 | C67: 천영현 | D67: 게임 선정, 역할 배분, 캐릭터 설정 | E67: 너무 잘 맞아요~ | G67: 대기
B68: 12 | C68: 강태성 | G68: 대기
B69: 12 | C69: 윤유나 | D69: 게임 장르에 대해서 선정한 것을 바탕으로 원페이지 기획서를 작성했고, 확정이 난 기획서를 바탕으로 비슷한 게임류가 있는 지 검색 등 | E69: 저번 프로젝트가 맛보기였다면.. 이번 프로젝트가 맨땅부터 시작한다라는 생각이 들었습니다. 실수가 잦고 모르는 게 많이 나올 것 같은 데, 공부가 더 필요하다는 생각이 들었습니다. | G69: 대기
B70: 12 | C70: 임동균 | D70: 간단한 1 page 기획서 작성, 게임 방향성 같이 잡기, 어떤 자료가 필요한지 리서치정도 진행했습니다. | E70: 음.. 다소 일방적인 의사결정이 되는 것 같은 점이 아쉽지만 어떤 환경에서든 잘 소통하고 협력하면서 그런 것도 잘 해소해나가는 경험을 쌓는 것이 중요하다고 생각합니다. 동시에 아직 프로그래밍 반과의 합반이 아니라 그런지, 프로그래밍을 직접 해야하는게 상대적으로 부담스럽게 느껴지기는 하는 것 같습니다.. 왠지 이번 프로젝트도 기획을 깎는 것보다 다른 아트나 사운드, 프로그래밍 쪽에 시간을 쓰게 되는 느낌.. 한정된 시간이고 나이가 나이인만큼 빨리 취업해야하는데 돌아가는 길 아닌지 그런 걱정이 됩니다. 이런 것을 경험 해보는것도 당연히 좋지만 - 제 입장에서는 약간.. 수능 한 달 남았는데 팔자 좋게 여러 경험을 해본다고 하고 있는 느낌? 당장에 벼락치기 공부해서 기본기부터 시작해서 영단어, 공식, 뭐 이런거저런거 다 해야 할 것 같은데 갑자기 음악과목에 시간쓰고 있는 그런 느낌, 국어 과목 감각이 중요하다고 수능 빈출지문이 아닌 엉뚱한 소설을 읽는데 시간을 쓰는, 그런 느낌이 들어서 불안한 마음이 듭니다..ㅠㅠ | F70: [김상준] 프로젝트에서 얻어가는 것은 소통 역량이 훨씬 크다는 것을 잘 알고 있습니다. 해당 생각에 확신을 더하도록 DM으로 소통했습니다. | G70: 주의
B71: 12 | C71: 조준현 | D71: 메인 기획 (컨셉 및 플레이를 위한 시스템 ( rule, ui ) 관련 작성, 메이플월드 게임 edit을 위한 작업 환경 구축 | E71: 아오 프로젝트에서 기획 역량과 실력을 왜 보여주고 싶어하냐고 역기획서 랑 기획서 개인 포폴로 쓰라고 면접관한테 프로젝트 하루종일 설명해서 너가 한거 보여줄거냐고 그사람들 너꺼 5장이상 안읽는다고 팀원이 다 기획인데 그거 5명이 기획 해보는 경험 가져가겠다고 설쳐서 일주일 동안 짜고 만들면!! 못 만든다고 !! 프로그래밍 모르겠다 하지 말고 그냥 하라고!! 안 어렵다고!!! 평생 안하면 기획이 아니고 개발할줄 모르는 망상이라고 할줄 모르는 애가 기획할줄 안다고 하면 너를 뽑겠냐고 작가를 뽑지 라고 이야기해버려 라고 할뻔..... | F71: [김상준] 임동균 학생으로 추정됩니다. 임동균 학생과 소통했습니다. | G71: 주의
B72: 12 | C72: 조현일 | D72: 어떠한 게임을 제작할지 방향성을 확실히 잡은거 같습니다. | E72: 제가 좋은 컨셉을 빠르게 잡아야 팀원분들이 작업에 임할 수 있어서 잘 해봐야 할거 같습니다. | G72: 대기
B73: 13 | C73: 신석균 | D73: 초안 기획서를 제작하였다. | E73: 전체적인 방향성을 잡는데 생각보다 오랜 시간이 걸렸으며 많은 방황을 하였다. 팀의 방향을 잡는 게 전혀 쉽지 않다는 것을 다시 한 번 느꼈다. | G73: 주의
B74: 13 | C74: 김현우B | D74: 다같이 게임의 핵심과 방향 및 기획서 초안 작성 | E74: 게임의 대한 재미를 정하는게 힘들었지만 다들 적극적인 의견으로 다양하게 들었습니다. | G74: 대기
B75: 13 | C75: 김흥규 | D75: 회의록 작성, 게임 시스템 및 방향성 회의, 시스템 파트 분배 | E75: 오늘 갑자기 아주 좋은 주제가 나와서 앞으로의 프로젝트 진행이 기대가 됩니다! | G75: 대기
B76: 13 | C76: 장근혁 | G76: 대기
B77: 13 | C77: 정석현 | D77: 게임 시스템 의견 정립 및 확정 원페이지 기획서 작성 역할 분담 역할별 기획서 작성 및 공유 일정 확정 | E77: 게임 시스템에 대해 조원들간의 의견 차이가 좀 있었는데 핵심 키워드 하나로 모든 조원의 의견이 일치하게 되는 경험을 했다. 딱 5분의 의미없는 대화였다고 생각했는데 앞서 모았던 의견을 하나로 뭉치게 되는 핵심 키워드가 나와서 역시 브레인 스토밍은 정말 좋구나 라는 생각이 들었다. | G77: 양호
B78: 14 | C78: 이동현 | D78: 팀 규칙 설정했고 기획서 중 투표해 장르 결정하도록 했습니다. 그 후 각자 원하는 파트 분배하였습니다. 그리고 게임의 큰 키워드, 시대상, 시나리오 초반과 결말을 다같이 논의해 정했고, 시나리오 기획을 맡아 초고를 최대한 빨리 작성할 예정입니다. 시나리오를 빨리 쓴 뒤 최대한 pm 역할을 하고 메인 음악을 만들 예정입니다. | E78: 내가 이렇게까지 지시하거나 맡아도 되는 걸까 라는 생각이 들었습니다. 팀원분들께 아닌 것은 아니라고 해야한다고 자주 말씀드리는데 잘 받아주셔서 고마울 따름입니다. 해보고 싶던 것들을 맡은 만큼, 최상의 결과를 내도록 노력하겠습니다. | G78: 대기
B79: 14 | C79: 김서현 | D79: 메인 기획안 채택 및 방향성, 콘셉트 회의 | E79: 의견 조율이 어려웠습니다. 조원분들끼리 같은 기획안임에도 바라시는 방향성이 다르고, 생각하신 방향성이 달라서 조율하는 과정이 길어진 것 같습니다. 조원 분들 모두 명확한 의견 제시를 해주시고, 할 수 있는 부분과 어려운 부분의 적당한 선을 그어주셔서 좋았습니다. 화이팅!!! | G79: 대기
B80: 14 | C80: 박기은 | G80: 대기
B81: 14 | C81: 이도건 | D81: 저희 팀의 각자 준비한 기획서를 가지고 게임의 방향성을 선정하였습니다. 그리고 게임의 전체적인 틀, 분위기, 캐릭터, 스토리를 간단하게 합의하여 정한 뒤 세부 역할 분담 및 진행해야 할 작업을 배정했습니다. 일단 기획서를 작성하고 그걸 토대로 게임을 만드는 것이 목적이기에 오늘은 각자 맡은 분야의 기획서를 만드는 작업을 진행하였고 팀적으로는 팀의 역할, 방향성에 대해 계속 의견을 나누었습니다. | E81: 제작으로는 익숙치 않은 장르가 선정되었지만 만들고 싶어 선택했습니다. 이번에도 저번과는 다르게 여러 분야에 메인은 아니지만 서브로서라도 참여를 해보려고 했던 것 같아 걱정도 되지만 더 열심히 참여해야겠다는 생각이 있습니다. | G81: 대기
B82: 14 | C82: 홍태광 | D82: 팀원분들이 각자 하나씩 가져온 원페이지 기획서 중 하나를 채택하여 역할 분배, 대략적인 화면구상을 위주로 작업하였습니다. | E82: 탈락된 아이디어인 테트리스 탑쌓기는 팀프로젝트가 끝난 이후 개인적으로 올려보려 합니다. | G82: 대기

Sheet 219
B2: 날짜 | C2: 46072
B4: 팀 | C4: 이름 | D4: 작업량 | E4: 한마디 | F4: 비고 | G4: 상태
B5: 1 | C5: 이승구 | D5: 작업 속도에 따른 기획 파트 재분배 레벨 디자인 및 몬스터 기획 - 김수환. 김경민 와이어프레임 작업 - 박영성 장비 기획서 다듬기 - 한의호 카드 기획 - 박영성,한의호 장비 시스템 관련 개발 논의 논점1. 장비 시스템의 세트 옵션의 갯수가 랜덤하게 붙는게 구현이 가능하고 개발 공수가 현실적인가? > 가능 게임의 재미요소, 정체성, 개발 난이도 및 일정, 밸런스를 모두 고려하여 기존 기획을 유지 및 개발 하자는 결론 단, 기획서는 알아볼 수 있도록 재수정 필요함 업무 현황 공유, 기존 기획 및 개발 된 시스템 및 아이템 드롭 시스템 작동 원리 프레젠테이션 레벨 디자인 논의 (김경민,김수환)루프 수를 줄이고 루프를 위한 타일 수를 늘리는 방향은 어떤지? > 타일 수를 늘리게 되면 같은 레벨의 몬스터와 장비를 오랫동안 경험하여 유저 경험을 해치지는 않는가? > 장비 성능이 루프 수에 따라서 증가되는데 타 기획 부서와 논의가 필요함 - 위 내용을 포함하여 다른 방법을 찾아보거나 기각 기획서 확정 (김수환) - 마을 시스템 기획서 확정 > 별도로 수정 X 단, 구체적인 소모량과 제한성 그리고 레벨 제한 등은 이후 장비 기획 이후에 재논의 인벤토리 및 손패 칸 수 제한 - 고민중 메인 기획서 업데이트 | E5: 크게 어려운 점은 없었는데 시간상 안될 것 같은 것들이 개발자가 가능하다고 하는데 걱정이 됩니다. | G5: 대기
B6: 1 | C6: 김경민 | G6: 대기
B7: 1 | C7: 김수환 | D7: 성장 시스템 기획서 작성 / 레벨 디자인 기획서 작성 (진행중) | E7: 점점 프로젝트가 가시화 되어가고 있지만, 그만큼 타협해야 하는 부분도 많아져서 아쉽습니다. | G7: 대기
B8: 1 | C8: 박영성 | G8: 대기
B9: 1 | C9: 유해찬 | D9: 데이터테이블 연동해서 클라이언트에서 사용하기. 그에 따른 임시로 작업해둔 수치 수정. | E9: ; - ; 파...이팅... | G9: 대기
B10: 1 | C10: 한의호 | D10: 장비 데이터 테이블 형식 확립, 임시 데이터 값 입력 및 정리, 스킬 시스템 공동 기획. | E10: 생각보다 어려운 점은 없지만 작업 진행 상황이 살짝 늦는 것 같아 약간 불안한 느낌이 있습니다. | G10: 대기
B11: 2 | C11: 김범진 | D11: 1. 게임 시스템 방향성 설정. 2. 시스템 플로우 차트 출력 3. 이미지 컨셉 확정 SD: 카툰 스타일 | E11: 팀장이라는 자리가 너무 어렵다고 느꼈습니다. 사람이 가장 힘든 것 같습니다. 게임 디테일에 대한 방향을 오늘 오전에 설정해서 완성이 될지 불안한 마음이 있습니다. | F11: [안중재] - 내일 면담 예정 | G11: 주의
B12: 2 | C12: 박현수 | D12: 금일 - 게임의 핵심 싸이클 + 핵심재미 공유 - 전쟁시대 플레이 경험 공유 - 유저에게 압박감 전달 + 구현 방식 에 대한 논의를 아침에 진행하였고 저는 - 적 유닛 종류(어떤 적들이 나와야하는지) - 스킬 구성 - 데이터테이블 컬럼 리스트업 를 작업하는 중입니다(아직 안끝났어요 ㅠㅠ) | E12: 아침에 게임에 대한 핵심 재미 논의가 잘 이루어졌다는 생각이 들었고요 작업진행속도를 더 빨리 할 수있도록 증진해야겠다는 생각이 들었습니다 | G12: 대기
B13: 2 | C13: 이균호 | D13: 오전에 팀원들과 게임 방향성에 대해서 확실하게 다지는 회의를 하고 오후에는 MVP를 위한 플로우차트 작성을 했다. | E13: 조금 느리더라도 착실하게 한 걸음 한 걸음 나아가면서 프로젝트가 진행되고 있다. 예정대로 진행해서 일정 내로 꼭 완성해보고 싶다. | G13: 대기
B14: 2 | C14: 이석훈 | G14: 대기
B15: 2 | C15: 손호진 | D15: 컨텐츠 기획, 데이터 테이블 구성 등 기획 보조 역할을 담당했습니다. | E15: 내일부터 부득이하게 휴가를 쓰게 되어 비는 일정이 생겼습니다. 도움이 될 수 있다면 오늘은 최대한 많은 부분을 서포팅하고 가야 해서, 더 작업을 진행하려고 합니다. | G15: 대기
B16: 2 | C16: 정재용 | D16: 캐릭터 컨셉 이야기 및 아트 초안 공유 | E16: 힘내보겠습니다...! | G16: 대기
B17: 3 | C17: 김시온 | D17: 리소스 관리 규칙 문서 v0.1 작성, 회의록 작성, 특전 시스템 작성 | E17: 메이플스토리 월드는 스프라이트를 자동으로 쪼개주지도 않고, 폰트를 넣을 수도 없다는 충격적인 사실을 알게됐다... 핵심 시스템의 조작이 너무 이질적이고 불편하다는 문제가 생겨버려서 게임의 핵심재미라 정의했던 내용이 엎어질 위기가 생겼다. 뭔가 에블린 패러독스가 발생한것 같기도 하다. 내가 리더에 부담을 느끼는 이유도 결국 이런 상황이 오면 막지 못한 내 책임이라 좀 힘들어서기도 한데... 최대한 지금까지 진행된 상황과 구현하기 어려운 점의 절충안을 빨리 찾고 결정해야겠다. | G17: 대기
B18: 3 | C18: 윤동현 | G18: 대기
B19: 3 | C19: 장윤우 | D19: 카론 캐릭터 디자인, 카론 등장 배경 리소스 제작, bgm 리소스 제작 중, 보스 컨셉 기획 등 | E19: ai와의 치열한 전투였습니다. 후... 다들 열심히 해주는 것 같아서 좋습니다. | G19: 대기
B20: 3 | C20: 정재훈 | D20: 보스 전투 기획, 보스 아트 리소스 작업 | E20: 컨디션 조절을 잘 해야할것같다. 오늘은 연휴 끝나고 바로 시작이라 수면패턴 조절에 실패해서 너무 졸려서 작업시간이 좀 더뎠던 것같다. | G20: 대기
B21: 3 | C21: 정우경 | D21: 시스템 | E21: 시스템은 어렵다. 무한한 에러가 발생하고 있다. 하지만 반드시 해결하고 우리팀은 성공할 것이다. | G21: 대기
B22: 3 | C22: 한재환 | D22: 캐릭터 및 몬스터 관련 각종 데이터 테이블 작성함. | E22: 이전보다 자신있게 말하고 있지만 아직 많이 부족하고 말투 역시 어눌해서 참... 노력해야 겠네요. | G22: 양호
B23: 4 | C23: 이형진 | D23: 2일차(?)답게, 다 같이 모여 방향성을 재검토 1차 완성본 확립, 오늘할 일 오전/오후로 배분 이펙트 구현 오전에 마무리 및 상점 구현 R&D 용준님 피드백 하는 시간이 길어 제대로된 작업 진행 안됨 | E23: 오늘도 느낀점은 팀장은 개발을 맡으면 안되는 것 같습니다... 개발에 온전히 집중할 수 없으니 개발이 밀리고, 그렇다고 프로젝트에 신경을 안쓸 수 없으니 능률이 굉장히 떨어집니다. 또, DB 설계 과정에서 꽤 논리적이었다고 생각했으나, AI에 의해 작성되고, AI에 의해 검증받다 보니, 상당한 허점이 있었던 것을 뒤늦게 파악해버렸습니다. 구현 불가능한 것은 아니나, 비효율적인 부분이 많았습니다. 개발에 몰두하지 않았다면, 좀 더 신경써서 볼 수 있었던 부분이었는데 아쉬운 부분입니다... 또, 팀에서 혼자 작업이 불가능할 만큼 실력? 이해력? 이 부족한 분은 어떻게 끌고 가야하는지 고민입니다. 단순 레퍼런스 조사에도 애를 먹었고, 직접 둘이 같이 작업해서 완성했던 작업을 다시 맡겨드렸더니, 전혀 이해를 못하셔서, 그 인원을 케어하기 위한 인원이 빠져 오히러 -2인이 되는 상황이 발생하고 있습니다. 팀워크라는건 각자의 일에 최선을 다할 수 있는 환경을 만드는 일이라고 생각합니다. 하지만, 팀으로 배정받은 이상 두고갈 수도 없죠... 딜레마입니다... 2인이 달라붙어 0.3인분의 결과물이 나오고, 의욕도 저하됩니다... | G23: 대기
B24: 4 | C24: 곽용준 | D24: 아트 캐릭터 컨텐츠 정리 | E24: 배워야 할 점이 많습니다... 문서 작업 정리 기초 작업부터 배워야 할 것 같습니다 | F24: [김상준] 팀장과의 고민 상담 진행쪽으로 이야기하고, 팀장과도 해당 이슈에 대해 이야기했습니다. 상당히 결과물이 미진했다고 하여, 팀장인 이형진 학생에게 보다 단순한 작업 진행 or 매우 구체적인 작업 방식 안내쪽으로 진행하는 것을 권유했습니다. | G24: 주의
B25: 4 | C25: 이가현 | D25: 몬스터 디자인 : 컨셉, 이미지 리소스, 체력, 이동 속도, 데미지, 등장 비율 밸런싱 디자인 : 몬스터 체력을 기준으로 플레이 타임을 고려하여 캐릭터 공격 수치 조정 | E25: 체력의 한계라기 보다는 집중력의 한계가 있는 것 같습니다. 그리고 개발 담당의 부담을 줄이고자 개발된 기능의 활용을 중점으로 생각하면서 다양한 기믹이 나오게 하고 싶었습니다. 코딩 관련으로 좀 더 공부하고 짜여진 코드를 분석하면서 새로운 기능이나 부담이 가지 않는 방향으로 진행하고자 합니다;. | F25: [안중재] - 정신 관리 리마인드 | G25: 대기
B26: 4 | C26: 이승진 | D26: 1스테이지 몬스터, 보스 기획 1스테이지 몬스터, 보스 리소스 플레이어블 캐릭터(프로그래머, 기획자, 아트 디자이너) 5레벨 단어장 작업 아트 디자이너 1~5레벨 단어장 작업 하루만에 다 끝낸건 아니고 아직 한창 진행중입니다. | E26: 정리정돈 안된 상태에서 막 작업하다보니 공유해야할 내용도 빠졌고 중구난방이었습니다. 몬스터 기획 같은 부분은 한 팀원의 지각으로 급하게 담당하게 된 부분이라 더 그런 감이 있고요. 시스템과 UI을 맡았던 다른 한 팀원은 입원하게 되어서 이쪽도 어떻게 메워야할지 고민인데 일단 다른 팀원이 맡아주기로 했습니다. 기획이 제대로 잡히지 않은 상태에서 기획과 개발이 동시에 굴러가는 정신없는 구조다보니 정말 어지럽긴 하네요. 다만 게임의 많은 영역의 기획을 제가 담당하고 있는 점에서 기획자로서 정말 많이 배웁니다. 컨셉 기획이어도 시스템을 고려해야한다거나, 좀 더 구체화된 기획을 전달해야한다거나 하는 부분들 말이죠. 프로그래머는 오늘도 안된다고 말하는 상황을 직접 겪어보니 와닿는 부분도 많습니다. 오늘 하루도 고생하셨습니다. | G26: 대기
B27: 4 | C27: 오종호 | D27: 플레이어캐릭터 3종 스프라이트 (기본, 공격, 피격, 필살기) 완성. PC 3종 애니메이션화 완료. 캐릭터 3종 선택창용 일러스트 제작 완료. 상점캐릭터 일러스트 제작.기본 시나리오 텍스트 완필. 도입부1,2, 엔딩, 타이틀화면 CG 제작중. | E27: 시스템쪽을 하고 싶지만 그런 상황이 아닌거 같다. 각자 잘하는 쪽을 최대한 활용해서 차질없이 해야 겨우 게임이 완성될거 같은 느낌이다. | G27: 대기
B28: 4 | C28: 임소영 | G28: 대기
B29: 5 | C29: 승정하 | D29: 1. 협업 방식 논의 내용 정리 및 공지 2. 세부 기획서 검토 3. 개별 면담 4. 작업 현황 확인 (매우 간략하게 문서화) | E29: 역량을 파악하고, 공수를 계산하고, 나름대로 고민도 많이 했지만 업무를 어떻게 서로간에 조율할 건지, 또 문서를 어떻게 관리할건지에 대해서조차도 많이 부족함을 느끼고 있는것 같습니다. 팀원분들에게 확실한 업무 진행 과정을 보여주려고 플로우 차트를 만들었는데, 논의한 내용을 다 확실하게 담으려고 자세하게 만들다 보니 도식화의 의미가 퇴색이 되기도 했고, 간트 차트로 정해놓은 마일스톤이 현실적으로 어려운 일정이 되어버려 일정을 크게 손봐야하는 과정도 겪었습니다. 몸도 힘들고 생각할것도 많은 과정인데... 사실 즐겁다는 생각이 크게 듭니다. 일단 제 방식대로 프로젝트 매니징과 게임 개발의 팀장으로서 진행해보고, 팀원분들과 이에 대해서 개방적으로 대화도 나누고 피드백도 받으면서 어떤 점을 개선하면 좋을지 시행착오들을 겪어서, 프로젝트를 완성했을때의 퀄리티는 떨어질지 몰라도, 같이 많이 배울 수 있는 기회가 된 것 같아서 좋습니다. | G29: 대기
B30: 5 | C30: 고승주 | D30: 칸반 작성 - 금일 목표 작업량 설정 플레이어 성장 레벨 디자인 기획 및 데이터 테이블 작성 몬스터 레벨 디자인 기획 및 몬스터 데이터 테이블 작성 | E30: 일일 작업의 계획을 세우고 회고를 작성하는 것이 어려운 것 같습니다. 기획서를 미리 작성하며 기획을 하는 것도 어려운 일인 거 같습니다. | G30: 대기
B31: 5 | C31: 김민수 | G31: 대기
B32: 5 | C32: 예인해 | D32: 연휴 기간동안 작업한 작업물에 대한 피드백과 수정, 추가로 이후 시간에 진행할 작업의 방향 결정.(금일 수업 종료 후, 익일 수업 시작 전까지 전장의 안개 시스템, 무기 레벨업 시스템 기획 예정) | E32: 각 팀들이 작업물을 공유하며 서로가 발전하는 방향이 아닌 팀의 작업물을 숨기고 본인의 것을 하기에도 바빠 교류나 토의 같은 시간이 발생하지 않는거 같습니다. 추가로 ai에게 작업을 대신 시키고 그것으로 끝내는 분들도 있는거 같아서 그 부분이 아쉽다고 생각합니다. | G32: 대기
B33: 5 | C33: 이원홍 | D33: 기획서에서 부족한 부분 추가작성 | E33: 오늘도 그럭저럭 크런치한 하루였습니다. | G33: 대기
B34: 5 | C34: 한지우 | D34: 캐릭터 리소스 R&D 찾기 캐릭터 A의 인게임 캐릭터 리소스 찾기 캐릭터 B의 인게임 캐릭터 리소스 찾기 둘 다 메이플 도트 스타일의 SD 리소스 작업중에 벨루아 즐겨찾기 파츠 날아감….. 컨셉 이미지 첨부 이런 느낌으로 연구소를 표현하자라는 느낌으로 스테이지 AI 이미지 첨부 캐릭터 배경 세밀하게 보충 내용 캐릭터 배경이 게임내의 어떠한 요소에서 보여 지는가? 구체적으로 배경을 함축한 요약 기획의도 | E34: 작업속도가 느려서 고민이기도 하고 ..걱정이 됩니다 저 하나 때문에 팀원분들께서 피해를 보실까봐요 ㅠㅠ 팀원분들 다들 친절하십니다 종종 웃겨서 아이스브레이킹이 자동으로 되는것 같아요 :D | G34: 대기
B35: 6 | C35: 이정헌 | D35: 회의록 작성, 기획서 수정, 논의, 의견 조율, 작업물 검토, 작업 분배, 일정 관리 | E35: 조원 분들이 다 적극적으로 참여해 주셔서 특별한 고민은 없습니다! 다만 중간 중간 시간이 쪼금 씩 비는 부분이 발생하는 것 같은데, 정말 여유가 있어서 인지 아니면 제가 뭔가 놓치고 있어서 여유가 있다고 느끼는 것인지 잘 모르겠습니다. | G35: 대기
B36: 6 | C36: 김윤규 | D36: 챕터 2 시나리오 기획서 및 시나리오 작성, 챕터 2 배경 스토리보드 작성 | E36: 머리가 뜨거워요... 그치만 개인프로젝트가 아니라 '팀프로젝트'여서 이렇게까지 열심히 할 수 있게 되는 것 같습니다! | G36: 대기
B37: 6 | C37: 김지훈 | G37: 대기
B38: 6 | C38: 김태환 | D38: 스테이지 선택/진입 구현 | E38: 메이플 월드 넌 대체 뭐냐. 어째서 코드는 똑같이 복사했는데 새 월드를 만들면 정상작동 하는거냐.......................................................... | F38: [안중재] ㅋ | G38: 대기
B39: 6 | C39: 김태훈 | D39: 엔진 내에서의 기능 구현; 기능목록 : 플레이어의 무기 3종 구현, 적(플레이어 추적, 플레이어에게 데미지, 일정 범위에서 시간당 생성, 피격시 사망),플레이어(피격시 효과, 피격시 데미지, 스킬 2번) 구현 | E39: 엔진이 알면 알수록 어려워지는거 같습니다... 스크립트로 모든것을 제어할줄 안 제 오만을 반성합니다 | G39: 대기
B40: 6 | C40: 맹지훈 | D40: 월드맵 이미지 리소스 생성, 배경 아트 기획서 작성, 1스테이지 적 스프라이트 생성, 스테이지 선택용 UI 리소스 일부 생성. | E40: 팀장님은 제가 혼자 연휴에 작업을 너무 많이해서 당분간 쉬엄쉬엄 작업하라고 하고 싶어하셨지만, 우리는 혹시 모를 작업 지연을 우려하여 대비용 리소스를 뽑기로 했습니다. | G40: 대기
B41: 7 | C41: 김영도 | D41: 시나리오 데이터 테이블,스테이지 테이블 | E41: 그래도 현재는 잘 진행되고 있는 것 같고, 팀원 분들이 열심히 해주셔서 더 탄탄하게 진행방향성을 잡아주면서 간다면 충분히 완성 가능할 것 같다는 생각이 듭니다. | G41: 대기
B42: 7 | C42: 권수빈 | G42: 대기
B43: 7 | C43: 김현우A | G43: 대기
B44: 7 | C44: 박원우 | G44: 대기
B45: 7 | C45: 송아영 | D45: UI디자인 완료,호버링 이동,피격 애니메이션,투사체 등등을 완료했습니다! | E45: 프롬프트 메이커가 정말 큰 도움이 되고 있습니다...왜 이렇게 했는데 안되는거지?라고 하는걸 잡아주기까지 하네요... | G45: 대기
B46: 7 | C46: 채지형 | D46: 스테이지 레벨디자인 및 평면도 작성, 전투및 레벨 기획서 작성, 전투 및 레벨 데이터 테이블, 팀원과 의사소통? | E46: 팀원 간에 좀 더 활발한 소통, 정리된 데이터 | G46: 대기
B47: 8 | C47: 이영우 | D47: 적 캐릭터 기획 완료, 캐릭터 전투 기획 완료, 캐릭터를 몬스터로 바꾸기 위한 작업 진행중 | E47: 매월드가 너무 힘들어요 | G47: 대기
B48: 8 | C48: 강유민 | D48: 프로젝트 시나리오 기획을 모두 마치고, 이벤트 내용 상세 대본 작성 및 스프레드시트 데이터 테이블 진행 | E48: 작업 VN방식이 아닌 다른 형태의 시나리오 기획이 진행되고 있으며, 해당 부분에서 필요한 것과 불필요한 것을 구분하기 어려워 팀장인 영우님의 도움을 받아 작성하고 있습니다. 내용은 모두 제가 작업을 담당하지만 작업 진행에 있어, 전투 및 레벨을 많이 이해 해야 함을 느끼고 있습니다. 다른 팀원들과 작업 내용을 모두 공유하여 진행하고 있으며, 최대한 팀에 기여할 수 있도록 열심히 하겠습니다. | G48: 대기
B49: 8 | C49: 권현민 | D49: 메이플 내 리소스를 스프레드 시트에 정리했습니다 | E49: 생각이 약간 많아지고 있는 것 같습니다 | G49: 주의
B50: 8 | C50: 김재환 | D50: 오전에 스테이지 기획 스토리를 기준으로 스테이지를 기획?했습니다 오후에 보스 미니게임 기획 (제가 한 작업이 기획이 맞을까요?) 6시 이후 회의? 하고 있는 작업이 게임이 되는가 하는 의구심이 들어 남들은 어떤가 물어보는 이야기 했다고 생각하지만 뭔가 애매하게 흐지부지 된 느낌이 드는 회의 였습네다 | E50: AI없이 하고 싶은데 눈에 보이지 않는 정보를 분해해서 정리가 필요하거나 또는 기본(가장 작은 단위?)이 되는 플레이를 만들고 콘텐츠나 시스템을 추가하는 것이 필요하다고 생각하는데 저는 저를 믿지 않기 때문에 누군가의 인정이 필요합니다 (내일 되면 또 까먹을지도 맨날 생각이나 기록은 하는데 까먹어서 문제 의욕은 앞서지만 행동은 하지않아서 문제...) >완전 중요< 게임이 완성될 수 있도록 빌어주세용 | F50: [김상준] 확신이 필요한 인원인 것 같아, DM으로 간단히 소통해보겠습니다. | G50: 양호
B51: 8 | C51: 이준혁 | D51: 증강요소 35종 제안, 각 스테이지 별 레벨디자인(기획의도 포함_키워드를 두고 컨셉에 따라 정형성, 대칭성, 고저차를 어떻게 이용할 것인가, 차별성 등)가시화, 스테이지 보스전 기획 등 | E51: 시간이 부족합니다. | G51: 대기
B52: 8 | C52: 장호윤 | D52: UI 와이어프레임 완성 및 기능 구현 | E52: 기능 구현하기 너무 힘들어요 살려주세요 으헝헝 프로그래머의 소중함을 절실히 느끼고 있습니다 간단한건데 왜 버그가 나올까요 정말 이해가 되지 않는 | G52: 대기
B53: 9 | C53: 박민규 | D53: 아트 담당자를 선출하고 아트 담당자를 위한 아트 기획서를 만들었습니다, 또한 각 팀원들이 만든 미니게임을 플레이 하고 간단한 QA를 진행하였습니다. | E53: 65% 된거 같습니다? | G53: 대기
B54: 9 | C54: 서진호 | D54: 오늘은 다 같이 QA를 하는 시간도 가졌고, 다들 만드신 게임이 진짜 파티 게임에 어울리는 게임들이라서 감탄했습니다. 걱정 사항은 현재 HTML로 게임을 만들고 메이플 월드로 포팅을 해야하는 상황인데, 로비 시스템을 언제 만들지... 하는 생각이 들긴 합니다. (주말에 시간을 좀 쓸까 생각하고 있습니다.) 현재 제가 기획했던 게임 2개, 오래버티기 게임(도민님 게임), 플래피 버드(민규님) 게임 이렇게 총 4개를 포팅을 했는데 아직 자세한 밸런스 등의 작업은 거치지 않았습니다. 다른 분들 게임도 좀 포팅을 해보고, 잘 되는지 보고 하려면 제가 정말 많이 시간을 써야곘구나 싶습니다. 그래도 제가 시스템을 기획하고 거기에 맞춰서 다들 작업을 해주셔서 다행입니다. | E54: 난이도적으로 어려운건 포팅 말곤 없습니다. | G54: 대기
B55: 9 | C55: 오동건 | D55: 지난번에 만든 미니게임 2개 폐기 2차로 미니게임 2개 기획 다시 폐기 3차로 미니게임 2개 기획 확정 아트 리소스 찾아보기 | E55: 2번 폐기하면서 내 자아를 죽이는 과정을 거쳤다. 미니게임에 부합하는 게임을 만들기 위해 노력했다. 내가 이런 류 게임을 즐기지 않기도 하고, 이런 게임은 대부분 이미 나와있는 게임들 뿐이어서 나만의 특색있는 게임을 만들기는 쉽지 않았던 것 같다. 그래서 타협한게 조금 아쉽긴 하지만 그래도 결과물이 나와서 다행이다. | G55: 대기
B56: 9 | C56: 이도민 | D56: 팀원 게임 QA 및 부족한 부분 논의, 게임에 들어갈 메이플 리소스 정하고 넣기 | E56: 메이플 리소스가 너무 많습니다.. | G56: 대기
B57: 9 | C57: 이유송 | D57: 팀원이 제작한 미니게임 QA 진행 / [좀비 생존전] 게임 만들 | E57: 1차 프로토타입까지 나오는데는 크게 어렵지 않은데 디테일을 수정보는게 너무 오래 걸린다. 고쳐야할게 한도 끝도 없이 나온다. | G57: 대기
B58: 10 | C58: 안성진 | G58: 대기
B59: 10 | C59: 우현승 | D59: 시스템 기획 내용 최종 정리, UI 설계 | E59: 시스템 기획이 팀 프로젝트 파트의 최우선순위이다 보니까 내용을 확정짓는게 굉장히 어려웠다. 기획서를 보고 다른 파트들이 작업을 이어나가야 하니까 의견을 조율하는데 시간을 굉장히 많이 썼다. 초안을 몇가지 기획하면 복잡하다, 의도가 약하다, 기간 내 구현이 어렵다 등의 다양한 이유들로 수정이 되고, 그 부분만이 아니라 다른 부분끼리도 전부 연결되어 함께 수정해야 하는 점이 제일 어려운 포인트였다. 또한 이론적으로만 생각했던 시스템을 인게임 내 UI로 스케치해보는 것도 처음 해봤는데 해당 장르에 대한 다양한 게임 경험이 UI 배치 상상력에 큰 도움이 될 것이라고 느꼈다. | G59: 대기
B60: 10 | C60: 이찬규 | D60: 시스템 구성 도와주고 사이드 콘텐츠 레벨디자인 하고 밸런스 시트 만들고 캐릭터 목록 라인업하고 캐릭터에 쓸 리소스 정리하고 캐릭터 설정 및 스탯 설정하고 시나리오 쓰고 최종콘텐츠 기획함(실현 가능성 모름). | E60: 개발 빼고 모든 것을 하고 있습니다. 발사 슈우우우우웃 | G60: 대기
B61: 10 | C61: 정수진 | D61: 개발 안티그래비티와 메이플 월드 연결하기 | E61: 직군간의 개별 작업에 대한 경계가 없어진거 같아, 이를 바로 잡고 가는게 중요해보입니다 | G61: 대기
B62: 10 | C62: 최선동 | D62: 2/13에 작성한 메인기획서를 통하여 게임 제작의 기반이 되는 전반적인 UI와 컨텐츠를 ppt를 통해 제작하였다. 같은 시스템 동료 한명과 팀원들과 지속적인 회의를 통하여 점진적으로 수정하며 제작하였고, 플레이어의 입장에서 편의성과 직관적인 UI를 최대 장점으로 만들기 위해 노력하였다. 자신의 의견을 다른사람에게 정리하여 말하는 건 꽤나 어려운 작업이다. 하지만 여러 번 반복하며 자신이 성장하게 되는 모습을 볼 수 있었다. | E62: 화이팅하겠습니다. | G62: 대기
B63: 11 | C63: 배주빈 | D63: 회고록 [6일차] 오전 1. 밸런스 기획서로 기능의 구체화 2. 구슬 규격 틀 잡기 3. UI 화면 구성 설정 로비화면, 게임플레이화면 4. 의무구슬 아이콘화 텍스트를 제거하고 아이콘에 집중하기. 구슬 테두리의 색깔로 표현 5. 영유아기 시절 주인공의 의무 설정 6. 시스템 명세서 작성 7. 회의록의 재구성 오후 1. 의무 구슬 리스트 ->이미지 리소스를 삽입 2. 구슬의 접착도 고민 3. 시소의 민감도 고민 4. k계수를 조정하는 방향으로 민감도 이슈를 조정 5. 4종류의 게임오버 중 겹치는 예외상황이 팀내에서 우려의 목소리를 재형 팀원분께서 내주셧고, 다음날인, 2026_02_20, 금요일 아침에 다같이 상의하는걸로 결정. 6. 대신, 그전까지 게임오버 조건에 대해서 미리, 각자 고민하는 걸로 방향을 잡음 7. 의무 구슬 리스트 90% 작업완료 텍스트를 배제하고 아이콘에 대해 집중하는 방향으로 잡음. 챗지피티에게 묘사하고 싶은 이미지의 생각을 정리하고 입력한 후, imagefx용으로 프롬프트를 출력해달라고 요청. 그렇게 출력된 프롬프트로 imagefx에서 이미지를 뽑아냄. 생각보다 다르거나 어색한 경우가 발생하면, 해당 이미지를 챗지피티에게 첨부하고 수정해달라는 요청과 원하는 부분을 상세히 입력. 그렇게 다시 뽑은 프롬프트를 IMAGEFX에 재입력 (여기서 왠만하면 해결됨) 만약, 수정된 프롬프트가 2개로 나올경울 대비하여, 처음 이미지 생성 프롬프트를 입력할때 하나의 프롬프트로 출력하라는 문구를 추가햇음. 금일 팀내에서 진행한 주요사항들 1. 시스템 기획서의 구체화 -> 주재형 팀원님께서 작성하신 ‘요구사항’ 문서를 바탕으로 ‘시스템 명세서’의 문구를 생성 2. 1920x1080 메월드 규격 파악 -> 구슬 규격을 정하기위함. 3. 구슬의 마찰력의 고민 -> 수평으로는 구슬간 접착하지 않게 만들자는 의견이 나옴-> 보류 ->k계수를 조정하는 방향으로 기울기의 이슈를 완화하는 방향으로 결정-> 기울기에 대한 물리법칙? 물리엔진? 의 의논을 ‘시스템 명세서’에 상세히 풀어나감. 4. 캐릭터의 모션의 고민 -> ‘루도’사이트에서 ‘스프라이트 이미지’ 기능을 통해 사진을 삽입하고 결과물을 뽑아내기 5. 게임오버 조건에 대한 고민 -> 일부 조건이 겹치는 게임오버 유형을 중점으로 팀내에서 깊이있는 회의가 진행되었고 다음날 아침에 다시 회의하자는 것으로 결정됨. 즉, 오늘로썬 보류. | E63: 할게너무많다!!!! | G63: 대기
B64: 11 | C64: 김민제 | D64: 2월 19일 회고록 (점심 기준) 내가 한일: 게임 규격 작업 (픽셀 형식으로. 작은 구슬의 크기는 45픽셀. 시소는 처음에 200 픽셀로 시작, 이후 400 픽셀로 증가) 주재형님의 질문들에 맞춰 시스템 세부 설정 작성 (단계가 진화하였으면 이전 단계의 구슬은 남는지 — 남는다. 문명7의 반례 / 인생이란 칼로 딱 자를 수 없고 나이가 들어도 이전의 잔향이 남아있기 때문.) 게임 UI 개선 (배주빈 팀장님과 같이) 영유아기때의 의무 추가 시소 시스템 정리 (힘 = 거리 X 무게) + 시소의 길이 + K 계수로 난이도 작업 (이동우님 아이디어) 구슬의 텍스트 제거, 대신 이미지 및 아이콘으로만 하기로 정리 캐릭터 테이블 추가 정리 게임 핵심 시스템 토론 앞으로 할일: 캐릭터 테이블 완성 게임 UI 확실한 수치 정해서 주재형님께 전달 게임 레벨, 밸런스 확실한 수치 정해서 주재형님께 전달 2월 19일 회고록 (저녁 기준) 내가 한일: 강아지 토토 이미지 뽑기 ludo.ai 사용해서 예시 spirte image 뽑기 캐릭터 테이블 완성 게임 핵심 시스템 팀원들과 토론 (게임 엔딩과 ui 관련) 구슬이 화면 바깥까지 쌓여 버렸을 때는 어떻게 처리할 건지 (딱 부딫히고, 또 그 중간이 상쇄가 되면 남은 구슬은 수직낙하 하는 방식으로 하기로 함) 시소각도를 처음에는 45도 까지 하기로 했었는데, 주재형님이 만드신 프로토타입을 보니 너무 과해서 30도로 바꾸기로 결정함 구글 독스에서 한 문서안에 여러탭 넣는 방식에 대해 처음 배웠다. (이동우님께) | E64: 아자아자 | G64: 대기
B65: 11 | C65: 이동우 | D65: 오늘은 해소 구슬의 오브젝트를 채워 넣으려고 했는데 개발을 위해 간략한 시스템 기획서가 필요할 것 같아서 작성해봤다. 구글 독스를 이용해서 진행했고 한 문서안에 여러탭 넣는거 어떻게 하는지 알았다. 오늘 정한 내용은 구슬의 분류 방법과 무게 시소의 기울기 변화에 따른 게임 상태 변화 (색으로 나타냄) 게임오버 조건 구슬이 쌓이는 방식과 그에 따른 시소의 기울기 구현방식 대략적인 ui?를 제작해 봤다 내일 할일은 피터팬 증후군 엔딩을 어떤 방식을 구현할 것인지 정하기 레벨 게이지 천장까지 쌓임 캐릭터 마저 뽑아두기 오브젝트들 아이콘화 하기(대형작업이 될 것으로 예상됨) +게임 프로토 타입이 제작 된다면 qa후 레벨 디자인 기획서와 시스템 기획서 작성 | E65: 머리를 많이 썻더니 힘든데 뿌듯하네요 실력이 비슷한 조원들과 과제를 진행하니 제가 할일이 많아져서 좋은 것 같습니다 | G65: 대기
B66: 11 | C66: 주재형 | D66: 시소 구현/구슬 쌓기 구현/시소 기울기 구현 | E66: 다들 열심히 하고 있습니다 | G66: 대기
B67: 11 | C67: 천영현 | D67: 이미지 생성만 했습니다 ㅠㅠ | E67: 다들 스트레스 받을 때 조금씩 날카로워 지지만 이해하는 마음도 중요하다는 것을 깨달았습니다! | G67: 대기
B68: 12 | C68: 강태성 | D68: 파트 재재분배 구현 중간 확인 및 타일형 발판 생성 구현 | E68: 크아악 만들게 너무 많아 | G68: 대기
B69: 12 | C69: 윤유나 | D69: 인 게임 UI 디자인 | E69: 연휴기간 쉬다 와서 그런지 정리가 잘 안됐던 점 ! | G69: 대기
B70: 12 | C70: 임동균 | D70: 전투 페이즈 관련한 기획을 구체화하고, 테이블도 작성해보고 있다. 퇴실 체크 후, 개인적으로 MSW를 이용해서 샘플을 제작할 예정이다. | E70: 크게 없다. 다만 전투같은 부분에서 PD가 생각하는게 무엇인지 정확하게 파악하지 못해서 이런 점을 혼자서 이런 경우엔 어떻고 저런 경우엔 어떻고 생각하지 않고, 정확히 어떤식으로 생각하고 있는지 물어보고 작업하는 것이 좋을 것 같다. | G70: 대기
B71: 12 | C71: 조준현 | D71: 노트생성 노트판정 롱노트생성 롱노트판정 플레이어캐릭터 노트터치 복귀(바운드) 노트(게임)진행 | E71: 메월드 프로젝트가 개인이었다면 나는 짭뮤즈대쉬를 비주얼노벨 팀들 노래 캐릭터 넣어서 만들고 있었을지도.. | G71: 대기
B72: 12 | C72: 조현일 | D72: 컨셉 기초를 다시 잡았으나....금일 쓰고 지우고 반복을 많이 한거 같습니다. | E72: 성실히 참여해주는 팀원들에 기대에 응하지 못하는듯 하여 고민이 깊어지는 시간인거 같습니다. | F72: [김상준] DM으로 소통 예정입니다. | G72: 주의
B73: 13 | C73: 신석균 | D73: 전체적인 시스템과 전투와 아이템에 대한 구성을 논의하였다. | E73: 팀원이 없다고 모든 결정에서 배제하자고 진행하는 것은 지나친 결정이라고 생각되었다. | G73: 대기
B74: 13 | C74: 김현우B | G74: 대기
B75: 13 | C75: 김흥규 | D75: 메이플월드와 AI툴 깃허브 연동, 협업 세팅, 연휴에 작업한 내용 병합 | E75: 깃허브를 제대로 써보니까 처음 세팅하는 데에 오랜 시간을 쓰게 된 게 아쉬웠다. 아직 기획적으로 디테일한 부분들이 많이 필요해서 이 부분이 내일까지 다 정해진다면 그래도 앞으로 진행이 수월하게 될 거 같다 | G75: 대기
B76: 13 | C76: 장근혁 | D76: 게임 내 상점 구성과 확률형 아이템 구성 | E76: 뭔가 소통이 잘돼서 잘 되는가 싶다가도 그렇게 진행도가 높진 않은 것 같다 확실하게 계획을 짜고 체크하면서 해봐야겠다 | G76: 대기
B77: 13 | C77: 정석현 | G77: 대기
B78: 14 | C78: 이동현 | G78: 대기
B79: 14 | C79: 김서현 | D79: 방향성 회의, MSW 간략한 UI배치 및 로직 테스트 작성, 안티그래비티를 활용한 바이브 코딩 시작 | E79: 아무래도 방향성을 맞추는 게 가장 어려웠습니다. 제 원페이지 기획안이 채택된 만큼 제 의견이 강해질 수 밖에 없는데, 제가 기획한 기획 의도와 달라진 시나리오 내용을 보며 고민을 했습니다. 시나리오 작성하시는 동현님의 의견을 최대한 따르고 싶지만, 그렇게 되면 원페이지 기획안의 기획 의도와 많이 방향성이 달라지게 되어 어디까지 타협해야 하는지 고민이 컸습니다. 다른 팀원분들도 방향성을 잡는 데에 많은 의견을 주셔서 저 또한 타협점을 잡는데에 도움을 받을 수 있었습니다. | G79: 주의
B80: 14 | C80: 박기은 | G80: 대기
B81: 14 | C81: 이도건 | D81: 게임의 방향성에 관하여 팀원들과 이야기를 계속 나누면서 각자 맡은 기획 업무를 좀더 구체적으로 구상하고 짜보았습니다. | E81: 스토리와 연출, 디자인을 위주로 하는 게임이다보니 구상과 실현가능성 등에 관하여 계획해야 하는점이 약간 쉽지 않은 것 같습니다. | G81: 대기
B82: 14 | C82: 홍태광 | G82: 대기

Sheet 220
B2: 날짜 | C2: 46073
B4: 팀 | C4: 이름 | D4: 작업량 | E4: 한마디 | F4: 비고 | G4: 상태
B5: 1 | C5: 이승구 | G5: 대기
B6: 1 | C6: 김경민 | G6: 대기
B7: 1 | C7: 김수환 | D7: 레벨디자인 및 몬스터 디자인 완료 | E7: 게임 스테이지의 진행 방식에 대해 소통이 잘 이루어 지지 못해 다시 의견을 공유하는 시간을 가졌습니다. | G7: 대기
B8: 1 | C8: 박영성 | D8: 의호님과 공동으로 카드(스킬) 시스템 기획 / 초고 기획 문서화 - (3 일차) 2026. 02. 20. 팀 전체 진행 상황 - 밸런스 진입 - 레벨 디자인 / 장비 상호 규격 설정 / 수치 입력 진행 중 - 스테이지 3 우선순위 후순위화. 스테이지 2까지 구현 개인 진행 상황 - 스킬 카드 기획 의호님과 함께 진행 - 내용 구성물 미완 및 공수 양에 따라 시스템 간소화 필요할 가능성 존재 - 현 시점까지 논의된 바 기획 문서화 | E8: 구현하면 좋을 기획 의도는 무궁 무진한데 정말 이게 시간 / 공수와의 싸움인 것 같습니다. 더불어 프로그래머 해주고 계신 해찬님께 너무나 감사드립니다........ | G8: 대기
B9: 1 | C9: 유해찬 | D9: 맵 테이블 연동, 적 캐릭터 테이블 기반 배치 완료 / 배치된 데이터 접촉시 전투시에 사용하는 데이터에 연동하는 과정 진행중. | E9: ; ^ ; | F9: [양윤석] 개발만 하느라 힘들어 보입니다. [김상준] 관련하여 지난주 소통 진행했으며, 힘들긴 하지만 기획적으로도 성장하는 발판이 된다고 생각하고 있습니다. | G9: 대기
B10: 1 | C10: 한의호 | D10: 전투 구현 로직 설계, 데미지 계산 방식 설계 | E10: 게임의 코어 루프 부분에서 팀원 간의 이해 방식이 달라 조정해야 하는 이슈가 있었습니다. 장비 기획 파트인 만큼 레벨 디자인과 깊게 연관 되어있는 작업이다 보니 수치에 대한 조정을 해야 하는 부분에 있어서 난항을 겪었으나 팀원분들과 충분한 상의 끝에 밸런스의 기준을 세우고 작업을 이어나갈 수 있었습니다. | G10: 대기
B11: 2 | C11: 김범진 | G11: 대기
B12: 2 | C12: 박현수 | D12: 어제 아군 유닛과 적유닛에 대한 설계를 마치고 플로우차트를 만들었습니다 공격 로직에 대해서 만들었는데 굉장히 생각해야되는 부분들이 많아서 어려웠습니다 그러나 머리가 아픈만큼 저의 기획역량에 도움이 되는 시간이라 생각하기에 재밌었습니다! | E12: 프로그래밍에 대한 이해가 기획적 사고에 굉장히 많은 도움이 된다는 것을 깨달았습니다 | G12: 대기
B13: 2 | C13: 이균호 | D13: 어제 작성한 플로우차트를 바탕으로 메이플월드에서 MVP 구현 | E13: 범진님이 도와주시는데 코딩하고 있으니까 속이 울렁거립니다... 하하하 | G13: 대기
B14: 2 | C14: 이석훈 | G14: 대기
B15: 2 | C15: 손호진 | G15: 대기
B16: 2 | C16: 정재용 | D16: 생성 캐릭터의 부족한 점을 체크하여 움직임을 표현할 수 있는 것 2프레임 씩 만든 후 공유 | E16: 힘내보겠습니다..! | G16: 대기
B17: 3 | C17: 김시온 | G17: 대기
B18: 3 | C18: 윤동현 | D18: 오늘은 어제 작업하고 마무리하지 못한 특전 관련 UI 및 아이콘 등을 모두 제작 완료했습니다. 추가적으로 WBS를 확인해보니 거의 모든 UI 리소스가 제게 맡겨져서 UI관련 부분은 제가 해본 적이 많이 없던 터라 공부를 좀 해야할 거 같습니다. 특히 관련 이미지들을 손수 제작하려고 했으나 경험이 없던 탓에 시간이 너무 지체되는 것 같아 결국 제미나이 프로를 구매하고 진행하게 되었네요. 물론 프로를 이미 구매한 팀원들에게 도움을 구하거나 일을 맡기는 식의 진행도 가능하기야 하겠지만 해본 적 없던 것이니 이왕에 경험을 하여 나중에 있을 플밍반과의 합반 때를 위해 제가 진행하기로 마음 먹게된 것 같습니다. | E18: 아직까지는 큰 이슈는 없는 것 같습니다. 다만 프로젝트 진행 중에 게임의 장르가 바뀔 수도 있는 의견이 몇 번 나왔어서 작업에 집중이 조금 안된 경험이 있긴 한 것 같습니다. 결국 기존에 정했던 장르로 가게 되었지만, 뭔가 팀의 방향성이 한번 씩 흐트러지는 느낌이라 아쉽긴 한 것 같습니다 | G18: 대기
B19: 3 | C19: 장윤우 | D19: 시나리오 연출 시스템 기획서를 작성했습니다. 튜토리얼 이벤트, npc 등장 이벤트, 엔딩 이벤트, 인게임 텍스트 시스템 등등 | E19: 으윽 시간이 부족해요 시간이! 물리적인 시간이 부족합니다. 욕심은 한가득인데... 그래도 열심히 하겠습니다. 그것이 인간... | G19: 대기
B20: 3 | C20: 정재훈 | D20: 보스 스테이지 제작, 보스 아트 리소스 제작 | E20: 어제 저녁에 갑자기 프로젝트 게임 장르를 바꾸는게 어떠냐는 얘기가 나왔어서 어제 작업을 미처 못하고 오전 회의까지 하다보니 시간을 좀 많이 뺏긴것 같았다. | G20: 대기
B21: 3 | C21: 정우경 | D21: 데모버전 복구 | E21: 에러가 너무 많이 발생한다. 완성할 수 있을지 걱정이다. 하지만 꼭 완성하고 싶다. 내 자신을 너무 갈아넣고 싶지 않다. 하지만 꼭 성공하고 싶다. 팀원들이 많이 도와주는데 감사한 마음과 미안한 마음이 동시에 생긴다. | F21: [양윤석] 월요일날 면담 해보면 좋을거 같아요 [안중재] 정기면담도 진행 전이라 면담 진행하겠습니다 | G21: 대기
B22: 3 | C22: 한재환 | D22: 데이터 테이블 정규화 작업 | E22: 열심히 참여하긴 했지만, 다른 분에 비해 활약하는 건 없는 느낌이 듭니다. 뭐, 그래도 점점 나아질 것이라 생각이 듭니다. | G22: 대기
B23: 4 | C23: 이형진 | G23: 대기
B24: 4 | C24: 곽용준 | D24: 인게임 채팅 UI 작업 완료 | E24: 오늘 작업의 방향성이 어느 정도 잡힌 것 같습니다 | G24: 대기
B25: 4 | C25: 이가현 | D25: 밸런스 디자인 및 QA (무기 데미지, 무기 투사체 개수, 속성 데미지, 적 체력, 적 이동속도, 웨이브 당 등장하는 적 분량, 웨이브 당 등장하는 적 종류 및 비율, 적 처치 후 획득 골드) 엔진 코드 해석 적 모델 추가 (1~3스테이지 용 약한 모델) | E25: 밸런스 디자인에 너무 다양한 요소가 얽혀 있어 특정한 값을 지정하기가 어려웠습니다. 무기 1가지의 공격력을 강화하면 다른 무기와의 조합과 밸런스가 무너지고, 적을 약화하자니 이후 스테이지를 위해 적 모델 생성의 공수가 올라가는 등의 고민이 많았습니다. 특히 타자 게임으로 유저의 타자 속도에 따라 격차가 강하기 때문에 팀원들에게 잦은 QA를 요청하며 의견을 듣는 과정이 필수적이었습니다. | G25: 대기
B26: 4 | C26: 이승진 | D26: 배경 리소스 탐방 UI 디자인 기획 보조 | E26: UI 디자인 방향을 잡는게 처음이라 이게 좀 난항이었습니다. 사실 제 담당도 아니었는데 열심히 보조하다보니 제 할일에 집중하진 못했습니다. 하지만 UI 방향성을 잡으면서 UI 기획에 대해 많이 고민해보고 팀원들의 조언을 통해 많이 배울수 있었던 하루였기에 배울점은 많았다 싶어서 만족스럽습니다. 제 담당 자체가 우선순위가 높은 편은 아니기때문에 좀 더 시급한 UI쪽을 도와주는게 올바른 판단이지않았나 싶습니다. 야근... 을 통해 제 할일을 마저하는것도 좋지만 주말도 있고 오늘은 쉬자는 이야기들이 나왔으니 저도 오늘은 좀 쉴듯 합니다. 오늘 하루도 모두들 감사했습니다. | G26: 대기
B27: 4 | C27: 오종호 | D27: 캐릭터&타이틀 BGM, 게임 QA, 필살기 기획 | E27: 열심히 잘하고 있고 팀 분위기도 잘 살리고 있는거 같다 나 칭찬해 | G27: 대기
B28: 4 | C28: 임소영 | G28: 대기
B29: 5 | C29: 승정하 | G29: 대기
B30: 5 | C30: 고승주 | G30: 대기
B31: 5 | C31: 김민수 | D31: 팀원들 기획서 템플릿에 맞춰 수정, 지침서 작성, 몬스터 스폰 시스템 구성, 랭킹 시스템 재논의 무기발사시스템 재논의 | E31: 생각보다 구현위치에 오니 기획서에 들어가면 좋겠는 내용이 너무 많아서 많은걸 배우고 있습니다 | G31: 대기
B32: 5 | C32: 예인해 | D32: 무기 레벨업 기획, 아이템 드랍 루팅 기획, (타이머 시스템 리빌딩 진행중...), 무한모드, 패널티 시스템 초기안 작성 | E32: 뜌땨이땨땨 사람이 개처럼 일하는데 어필을 안하면 사람을 개로 본다를 알았읍니다. 응애... | G32: 주의
B33: 5 | C33: 이원홍 | D33: 수정사항 반영 및 맡은 기획서 컨펌 완료, 다른 업무 추가지원 | E33: 오늘도 고생하십니다 모두! | G33: 대기
B34: 5 | C34: 한지우 | D34: 오늘 하루는 컨셉으로 잡은 실험실 테마 리소스 찾아서 즐겨찾기 등록하고 문서에 옮겨놓는 작업을 했습니다 별로 없을줄 알았는데 찾아보니 꽤 많이 있었습니다 | E34: 눈이 바쁜 하루였구용 ㅠㅠ 컨디션도 잘 챙겨야 겠습니다! | G34: 대기
B35: 6 | C35: 이정헌 | D35: 기획서 정리, 작업 일정 추가 그리고 수정 및 재분배, ppt발표자료 초기준비, 회의록 작성, 데이터 테이블 초안작성, 아트 리소스 검수, 사운드 리소스 검수, 탄환 사출이미지 리소스 제작 | E35: 순항중인 것 같습니다. 월드를 따로 생성하여 기능구현 두분이서 따로 작업을 하고 있는데 합쳐서 충돌만 나지 않는다면 큰 문제가 없을것 같습니다. 오히려 너무 순항중인듯 하여 놓치고 있는게 있는가 걱정이 듭니다. | G35: 대기
B36: 6 | C36: 김윤규 | D36: 사운드 작업 및 게임 배경음악 작업 | E36: 사운드쪽은 처음 만져보는데 머리가 많이 뜨겁습니다... 효과음같은 게 많이 골때리네요... | G36: 대기
B37: 6 | C37: 김지훈 | D37: 보스/몬스터 다운샘플링, 스프라이트 생성 | E37: 디자인만 하다보니 재미가 없는 거 같습니다 | G37: 대기
B38: 6 | C38: 김태환 | D38: 스테이지 선택 / 대화창 프리셋 완성 | E38: 바이브 코딩은 꼭 하나하나 점검해나가면서 작성하자... 나중에 고치려고하면 코드내용을 확실하게 아는 것이 아니라 고치기 너무 힘들다.......... | G38: 대기
B39: 6 | C39: 김태훈 | D39: 플레이어 HPui 제작, 플레이어 레벨 및 경험치 로직 제작, 무기스킬 완성, 적 2종류 로직 완성 | E39: 개발하고 항상 메모를 해야 되는 버릇을 가져야 된다고 생각이 된 하루인것 같습니다. 어제한거를 오늘 까먹어요 ㅠㅠ | G39: 대기
B40: 6 | C40: 맹지훈 | D40: 대비용 캐릭터 스프라이트 작업, 로비 이동 타이틀 샷 작업, UI 아트 관련 기획서 1목차 작성(메인 스테이지) | E40: 저는 적 스프라이트가 완성이 안될까 우려가 심합니다. 점점 이미지 화질 높이는 방법이 구체화해가고 있습니다. | G40: 대기
B41: 7 | C41: 김영도 | D41: 통합 기획서 데이터 테이블 작성 | E41: 아직 메이플 월드 시스템 구축에 좀 힘든 점이 있는 것 같다는 생각이 듭니다. | G41: 대기
B42: 7 | C42: 권수빈 | D42: 사운드 기획서 작성, 배경 음악 1 생성, 효과음 생성 및 수집 | E42: 프로젝트는 잘 진행되고 있고, 어제는 개인사정으로 프로젝트에 참여하지 못했기에 남은 시간 더 열심히 해야겠습니다. | G42: 대기
B43: 7 | C43: 김현우A | G43: 대기
B44: 7 | C44: 박원우 | D44: 실시간액션전투시스템구현완료 > 몬스터 스폰및 배치 시스템, 몬스터ai로직, 스테이지 리셋및 스테이지이동기능 구현 | E44: 이거 플밍반으로 전과해야할거같은데요 | G44: 대기
B45: 7 | C45: 송아영 | D45: 적..보스..포트레이트..도트..작업.. | E45: 정ㅁ라 AI가 문제가 아니라 제가 문제인건가요?!!?!?! | F45: [양윤석] 네 AI는 잘못이 없어요 | G45: 대기
B46: 7 | C46: 채지형 | D46: 아트 레퍼런스 생성, 플레이어, 적 스킬 디자인 | E46: 뭔가 뒤죽박죽 우당탕탕 시작이지만 어떻게든 다 진행되네요 | G46: 대기
B47: 8 | C47: 이영우 | D47: 캐릭터 스위칭 및 공격, 스킬 스위칭 구현 | E47: 메이플 월드가 GPT를 이겼습니다. 제미나이가 메이플 월드를 이겼습니다. | G47: 대기
B48: 8 | C48: 강유민 | D48: 시나리오 대본 완성 및 컷씬 스토리보드 제작 | E48: 프로젝트를 진행 하는데 있어, 체크해야 할 부분이 있어 지켜보고 있습니다. 조금 더 지켜보고 확신이 서면 말씀드리겠습니다. :) | G48: 주의
B49: 8 | C49: 권현민 | D49: 메이플월드 내에서 적 몹을 만들기 시작했습니다. | E49: 팀원분들로부터 많이 배우게 되는 것 같습니다. | G49: 대기
B50: 8 | C50: 김재환 | D50: 오늘은 오전 오후 전부 엔진이랑 씨름... 보스 미니게임의 구현 뭐부터 해야 되는지 몰라서 이리저리 찾아보다가 엔티티, 컴포너트, 프로퍼티의 개념은 알았다 (내 8시간...) | E50: 오늘 아무것도 못했는데 마감일이 다가오는것이 무섭네요 ㅎㅎ; | G50: 대기
B51: 8 | C51: 이준혁 | D51: 레벨디자인 완료, 각 컨텐츠를 레벨디자인과 연결시켜 얼마나 재미를 줄 수 있는지 파악(기믹적 요소와 레벨디자인의 연관성 고려), 몬스터 디자인에 따라 레벨디자인의 형태 제안 (정규전과 집단전 개인전 등), 플랫폼을 접근하는데에 있어 신중함을 요구하는 레벨 디자인, 각 마을별 퍼즐에 유의미한 형태의 변화 기믹을 진행하는것이 좋아보인다. 최종전은 어떻게 진행되는가? 이 부분을 고려해 스위칭 시스템을 축소하거나 개선할 필요성, 현재 시스템에 있어 유의미한 사항을 넣으려면 쿨타임 전투가 필요해보인다. 최종전 보스의 형태와 히트박스, 크기, 공격 범위를 산정하여 플레이어블캐릭터의 기능 수정이 필요해보인다. 최종전 타이밍 논의, 스위칭 최종폼이 각 퍼즐요소 및 최종전에 있어 부적절하다고 판단. 폐기 요청 -> 폐기 완료. 캐릭터 스킬 디자인 재설정, 일반 공격 디자인 재설정, 구현 가능 범위 내에서 캐릭터 전면 수정, 스위칭 전면 수정, 적 캐릭터 디자인에 맞춰 레벨디자인 문의, 답변에 따라 수정, 플레이어블 캐릭터의 조작 구현 문의, 답변에 따라 레벨디자인 수정, 레벨디자인 설계 최종 완료, 구현중 | E51: 무념무상 | G51: 대기
B52: 8 | C52: 장호윤 | D52: UI 기능구현 및 제작 | E52: 제가 예민한건진 모르겠지만 UI가 참 픽셀단위로 살짝만 흐트러져도 불-편해지다 보니까 의외로 시간을 많이 잡아먹어서 힘들었습니다. 그리고 디자인엔 재능이 없다는 것을 재차 확인하고 UI 배치 하는 것도 AI에게 맡기는 중입니다... 제미나이 만세 챗지피티 만세 우리존재화이팅! | G52: 대기
B53: 9 | C53: 박민규 | D53: 미니게임 10개중 4개가 메이플 랜드 이식에 성공하였습니다 | E53: 다른 팀과 비교해 말수는 적지만 트러블은 적은팀 인거 같습니다. | G53: 대기
B54: 9 | C54: 서진호 | D54: 금일은 전체적으로 RUID 체리 피킹과 미니 게임 중 하나인 플래피 버드를 완성했습니다. 난이도가 쉬운 것 같다는 피드백을 받았는데, 기존 HTML의 경우 파이프가 한 개만 보였지만 메이플 월드는 더 많이 보여서 다음 동작을 쉽게 예측할 수 있는 것으로 결론이 났습니다. 내일부터(네 토요일 맞습니다) 본격적인 포팅 작업이 시작되는데 PC 부품을 바꿔야해서 걱정이 꽤 크네요. 조금 안정적인 버퍼를 만들기 위해 주말에 시간을 좀 내서 작업을 해야할 것 같습니다. | E54: 음... 오늘 그렇게 크게 어려웠던 부분은 없었습니다. 오늘보단 내일 해야할 사항들이 걱정이 되네요. 그래도 걱정도 되지만 해냈을 때의 그 뿌듯함을 생각하면 설레기도 합니다. 오늘 하루도 고생 많으셨습니다. | G54: 대기
B55: 9 | C55: 오동건 | D55: 1차 QA를 바탕으로 기획서 보완 아트 리소스 찾기 | E55: 기획은 전부 끝났고 다음주 월요일부터 게임을 만들고, 나오고 제대로 들어갈 것 같다. 기본 틀은 다 짜뒀으니 제대로 해봐야겠다. | G55: 대기
B56: 9 | C56: 이도민 | D56: 메이플 리소스 정하고 넣기, QA 후 개선 사항 게임에 적용하기 | E56: 다들 오늘 하루도 고생 많으셨습니다 ! 즐거운 주말 보내세요 ! | G56: 대기
B57: 9 | C57: 이유송 | D57: [타이밍 눈치게임] HTML 코드 완료 + 메월 아트 디자인 리소스 찾기 완료 / [좀비 생존전] HTML 코드 완료 + 메월 아트 디자인 리소스 찾기(작업중) | E57: 방대한 메월 리소스에 엄청 놀라울 따름이다. 젠장……….찾아보자 찾다보니 왤케 맵이 못생겨지는 걸까…. 더 찾아보자……찾아보자……… | G57: 대기
... B63: 11 | C63: 배주빈 | D63: 회고록 [7일차] 나의 작업 진행 현황 오전 1. 의무 구슬 리스트 작업 완료 2. 제임스 파커의 이미지 작업 진행. (원본의 이미지 화풍을 정확하게 구현하는데에 어려움을 빚음) 오후 1. 제임스파커 이미지 생성 90% 완료 분기별로 나눠지는 제임스 파커의 이미지를 생성함. 2. 원본과 달라지는 방향으로 제임스 파커 이미지를 생성하는 것으로 잡혓다. 짜리몽땅한 몸 -> 떡대있고 기럭지있는 몸매 3. 제임스 파커가 늙으면서 진행되는 탈모의 단계적 묘사에 시간이 다소 걸렸다. 4. 제임스 파커의 이미지 작업완료 5. 이제, 제임스 파커의 아내인, 마엘 루미에의 이미지 작업 시작. 원본의 마엘 루미엘에 레퍼런스를 넣는데 원본의 이미지 속 외형이 많이 변형되는 상황이 나와 시간이 다소 걸림. -> 원본이지만 넣고 레퍼런스 이미지는 삽입하지 않되, 최대한 프롬프트를 입력하니 원본의 이미지를 살린채 새로운 이미지가 생성됨. ->레퍼런스를 넣는다고 다해결되는 것은 아니라는 걸 깨달음. 6. ai마다 잘뽑아내는 작화풍이 있다는 것을 깨달음 -> 같은 학습을 진행하고 동일한 이미지와 프롬프트를 입력해도 두 ai 서로 다른 스타일의 이미지를 뽑는 사실. 팀내 진행상황 오전 1. 4종 게임오버의 확립 2. 파란색 빨간색 구슬의 상쇄되고 효과이펙트까지 구현이 됨 3. 1930년대 까지만 해소 구슬 리소스의 흑백으로 리소스의 컬러 전환 4. 해소 구슬부터 아이콘화 작업 진행. 5. 시스템 명세서의 내용 갱신(배경전환 레퍼런스) 6. 1930년 마지막 구슬은 컬러 구슬인 “오즈의 마법사”가 고정으로 나타남. 7. 학습 매니저님의 도움 요청으로 일정의 관리를 확인하고 작업량을 줄이는 것으로 타협 오후 1. 프로토타입에 카르마 바까지 구현이 많이 진행됨 2. 적재한 리소스 자원의 아이콘으로 가공하는 과정이 길다는 의견에 해당 아이콘을 만드는 작업은 최후순위에 위치하고 다른 작업부터 시작하는 것으로 결정. | E63: 아트는 괴롭다..... 즐겁지만..... ㅠㅠㅠㅠㅠㅠㅠㅠㅠㅠㅠㅠㅠㅠㅠㅠㅠㅠㅠㅠ | G63: 대기
B64: 11 | C64: 김민제 | G64: 대기
B65: 11 | C65: 이동우 | D65: 7일차 회고록 2.20 오늘은 아침에 어제 토의했던 게임오버 방식과 레벨업 시스템에 대해 마저 이야기했다 토의 내용: 게임 오버 방식 정형화 균형유지 실패 많이 흘림 제시간안에 레벨 게이지 채우는거 실패- 너무 많이 쌓여서 천장 뚫어버림 레벨업 게이지 활성화 이유: 오브젝트를 해소했을때 유저에게 생기는 변화를 시각적으로 보여주기 위한 장치가 필요하다는 의견이 있었음 토의를 마치고 결정된 내용은 시스템 기획서에 작성해뒀다 그리고 기획서를 작성한 뒤 오브젝트들 아이콘화를 진행했다 아이콘화 할때 나왔던 의견들 1930년대 까지는 흑백으로 1930년대 마지막 오브젝트로 오즈의 마법사(첫번째 컬러 영화)가 나오고 이후로 나오는 오브젝트는 컬러로 나오게 하기 현재 음식이랑 음료를 아이콘화 하고 있는데 방법을 찾는데 시간이 좀 오래 걸려서 18시인데도 1950년대이다.. 우리조의 오브젝트 내용물은 총 818개 한 아이콘을 뽑는데 30초라고 쳐도 한시간에 120개, 818개 다 뽑으려면 6~7시간 정도 걸린다.. 원래는 오늘안에 아이콘화 다 할려했는데 일단 음식이랑 음료 다하는걸 목표로 잡고 나머지해야겠다 하면서 고민됏던 부분이 1. 아이콘의 그림 내용물은 얼마나 디테일 해야할지 2. 아이콘화 했을때 플레이 하는 사람에게 가장 많이 보이는 부분이 어디일지 3. 아이콘의 그림체는 일정하게 뽑아야할지 아님 그시대의 시대상을 반영해야할지 였는데 1번은 오브젝트가 다른 오브젝트들과 구분이 되나?를 최우선 기준으로 삼았고 2번은 아이콘 대표색과 그림체?라고 생각했고 3번은 그 시대상을 반영해서 뽑는게 우리 게임과 맞다고 판단했다. 허리가 아파서 이만..GG | E65: 저녁먹고 또와야 하는데 행복합니다 오늘안에 아이콘작업의 50%라도 끝마칠 수 있길 바라며 이만 adidas | G65: 대기
B66: 11 | C66: 주재형 | D66: 물리 시스템 리팩토링/UI 작업 시작 | E66: 다들 열심히 하십니다 | G66: 대기
B67: 11 | C67: 천영현 | G67: 대기
B68: 12 | C68: 강태성 | D68: 캐릭터에게 카메라가 추적하는 기능 추가 이는 리듬 파트에서 액션 파트로 전환 시 캐릭터가 뛰어내리는 움직임에 따라 캐릭터를 추적하는 기능 구현을 위한 것이었음. 또한 프로젝트 상에서 UI엔티티 생성이 불가한 오류가 프로젝트 자체의 문제임을 파악 이를 수정하기 위해 새 프로젝트에 기존 엔티티들을 이식하는 작업을 진행함 물론 말이 이식이지 사실상 빈 엔티티를 새로 만들어 하나씩 추가하는 식으로 이식했음. 스크립트화 되지 못한 모든 파라미터, RUID값, 엔티티의 이름 등 모든걸 수동으로 집어넣음. 메월드는 정말 최고의 툴입니다. | E68: 제가 팀원들의 편의를 너무 봐주고 있었다는 생각이 들더군요. 결과물을 도출하고 구현한 뒤 합치는 과정이 이리 혼란스럽다니. 이것은 제가 마음을 굳게 먹지 못한 탓일겁니다. 제가 처음부터 팀 프로젝트의 방향성을 착각한 모양입니다. 결국 구현 가능한 방안을 찾고 구현한다. 그리고 그 과정에서 깨달음을 얻는다는게, 이 팀 프로젝트 전체의 목적이라면 그걸 따르는게 맞는거겠죠. 그것에서 회피한다면 그것은 배움을 얻을 기회를 버리는 것과 같습니다. 미적지근한 팀원간의 소통, 아이스 브레이킹 조차 할 수 없는 숨막히는 공기, 일정과 개발적 압박, 공상에 빠져 현실을 직시하지 못하는 팀원에 지친 저는 지금부터 표독해지려고 합니다. 모든것은 일정을 위주로 굴릴것이며 남은 기간 안에 어떻게든 모두를 개발에 참여하게 하여 프로젝트를 마무리하는게 목표가 되었습니다. 아 물론 대전제는 배움과 협동이랍니다~ 저를 말려주십쇼. 아마 월요일날 제가 파충류가 될지도 모릅니다. | G68: 주의
B69: 12 | C69: 윤유나 | D69: 곡 선택 UI작업 | E69: 컨셉에 대한 기획이 확고해졌고, UI 또한 반영이 됐는데, 제작 시 제가 작업이 너무 느려서 걱정이됩니다 ㅎㅎ | G69: 대기
B70: 12 | C70: 임동균 | D70: 전투구간의 몹 스폰되는 것을 제작해보았다. 처음 만든게 오류가 너무 심해서, 싹 엎고 새로 만들어보왔는데 아직 시행착오를 더 겪어야 제대로 될 것 같다... | E70: Lua Script를 배우고 하는것보다 메이플스토리월드 자체를 배웠어야 조금 더 원활하게 할 수 있었을 것 같다. | G70: 대기
B71: 12 | C71: 조준현 | D71: 기존에 작업하던 것을 최적화 하였습니다 + 저희 맵이 ui 생성 및 변경 추가가 안되어서 맵을 새로만들다보니 import 를 적용하면서 오늘 새롭게 만들고 적용한게 많네요, 그래서 열심히 롱노트를 누를때 다른노트 입력가능하게 하기 입력할때 따로 별도 모션 가능하게 하기 롱노트 판정 + 이펙트 만들기 | E71: good day | G71: 주의
B72: 12 | C72: 조현일 | D72: 의도치 않게 캐릭터 아트도 담당하게 되었습니다. 스프라이트 뽑는게 어렵네요. 나름 괜찮게 뽑기는 한거 같습니다....금일 토큰을 다 태워서요. 다만 조금 더 잘 할 수 있었을거 같습니다. | E72: 여전히 고민이 많아지는거 같습니다. 다만...제가 가야 할 단 하나의 길은 확실히 보이는거 같습니다. 그 너머를 확인하기 위해 저는 가겠습니다. | G72: 대기
B73: 13 | C73: 신석균 | D73: 프로젝트 총 기획서를 완성하고 아이템에 관한 세부 기획서와 데이터 시트를 작성하고 프로그래밍에 있어 도움을 제공 | E73: 생각보다 힘들고 시간이 너무 부족한 것 같다. | G73: 대기
B74: 13 | C74: 김현우B | D74: 서로 코드 병합햇을때 나오는 버그 수정 및 각종 버그 수정 특정 상점 스테이지 기능만 구현 | E74: 다들 열심히 해주시고 잘해주셔서 좋았습니다. 차근차근해보면 될 것 같습니다. 재미가 있을지는 다 만들고 테스트하면서 수치 조정및 UI 넣어봐야겠습니다. | G74: 대기
B75: 13 | C75: 김흥규 | D75: 정비와 전투 시간 구분, 전투 시간 시 인벤토리 잠금, 인벤토리 내 아이템 전투에 사용 가능하게 변경, 비정형 아이템 구현, 아이템 회전, 상점(진행 중), 버그 수정, 깃 오류 해결 | E75: 야호~ | G75: 대기
B76: 13 | C76: 장근혁 | D76: 장비 아이템 및 아이템 이미지 RUID 구성 | E76: 굉장히 수월하게 잘 흘러갔다 최고의 하루 | G76: 대기
B77: 13 | C77: 정석현 | D77: 아이템 관련 시스템 논의 아이템 기획 아이템 데이터 테이블 작성 | E77: 어제 휴가를 다녀왔더니 기존에 기획했던 것들과 달라진게 꽤 많았다. 연휴가 끼어있기도 했고 아직 시스템이 완전히 정해진게 적다보니 순식간에 휙휙 바뀌는게 많은 시기인 것 같다. 그래도 빠르게 내용들을 이해하고 오늘 목표 할당량도 채운 것 같아서 다행이다. | G77: 대기
B78: 14 | C78: 이동현 | D78: 전체적인 작업 상황 확인 및 필요 업무 할당, 사운드 리소스 생성, 시나리오 방향 설명, 각 파트 업무 컨펌, 메이플스토리 월드 리소스 서칭 했습니다. | E78: 의견에서 취향이 갈리는 점이 가장 설득하거나 논의하는 데에 골치가 아팠습니다. 누군가가 맞고 틀리는 문제가 아닌지라 더욱 그랬습니다. 그래도 전체적인 완성이나 조율을 생각했을때 더 좋은 방향으로 해결했습니다. | G78: 대기
B79: 14 | C79: 김서현 | D79: Entity 목록 추가, Github에 logic 스크립트 commit, 메월드에 UI 배치 | E79: 다들 적극적으로 의견을 공유해주셔서 좋았습니다. | G79: 대기
... B82: 14 | C82: 홍태광 | D82: 캐릭터 이미지 제작 | E82: 오늘까지, 제 파트의 최소 완성도 30%를 달성했습니다. | G82: 대기

Sheet 223
B2: 날짜 | C2: 46076
B4: 팀 | C4: 이름 | D4: 작업량 | E4: 한마디 | F4: 비고 | G4: 상태
B5: 1 | C5: 이승구 | D5: 리소스 수집 업무 지정 발표자료 작성 | E5: 살려주세요! | G5: 주의
B6: 1 | C6: 김경민 | G6: 대기
B7: 1 | C7: 김수환 | D7: 메인 타이틀 페이지 생성 | E7: 점차 게임이 만들어 지고 있어 가시화 되고 있는 것 같습니다. | G7: 대기
B8: 1 | C8: 박영성 | D8: - 타일 관련 리소스 산출 작업 - 필수 리소스들 1차 초안 산출 완료 (맵 / 구획별 길 타일 1개 혹은 후보군) - 데코레이션 타일 작업 게시 - 데코레이션 타일 1스테이지 분량 초안 산출 완료 | E8: 내일 대학교 휴학 문제로 불가피하게 하루를 비워야 하는데 한창 다들 일하고 있을때 죄송스러운 기분이 듭니다... 남은 시간은 더 열심히 해야겠습니다 | G8: 대기
B9: 1 | C9: 유해찬 | G9: 대기
B10: 1 | C10: 한의호 | D10: 배경 리소스 추출 및 보정 작업 | E10: 하루 종일 AI 써서 배경 리소스만 뽑으니 머리 쓸 일이 줄어서 편하긴 한데 imageFX가 이상하게 이미지 뽑으면 답답해서 소통이 안 되는 동료와 함께 일 하면 이런 기분이겠구나 싶다는 느낌이 들었습니다. | G10: 대기
B11: 2 | C11: 김범진 | D11: 게임 로직 진행, 팀원간의 작업 분배 시작했습니다. | E11: 오늘 작업이 많이 바빠서 회고를 짧게 올리겠습니다. 여유되면 제대로 작성하겠습니다. | G11: 대기
B12: 2 | C12: 박현수 | D12: - 중간 기획서 작성(1시간 내외로) - 정예몹 소환조건 설정 - 수치 데이터 - 넉백 + 피격제한(플로우차트 - 스킬 + 스테이지 설계 | E12: 프로젝트가 마무리되는 단계이고 꼭 출시할 수 있도록 마지막까지 열심히 할 생각입니다! | G12: 대기
B13: 2 | C13: 이균호 | D13: 타이틀 화면부터 엔딩화면까지 플로우차트 작성 그리고 필요한 UI 이미지 작업 | E13: 오늘은 코딩도 아니고 기획서 작성도 아니고 엔진을 많이 만지는 날이었다. 직접 만져보니 개발자가 게임을 만들기 쉽도록 도와주는 프로그램이란 말이 어떤 의미인지 느꼈다. | G13: 대기
B14: 2 | C14: 이석훈 | G14: 대기
B15: 2 | C15: 손호진 | G15: 대기
B16: 2 | C16: 정재용 | D16: 모든 이미지의 누끼를 따고 이미지 변화 및 배경화면 작업 | E16: 앞으로 일주일도 안남았네요.. 더욱더 힘내보겠습니다 | G16: 대기
B17: 3 | C17: 김시온 | D17: 튜토리얼 스테이지스프라이트 교체 및 배경, 배경음까지 배치 완료. 레벨디자인에서 건들 것은 없으며, 예상 튜토리얼 시간은 40초 정도. 중간 보고 제출. WBS 업데이트. map02 레벨디자인 중. 경험치 공식(예상 테이블)도 제공할 예정. 지수 함수에 보정을 섞을 수 있음. | E17: 슬슬 눈이 화끈화끈하고 몸이 이상신호를 보내긴 합니다 ㅋㅋㅋㅋ 그래도 점점 완성되고 있는 게 눈에 보여 기분이 좋습니다. | G17: 대기
B18: 3 | C18: 윤동현 | D18: 스킬 세부 기획서 v0.2 (타격 판정, 타입 / 타수 / 사거리 / 데미지 및 효과 등등) / 망치 클래스 스킬 스프라이트 제작 | E18: 콘텐츠 기획서 상에 특전 스킬에 대한 기획서가 작성되어있었지만, 너무 설명서? 같은 느낌이라 특전 스킬에 관해 세부적으로 정리한 기획서를 작성하였습니다. 그리고 스킬 이펙트 스프라이트 제작의 경우 제가 프롬프트를 잘 못 주는 건지 맘에 드는 스프라이트 시트가 나오질 않아서 시간을 많이 태워먹은 것 같습니다.. | G18: 대기
B19: 3 | C19: 장윤우 | D19: 검스킬 사운드 1234 추가, 일반 몬스터 c 생산, 엘리트 몬스터 1 idle, skill1, skill2 제작 시나리오 데이터 시트 제작( 추후 추가 수정) | E19: 구글 제미나이와 루도는 신이야!구글 제미나이와 루도는 신이야!구글 제미나이와 루도는 신이야!구글 제미나이와 루도는 신이야!구글 제미나이와 루도는 신이야!구글 제미나이와 루도는 신이야!구글 제미나이와 루도는 신이야!구글 제미나이와 루도는 신이야!구글 제미나이와 루도는 신이야! | G19: 대기
B20: 3 | C20: 정재훈 | D20: 보스 스테이지 제작 완료, 엔딩 시나리오 스테이지 80퍼센트 완성 | E20: 디벨로켓 아트반이 있었다면... 아트에 들이는 시간을 줄일 수 있지 않았을까? 하는 생각을 하곤 합니다 | G20: 대기
B21: 3 | C21: 정우경 | G21: 대기
B22: 3 | C22: 한재환 | D22: Ruid로 수정, 이미지와 연출 두 가지로 나눔. | E22: 흠... 잘하고 있는지는 모르겠네요. 다들 잘하시는 분들이라.. | G22: 대기
B23: 4 | C23: 이형진 | D23: 아침 회의 게임 방향성 결정 (완성형 게임) 레벨디자인 피드백 및 공동 작업 UI 피드백 및 팀원 상담, 공동 작업 데미지 출력 구현 갈아 엎은 DB 불러오기, 상점에 적용 기획서 피드백 칸반 작성 및 최신화 | E23: 팀장부터 의욕이 점점 빠지기 시작합니다... 체력 이슈인 것인지 월요병인 것인지 팀원들의 사기도 조금씩 꺾이고 있는 것이 보였습니다. 어떻게 해야 이 의욕이 조금씩 잔잔하게 타오를지 고민입니다... 근데 반대로 팀원들에게 "일 좀 주세요!" 하고 쪼아지는 느낌입니다... | F23: [김상준] 리소스 퀄리티 업 쪽에 대한 작업을 추가 지시했다고 합니다. | G23: 주의
B24: 4 | C24: 곽용준 | D24: 마켓 UI (배경, 스킬 아이콘 하나씩) 피스톨, 샷건, 스나이퍼, 관통, 연사, 출혈 1, 2, 3, 4, 5, 6 선술집 배경 같은 느낌 반영 완료 | E24: 팀장님과 앞으로의 방향성에 대한 이야기를 하여서 좋았습니다 앞으로 다른 학우분들과도 좋은 대화를 하며 배울 수 있었으면 좋겠습니다 | G24: 대기
B25: 4 | C25: 이가현 | D25: 경제 밸런싱 디자인 : 웨이브당 등장하는 적의 수, 적 처치 시 획득하는 보상, 강화에 필요한 재화, 유저의 예상 레벨 등을 고려하여 재화 가치를 조정했습니다. 최종 스테이지 직전에 전체 만렙이 아닌 6개의 항목 중 3개 이상 만렙이고 4개까지는 만렙이 되지 않도록 조정하는 것이 목표였습니다. 이를 위해서, 최대 획득 재화량과 각 스테이지별 분배, 몬스터 스폰 개수를 정리했습니다. | E25: 3일 동안 밸런스만 만지고 있어서 조금 답답하고 막막합니다. 정말 너무 많은 요소들이 연계되어 있어서 한 가지를 확정 지을 수 없는데, 기준점이 없다는 것이 진행을 더디게하니 진행이 안되고 있는 것 같습니다. 우선 오늘 강화 비용과 재화 기준을 확정하고 이후 공격력과 몬스터 체력을 조정하며 레벨 벨런스가 진행될 것이라 기대해봅니댜 | G25: 대기
B26: 4 | C26: 이승진 | D26: 단어장 난이도 수정 필살기 대사 3종 | E26: 팀에서 저에게 거는 기대가 별로 없는거 같아서 편한듯 하면서도 불편하네요. 의욕만 앞서고 능력은 별로 없는 팀원이었던거 같습니다. 저도 이것저것 분명히 많이 한거 같은데 팀원들의 신뢰를 얻을만큼 잘하진 못했던거 같아요. 슬프지만 이번에 느낀 제 한계점들 잘 파악해서 다음엔 더 잘해야겠죠. | F26: [김상준] DM으로 소통해보겠습니다. | G26: 주의
B27: 4 | C27: 오종호 | D27: 모든 캐릭터 필살기 연출 제작 | E27: 영혼을 갈아만든 내 딸들이 검열을 당할 위기에 쳐해있다. | G27: 대기
B28: 4 | C28: 임소영 | D28: 컨셉 기획서, QA | E28: 핵심 콘텐츠 어느정도 완성되서 1스테이지 레벨 디자인을 다같이 진행했습니다. | G28: 대기
B29: 5 | C29: 승정하 | G29: 대기
B30: 5 | C30: 고승주 | D30: 콘텐츠 기획서 개선 작업 1. 레퍼런스 추가, 보스 패턴 가독성 향상 차 표 작성 2. 상점 콘텐츠, 무한모드 콘텐츠, 랭킹 콘텐츠 기획서 개선 작업 | E30: 작업 속도가 안나오는 거 같아 팀원들에게 미안하군요 | G30: 대기
B31: 5 | C31: 김민수 | D31: 데이터 테이블 정규화, 캐릭터 컨셉 A,B 기획서 재작성, 2d 도트 아트 리소스 작업 | E31: 구현할 수 없는 기획서가 많아서 기획서를 재점검했습니다. 너무 힘듭니다. 모두를 믿고 가는게 맞다고 생각했는데 역량 차이에서 오는 인원들의 부담을 해소할 좋은 방법이 있을까요 | G31: 대기
B32: 5 | C32: 예인해 | D32: 타이머 시스템 리빌딩, 보스 시스템 기획, 무기 콘텐츠 기획서 수정 | E32: 살려주세ㅛ... | G32: 대기
B33: 5 | C33: 이원홍 | D33: 맵타일 만들기, 몬스터 아트 리소스정리, QA 참고용 성장디자인 곡선작성, 추가적인 아트 리소스 RUID 정리 | E33: 당번도 하면서 할일이 많았지만 저도 그렇고 다들 오늘도 고생 많으셨습니다. | G33: 대기
B34: 5 | C34: 한지우 | D34: 로그라이크 장르에 이해도를 높히기 위한 래퍼런스 게임을 플레이 해봤구요 QA리스트를 급하게 짜게 됬습니다 처음짜는거라 머리가 어지럽군요 | E34: QA리스트 작성은 게임을 쪼개는 작업 같습니다 복잡하네용 | G34: 대기
B35: 6 | C35: 이정헌 | D35: 기획서 수정 및 정리, 작업 진행내역 검토, 작업 재분배, 사운드 리소스 선별작업 '팀원 사기 북돋아주기' | E35: 정신없는 것에 익숙해져 있어서 그런지, 문제가 없는 부분이 제가 놓친게 있지 않나 하는 불안이 들면서도, 잘 협조해주시는 팀원들 분들에게 감사한 마음입니다. | G35: 대기
B36: 6 | C36: 김윤규 | D36: 어제꺼인데 몸이 안좋아 조퇴를 해서 작성을 못했습니다 ㅠ | E36: 프로젝트도 좋지만 역시 몸관리가 가장 중요한 것 같습니다! | G36: 대기
B37: 6 | C37: 김지훈 | D37: 몬스터 사망 동작/효과 구현, 기본 스프라이트 스플릿 및 완성, 기획서 완성 | E37: 슬슬 노트북이 한계가 와서 업그레이드를 하고 있다. | G37: 대기
B38: 6 | C38: 김태환 | D38: 작성한 코드 합치기 전체 사이클 구현하기 | E38: 작업이 진행될수록 시간의 압박을 느끼는중... 정리가 중요하다. 언제나 내가 지금 하고 있는 일, 해야하는 일을 시각화 할 수 있기를. 나중에 뭐랑 같이 해야지가 늘어나면 기간에 맞출 수 없다. | G38: 대기
B39: 6 | C39: 김태훈 | D39: 내외부 시스템 통합 작업, 타이머 구현, 시스템(플레이어, 전투)기획서 작성 중, 맵 이동 구현 | E39: 시스템 기획서를 쓰는데 뭔가 양이 적고 더 적을게 있어야 될거 같지만 더 적을게 생각나지 않는게 고통스러운 것 같습니다 ㅠㅠ | G39: 대기
B40: 6 | C40: 맹지훈 | D40: 메인화면 UI 및 스프라이트 이미지 작업 진행, 선택 카드 UI 디자인 작업 진행, UI 아트 관련 기획서 수정 및 추가 작성, 엔딩 이미지 컷신 작업 진행(3/5), 포트레잇용 콘셉트 아트 작업 계획. | E40: 서브 아트분이 프로젝트 마무리하기 3일전인데도 스프라이트 작업이 안끝납니다. 시나리오분이 제가 작업할 적 포트레잇 콘셉안잡아두기 + 기획서마다 명칭 통일화안되어 있어서 오늘 작업할 포트레잇 이미지 작업 중 절반이 다음날로 지연되었습니다. 어느정도 아트 작업 쌓인거 다 끝냈다 싶었더니 엔딩 크레딧 작업이 들어왔습니다. 서브 아트는 아직도 일분배가 안되는 상황입니다. 스프라이트가 완성이 안됐습니다 아직도. 화가났지만 일단 팀장님께 우선 보고 후 익일 논의에서 해결하는 것으로 결론이 났습니다. 내일 면담을 부탁드려야할지 깊은 고민을 하는 날이었습니다. | F40: [김상준] DM으로 소통 완료했습니다. 김지훈 학생의 작업 속도가 너무 느린 점에 대해 팀장인 이정헌 학생과 이미 소통을 계속 진행하고 있고, 작업 속도가 느린 원인은 항상 '토큰을 금방 다 소모해서' 였다고 합니다. | G40: 주의
B41: 7 | C41: 김영도 | D41: 시스템 타이틀 작업 스테이지 분류 진행 작업 통합기획서 작성 추가 콘텐츠 구상 | E41: 메이플 월드가 참 이상합니다. 차라리 유니티면 ai가 더 잘 설명해 줄텐데 이런 생각이 듭니다 | G41: 대기
B42: 7 | C42: 권수빈 | D42: 비는 bgm, sfx 생성, 게임에 삽입될 비주얼 노벨 bgm 항목 스크립트 작성 | E42: 열심히 하겠습니다. | G42: 대기
B43: 7 | C43: 김현우A | G43: 대기
B44: 7 | C44: 박원우 | D44: vns코드 작업 | E44: 개발자가 보고싶어요 | G44: 대기
B45: 7 | C45: 송아영 | G45: 대기
B46: 7 | C46: 채지형 | D46: 기획쪽 얼추 된 것 같아서 데모버전이 먼저인 것같아, 코딩팀에 붙어 안티그래비티를 활용하여 도움 제공 | E46: 안티그래비티 활용 실력이 늘은 것 같아요 | G46: 대기
B47: 8 | C47: 이영우 | D47: 캐릭터 스킬 구현, 총알-적 충돌 구현, 캐릭터 능력 획득 구현, 기획서 제출 | E47: 파이팅입니다. | G47: 대기
B48: 8 | C48: 강유민 | D48: 생성형 AI를 활용한 시나리오 컷신 제작 (comfyui, gemini 등) | E48: 이미지 생성이 너무 어렵습니다. ㅠㅠ 맥락을 이어갈 수 있도록 일관된 연속성을 가지게 하는 것이 잘 안돼서 단편적인 이미지 송출로 방향을 틀었습니다. 연속성을 만드는 방법을 알면 연출에 더 많은 것을 할 수 있을 것 같은데, 그러지 못해 개인적으로 너무 아쉽습니다. 공부를 더 해보겠습니다. | G48: 대기
B49: 8 | C49: 권현민 | D49: 바이브 코딩으로 적 몬스터를 제작하고 있습니다 | E49: 최대한 완성해보려 하기 | G49: 대기
B50: 8 | C50: 김재환 | D50: 오전 오후 전부 (주말포함) 엔진이랑 AI이랑 씨름 했는데 결과물이 없어요 제가 원하는 기능이 정확히 뭔지도 모르는... | E50: 컴퓨터 세상에서는 하나하나 정해서 넣어줘야한다는 걸 알고는 있었지만 현실에서는 물리법칙이 자동으로 돌아가서 인지하지 못했을 뿐 진짜 모든 것을 정해야된다는 것만은 알았습니다 그러면 기획서는 데체 어디까지 자세히 작성해야 되는거죠? | G50: 대기
B51: 8 | C51: 이준혁 | D51: 내용 다듬어 기획서 제출, MSW에 Trap 및 Potal구현 맵에 맞는 형태에 맞게 구현. | E51: 한 명이 며칠째 결과물이 0입니다. 매일 시작과 마무리에 회고를 하지만 진전이 있는지도 모르겠습니다. 오늘은 팀원의 하...씨.. 소리까지 새어나오는것을 들었습니다. 8조의 미래는 과연 괜찮은것일까 두근두근 기대가 됩니다. | F51: [김상준] DM으로 소통해보겠습니다. 결과물이 없는 인원은 김재환으로 추정됩니다. | G51: 주의
B52: 8 | C52: 장호윤 | D52: 오늘도 열심히 UI를 만들며 스크립트를 짰습니다... 문법 오류 1n번... 기능 작동 안됨 2n번... 하지만 결국 마감에 성공해내는 나, I am 신뢰에요 | E52: 거의 대부분의 쉬는시간에 다들 열일을 하며 쉬지 않았습니다! 와! 근면성실한 우리팀 칭찬해요! | G52: 대기
B53: 9 | C53: 박민규 | D53: 10개의 게임 중 6개가 이식 되었습니다. | E53: 완성이 점점 보이기 시작했습니다 | G53: 대기
B54: 9 | C54: 서진호 | D54: 오전에는 기획서 정리 작업 및 매칭 시스템 구현을 위해 준비를 했습니다. 오후에는 병원에 다녀왔습니다 (3개월마다 병원을 갑니다...) 내일은 나머지 게임 포팅을 하도록 하겠습니다. | E54: 특별히 없었습니다 남은 날도 화이팅 하겠습니다. | G54: 대기
B55: 9 | C55: 오동건 | D55: 아트 마무리 아트 기획서 완성 RUID 정리 UI 틀 작성 | E55: 지금까지 나는 게임을 시작할 때 UI가 깔끔한지를 1순위로 봤는데 UI 디자인이 정말 어렵다는 것을 느꼈다. 특히 메이플 블록이 제한되어 있다 보니 더 힘들었던 것 같다. | G55: 대기
B56: 9 | C56: 이도민 | D56: 미니 게임에 들어갈 메이플 리소스 정하고 넣기 | E56: 오늘 하루도 고생하셨습니다 ! | G56: 대기
B57: 9 | C57: 이유송 | D57: [좀비 생존전] 아트 디자인 리소스 / UI 정리하기 | E57: 이렇게 간단한걸!!!!!!!!! 왜왜왜왜 어려운길을 돌고 돌아왔을까 맵이랑 구조물을 메월에서 바로 적용가능하다는데 포토샵으로 뭐한거야 도대체…….하 모르면 몸이 고생한다더니…….. ㅠㅠ | G57: 대기
B58: 10 | C58: 안성진 | G58: 대기
B59: 10 | C59: 우현승 | D59: 시스템 기획 세부 정리 및 분류 완료, 바이브 코딩을 통한 기능 구현 재개 | E59: 이제 시스템 정리가 마무리되어 바이브코딩을 통해 구현시키는 과정이 시작됐다. 이 과정을 통해서 기획서를 쓰고 읽는 중에는 찾지 못했었던 내용들을 찾아내고, 구현된 시스템을 보면서 필요한 리소스 준비 등 추가작업만 하면 마무리가 될것같다. 개발 기간, 개발 난이도 등을 고려해서 이것저것 포기한 재미요소나 내용들이 많았는데 일단 기획했던 내용들 문제없이 잘 작동만 되었으면 좋겠다. | G59: 대기
B60: 10 | C60: 이찬규 | D60: 맵 제작, 아트 리소스 생성 및 제작, 캐릭터 시트 정리 | E60: 주말의 죽음을 슬퍼할 겨를도 없이 전장에 투입된 것은 버티컬 슬라이스...! 제작 시작입니다. | G60: 대기
B61: 10 | C61: 정수진 | G61: 대기
B62: 10 | C62: 최선동 | D62: 개발에 필요한 최종 기획서 작성 완료 | E62: 수정은 끝이 없다! | G62: 대기
B63: 11 | C63: 배주빈 | D63: 회고록 [9일차] 오전 1. MSW 속 “Resource Storage” 파일별 이미지 구분 object - 캐릭터 foothold - 의무 구슬 monster - 해소 구슬 Npc - 황금 구슬 Background - 배경 2. 의무, 해소 구슬 데이터 테이블 컬럼 수정 3. 의무 구슬 데이터 수정 삽입된 이미지들의 데이터 “Sequence” 일괄 수정 4. 중간 제출 기획서 작성 5. 게임/놀이 이미지 42종 아이콘 작업 시작 오후 1. 게임/놀이를 지피티에게서 아이콘을 뽑는데 서드파티 저작권 관련 이슈로 아이콘을 출력하는데에 꽤 시간이 소요되었다. 2. 게임/놀이 42종 아이콘 이미지 가공작업 및 데이터 테이블 입력 완료 3. 음악 18종 아이콘 이미지 가공작업 및 데이터 테이블 입력 완료 3. 데이터 컬럼 규칙 재정립 4. 해소 구슬 데이터 테이블 수정 - 너무 힘들었음 …1 5. 캐릭터 데이터 테이블 수정 - 너무 힘들었음 …2 6. 배경 데이터 테이블 재정립 및 시트 분할 7. 모든 해소 구슬 데이터 테이블 RUID 삽입 완료 - 너무 너무 힘들었음 …3 8. 영화/TV/만화 피그마에서 플러그인으로 이미지 161개 추출 완료 - 너무 너무 힘들었음 …4 | E63: 으어어 | G63: 대기
B64: 11 | C64: 김민제 | D64: 모두와 함께 학원측에 제출할 기획서 수정 및 감수를 함. 어제 밤부터 시작된 각 시대별, 시퀀스별의 노래를 suno 유료 버전으로 만들고 있음. 해당 시대에 유행하던 노래를, 주인공의 연령에 맞는 목소리로 부른다. 또한, 주인공의 스토리와 주요 구슬들에 맞는 가사를 만들어서 부르게 하여 마치 캐릭터가 실제로 있는 사람인 것 처럼 유저들이 느끼게 하는 것이 제 1의 기획의도이다. 자세한 내용은 하기의 url에서 확인 가능하다. https://docs.google.com/document/d/1SDVbvsNZ9p6OYElQAQPLhhD_dfkIOjOpYFGV2eqhttI/edit?tab=t.0 마지막 영화 tv 애니의 구슬 아이콘을 땄다…. | E64: 게임플레이에서 뒷 단계로 갈 때마다 추가 난이도나 추가 게임 규칙 등, 지루해지지 않게 하는 시스템 고민해보기 | G64: 대기
B65: 11 | C65: 이동우 | G65: 대기
B66: 11 | C66: 주재형 | G66: 대기
B67: 11 | C67: 천영현 | G67: 대기
B68: 12 | C68: 강태성 | D68: 일정 진행 파악, 소통과 관련한 진정성 있는 호소, 곡 선택 UI 작업 | E68: 불주사 두번 너무 아픈데 아 제가 봤을때 다음번에도 이런 일이 생긴다면 그때는 이제 제 잘못이 맞을 것 같습니다 멈추지 말라고... (키보오노 하나ㅏㅏㅏㅏ) | G68: 주의
B69: 12 | C69: 윤유나 | D69: 기획한 UI를 바탕으로 메인화면을 메이플월드에 구현 | E69: 음... | G69: 대기
B70: 12 | C70: 임동균 | D70: 기본 공격의 이펙트를 추가했다. 투사체 이펙트와 피격 시 이펙트를 나누었고, animation이 gif로 되어있다보니 몇 프레임인지 확인하고 시간도 확인해서 투사체의 지속시간이나, 투사체는 몇에서 몇프레임만 쓰고 피격시에 터지는 프레임은 몇프레임을 쓸 지를 정했다. 사운드는 피격 시 소리가 났었는데, 캐스팅 시 소리도 나게 하려고 욕심을 좀 냇는데 코드가 대차게 꼬여서 공격 적중 소리도 나지않아서.. 일단 원상복구하는 중입니다... | E70: 오늘 팀원분 중 한 분이 고민 끝에 팀을 나가게 되었다는 소식을 들었습니다. 그 정도로 힘들어하고 계신 줄은 꿈에도 몰랐던 게 너무 미안하네요. 연휴랑 주말이 끼면서 드문드문 만나다 보니, 그분이 혼자 얼마나 고민하셨을지 제때 눈치를 못 챘던 것 같습니다. 사실 제가 나이가 아주 어린 편은 아니라서 동생들 챙기면서 같이 갔어야 했는데, 저조차도 지금 메월드 코딩하는 게 너무 벅차서 그거에만 매달려 있느라 주변을 살필 여유가 없었습니다. 그 점이 참 아쉽고 미안한 마음이 드네요. 지금은 다 같이 배우는 수강생들인 만큼 서로 더 챙겨줬어야 했다는 생각이 듭니다. 일단 따로 디스코드로 위로도 전하고 대화도 나눴습니다만... 나중에라도 마음이 바뀌면 다시 같이 프로젝트를 하거나, 그게 부담이라면 혼자 하다가 막힐 때 언제든 연락 달라고는 해뒀는데, 혹시 이것마저 그분께 부담이 된 건 아닐까 걱정도 되네요. 주변을 보니 이미 실력이 좋고 경험도 많은 분이 생각보다 많더라고요. 저도 그런 분들을 보면서 '진짜 큰일 났다' 싶은 감정을 느꼈던 것처럼, 다른 친구들도 뒤처진다는 생각에 걱정을 많이 했을 것 같습니다. 하지만 이 교육 과정 자체가 결국 배우는 단계잖아요. 회사도 아니고 배우는 과정인 만큼, 얼마든지 넘어지고 미완성으로 남더라도 괜찮다는 걸 다들 알았으면 좋겠습니다. 마음이 조금 복잡해서 회고록에 길게 적어봤네요. 이제 다시 마음 다잡고 작업하러 가보겠습니다. 읽어주셔서 감사합니다. (너무 두서없이 써서 AI로다듬었습니다 ㅎ..) | G70: 대기
B71: 12 | C71: 조준현 | D71: 노트 완벽 구현 및 버그 수정 신나고 즐거운 게이지바와 콤보 텍스트 만들기(실패함) | E71: 나를 죽여줘... | G71: 대기
B72: 12 | C72: 조현일 | G72: 대기
B73: 13 | C73: 신석균 | D73: - 아이템 이미지 수정 - 아이템 업그레이드 수정 - 사용횟수 제한 구현 - 인접 구현 시너지 구현 - hp바, 사망 모션 , 전투 연출 - 전체적인 연출 기획 및 제작 - 게임 방향성 수정 - 전투 방어구 기획 전면 수정 | E73: 게임 방향성이 흔들릴 뻔 하였고 팀원들의 의견을 모아 다시 한번 방향성을 잡았습니다. | G73: 대기
B74: 13 | C74: 김현우B | D74: 몬스터 hp바랑 죽는 모션 딜레이시간 체크 및 딜레이 주기 코드, 게임 연출 가닥 잡기 | E74: 다들 열심히 하셔서 다행입니다. 프로그래머를 힘들게 하지 않으려면 처음에 매우 자세히 기준을 잡고 최대한 시스템 변경없을 정도의 변경 정도만 하기 | G74: 대기
B75: 13 | C75: 김흥규 | D75: - 셀에 맞지 않은 아이템 이미지들을 셀에 알맞게 수정 - 장비 사용의 제한 횟수 추가 - 아이템 업그레이드 오류 수정 - 아이템 시너지 효과 | E75: 내일까지 완성해야 하는데 과연 내가 할 수 있을까?... | G75: 대기
B76: 13 | C76: 장근혁 | D76: 게임 연출 기획, 방향성 수정 | E76: 할게 너무 많은데 시간이 너무 부족하다아!!! | G76: 대기
B77: 13 | C77: 정석현 | D77: 전투 및 방어구 기획 전면 수정 및 밸런싱 아이템 이미지 리소스 수정 | E77: 드디어 게임이 완성되어가는게 보이는 것 같다. 내가 기획했던 것들이 의도대로 잘 구현된 것 같아서 매우 뿌듯하고 프로그래밍을 담당해주신 분들께 너무 감사하다. | G77: 대기
B78: 14 | C78: 이동현 | D78: 스크립트 테이블 거의 다 썼습니다. 각종 이미지 컨펌 진행했고 메인 음악 전부 확정지었습니다. | E78: 코딩만 끝나면 다 되었다고 보고 있습니다. 그리고 채보를 해야하는데 그게 문제입니다... 디버깅만 잘 되면 금방 출시하리라 봅니다 | G78: 대기
B79: 14 | C79: 김서현 | D79: 전체적인 디버깅.... 데이터 시트 테이블 제작 및 연동.... 세이브 로드....... GameManager, StoryManager logic 생성........................... 안티그래비티 토큰 다 써먹기................. | E79: 컨디션 조절 실패...... 분명 일찍 잤는데 제대로 못 잔 것 같습니다......... 최대한 팀의 흐름을 방해하지 않기 위해서 노력했습니다... 하지만 방향성에서 크게 벗어나는 부분은 ... 흐름을 끊을 수 밖에 없습니다. 오늘은 빨리 쉬어야겠습니다....... | G79: 주의
B80: 14 | C80: 박기은 | F80: 휴가자 | G80: 대기
B81: 14 | C81: 이도건 | D81: 기존 리듬게임 요소인 긴 노트 디자인에 대한 변경 사유가 있어 노트 디자인을 변경했습니다. 하지만 긴 노트 디자인이 쉽지 않았던 것이 정형화 된 이미지를 늘리기 위해 자르고 붙이고 하는 작업에서 어색함이 없이 자르고 붙이고 하는 작업이 쉽지 않았습니다. 또 전체적인 게임의 UI 배치 구상을 진행하였고 각 화면별 배치되어야 할 UI 디자인 작업도 어느정도 진행했습니다. | E81: 타 작업 분들의 작업을 100% 이해할 수 있으면 좋겠으나 아직 부족하여 팀원분들의 제안을 완벽히 이해하지 못하는 점이 아쉽습니다 좀 더 각 직무 작업에 대해 알았다면 좀더 작업면에서도 소통면에서도 수월했을텐데 하는 아쉬움이 남습니다. | G81: 대기
B82: 14 | C82: 홍태광 | D82: 캐릭터 포트레이트 생성, 캐릭터 헤어 스프라이트 제작 | E82: 설날 때 생체리듬이 바뀌어서 힘들군요... | G82: 대기

Sheet 224
B2: 날짜 | C2: 46077
B4: 팀 | C4: 이름 | D4: 작업량 | E4: 한마디 | F4: 비고 | G4: 상태
B5: 1 | C5: 이승구 | D5: 시스템 기획 시각화 아이템 드롭 ~ 획득 장비 장착~ 해제 인벤토리 발표자료 준비 업무분배 레벨 디자인 조형물 타일, 타일 배치 - 김경민 조형물 타일 제작 - 한의호 | E5: 해찬님 미안해요~! ㅠㅠ | G5: 대기
B6: 1 | C6: 김경민 | D6: 사운드 리소스 작업 마무리, QA 후 간략한 전투UI 구상도 완성, 스테이지1 맵 배경과 타일 배치및 구상 | E6: - | G6: 대기
B7: 1 | C7: 김수환 | G7: 대기
B8: 1 | C8: 박영성 | G8: 대기
B9: 1 | C9: 유해찬 | D9: 기획서에 따라 보상 아이템 생성 규칙에 따라 보상아이템 생성 및 테이블에서 가져오기위해 테이블 생성, 해당 내용 저장 및 보여주기 . | E9: 정보공유.. 작업 내용 공유.. 가 매우 중요하다는 것을 또 깨우쳐간다! | G9: 대기
B10: 1 | C10: 한의호 | D10: 인게임 데코레이션 타일 이미지 생성 및 수정 작업 | E10: 제미나이에게 철저히 능욕 당하면서 아직 인간이 업계에 발 디딜 공간이 남아있다는 부분에 대한 안도감을 대가로 스트레스로 수명을 15년 잃었습니다... | G10: 대기
B11: 2 | C11: 김범진 | D11: QA 진행하고 있고 에러 수정 중 입니다. | E11: 많은 점이 있지만, 특히나 프로젝트 막바지에 있어서 팀원들과의 대화가 많아져서 좋았습니다. | G11: 대기
B12: 2 | C12: 박현수 | D12: - 타이틀 표지 + 이미지 로고 - 카메라 줌인아웃 체크 - QA 시 발생 문제점들 정리 후 전달 | E12: QA를 하는데 1 이라는 문제가 발생을 해서 얘를 체크해보면 1-1, 1-2,, 이런식으로 계속 생기니까 너무 골때립니다 ㅋㅋㅋㅋㅋ 왜 버퍼를 넉넉히 둬야하는지 몸으로 깨우치고있어요 | G12: 대기
B13: 2 | C13: 이균호 | D13: 오늘은 어제에 이어 UI 리소스 작업 남은 것 마무리하고 이것저것 자잘한 기능 추가나 버그를 고쳤다. | E13: 어제 범진님이 정말 엄청나게 기능들을 추가하셨는데 그 때문인지 오늘은 콜라에 멘토스 넣은 것 마냥 버그가 불어났다. 오늘 하루는 이걸 고치느라 다 쓰셨다. 내일은 이 버그들을 어느 정도 잡아서 나머지 남은 부분을 구현하여 완성할 수 있으면 좋겠다. | G13: 대기
B14: 2 | C14: 이석훈 | F14: 휴가자 | G14: 대기
B15: 2 | C15: 손호진 | D15: 현재까지 만들어진 인게임 구현에 따라 QA를 진행하고, 의도되지 않은 기능과 버그를 발견하여 수정 방안을 제시하였습니다. | E15: 이미 만들어진 기능을 바꿔야했던 번거로움이 있을 것 같아, 작업을 이어서 하면서 기능이 잘 구현되는지 체크해보고 다른 방향성도 제시하는 등 도움을 주었습니다. | G15: 대기
B16: 2 | C16: 정재용 | D16: BGM, 게임 스테이지 배경 작업, 타워 작업 | E16: 다들 프로젝트의 끝이 가까워서 그런지 다들 조용히 집중만 하는 것 같습니다... 분위기가 살벌해요.. | G16: 대기
B17: 3 | C17: 김시온 | D17: 밸런싱 시트 만들기... 수식 만들고, 뜯고... 다시 만들고 뜯고... 이를 바탕으로 map별 몬스터 배치도 하는 중. | E17: 밸런싱 어떻게 하나요.. 너무 어려워요 흐어어어... 캐릭터 조작은 간단하고 당연한 부분이라 생각했는데, 조작에 관한 규칙을 정리한 문서도 분명 필요했겠다는 생각이 들고 있다. | G17: 대기
B18: 3 | C18: 윤동현 | D18: - 검/망치 스킬 스프라이트 완료 - 스킬 세부 기획서 v0.3 업데이트 (스킬 이펙트 및 사거리 규격 정의, 패시브 1종 데미지 수정 및 이펙트 효과,규격, 스프라이트 추가 완료) - UI 배치 작업 중 (체력, 경험치바 수정 해야함.(테두리 1, 게이지 2, 뒷배경 3 순으로 구분화)) | E18: 저는 일단 저희 팀을 칭찬하겠습니다. 서로 맡은 파트가 아니여도 시간이 된다면 다들 도와주거나 겸업하여 진행해주시는 팀원분들 너무 감사합니다. 그리고 특히 팀장인 시온님.. 여러 파트에서 필요한 부분들을 도와주시거나 업을 해주셔서 정말 도움이 많이 되고 있습니다... 음 그리고 오늘은 작업 중에 WBS 상에서 작업 현황이 적혀는 있지만 최신화가 제대로 이루어지는지 확인이 잘 안되어서 팀장님께도 물어보며 제가 할 일이나 팀원이 이미 해버린 일 등등 최신화 작업도 하였고, 아직 스킬들의 수치나 범위 등등에 대해서도 정해지지 않았기에 얼른 완성을 해보고 QA를 진행해야하는데 게임의 스케일이 커진 건지 저희가 느린 건지 .. 얼른 빠르게 작업하여 완성을 해야할 것 같습니다 .. | G18: 양호
B19: 3 | C19: 장윤우 | D19: 엘리트 보스 B 작업 완료 ( Idle, die, 그로기 전환, 그로기 상태, 그로기 복원, patten1, patten2, attack ) 로비 및 엔딩 노래 작업 중 | E19: 오늘 신을 만나는 토큰을 모두 사용해버렸습니다....크아아아악!!!! 신이시여 제발!!!! | G19: 대기
B20: 3 | C20: 정재훈 | D20: 엔딩 스테이지 마무리, 엘리트보스 스테이지 패턴 구현, 이미지 제작, 두번째 엘보 기획서 작성, 아트 리소스 제작 | E20: 개발자가 없어서 바이브코딩에 의존하다보니, 제미나이 한도에 막혔을때 너무 무력함이 느껴집니다 프로 업그레이드했는데 왜이렇게 빨리 막히는걸까 | G20: 대기
B21: 3 | C21: 정우경 | D21: 트리거 제공, 특전 정리, | E21: 무너진 폐허에서 건물을 다시 세우는 기분, 모든 걸 놓고 싶었지만 팀원들의 도움으로 극복하고 있다. 감사하고 끝까지 최선을 다하고 싶다. | G21: 대기
B22: 3 | C22: 한재환 | D22: 수정된 특전 데이터 테이블 재작성, 이미지와 모션이 추가된 부분을 데이터 테이블에 추가 완료 몬스터 데이터 테이블 수정 시작, 버그 리포트 체크리스트의 우선순위와 위험도를 추가해 작성 | E22: 화이팅! | G22: 대기
B23: 4 | C23: 이형진 | D23: 아침 회의 및 일감 배분 기획서 및 리소스 피드백 필살기 구현 및 HP바 구현 게임 난이도 피드백 | E23: 오늘 팀장 분들과 얘기를 나눴을 때도, 다른 기획 4기 분들과 얘기를 나눴을 때도, 강사님들과 얘기를 나눴을 때도, 항상 이석훈님에 대한 피해를 호소하셨습니다. 저도 팀원들과 디스코드에서 회의 중 난입하셔서 반말 섞인 말투 + 특유의 공격적 어투 + 친절하게 말해도 본인이 피해자라 생각하며 망상을 하십니다. 그래도 친절하게 얘기를 마무리 하고, "회의 마무리를 위해 자리를 비켜주셨으면 좋겠습니다" 라고 말씀드렸으나 "아 꺼지라고요? 예~ 꺼져드릴께요~" 라며 상당히 팀의 분위기를 해치셨습니다. 외에도, 얇은 개인적 경험을 지식이라 생각하며 남을 가르치려 들고, 어디서 주워들은 이상한 말로 꼬치꼬치 트집을 잡으십니다. 아마 피해 사례는 저 말고도 많은 분들이 호소하셨을 것이라 생각되는데요, 오늘 강사님과 면담을 하면서 직접적으로 말씀 드렸지만, 저는 이런 분과 프로젝트를 진행하며 피해를 보고 싶지 않습니다. 또, 할 마음도 없습니다. 운영진 분들도 충분히 고민하고 계신다고 생각하고, 국가지원사업인 만큼 어쩔 수 없다고는 생각하나, 저는 언젠가 도려내야할 부분이라고 생각합니다. 이런걸 직접적으로 잘 말씀드리지 않으나, 피해를 보신 분들이 많고, 지금이야 3일, 일주일 프로젝트라서 "놓아준다" 라는 느낌으로 포기하시는 분들도 많습니다. 하지만, 그 한 분 때문에 여러 명의 팀원이 한 달 이상의 프로젝트에서 손해를 보게 된다면, 저는 그것이 단순 개인의 책임만 있을 것 같지는 않습니다. 부디, 학원 측에서도 좋은 결정이 나와 더 이상 피해보는 인원이 없었으면 좋겠습니다. | G23: 주의
B24: 4 | C24: 곽용준 | D24: 상점 UI 제작 | E24: 해야할 일을 먼저 끝내고 다른 일을 배워보려고 하자 | G24: 대기
B25: 4 | C25: 이가현 | D25: 벨런싱 마무리 작업 완료, 팀원들과 QA 하며 웨이브별 세부 벨런스를 조정하고 있습니다. 벨런스를 조절하는 방법이 다양해서 여러 의견을 들으며 조정 할 수 있었습니다. 하지만 제한된 인원에서 반복된 QA로 난이도나 루즈해지는 주관적인 평가가 퇴색됨을 느끼고 있습니다. | E25: 오늘의 플래그 : 이거 금방 끝나서, 끝나면 도와드릴게요 QA 나 세부 사항 보완 작업이 끝날 듯 끝나지 않고 있습니다. 지루한 작업이기도 하고 노가다성 작업도 많은데 그렇다고 간단간단하게 하기에는 게임에 영향력이 작지 않은 부분이더군요. 늘 현실에 맞춰서 중요하고 필요한 부분을 포기해야하는데 그러한 가치판단 합의가 어려웠습니다. 될때까지 해보자는 분과 만들어진 걸 보완하자는 의견이 달라서 조금 방황하기도 했습니다. | G25: 대기
B26: 4 | C26: 이승진 | D26: 무기 이펙트 리소스 DB화 무기 이펙트 리소스 인게임 적용 | E26: 2캐릭터 무기 이펙트만 만졌음에도 하루가 금새 훅갔습니다. 캐릭터 하나 더 남았고 인게임 적용은 한참 더 해야합니다. 잡일에 가깝다고 생각했는데 생각보다 고된 작업이어서 게임 개발이 얼마나 힘든건지 느꼈네요. 그래도 크게 할일이 없던 어제보다는 (작업 난이도가 높진 않았어도) 좀 더 보람찬 하루였던거 같습니다. 워낙 퍼포먼스가 낮았던 팀원이라 자신감, 자존감, 의욕 전부 무너졌었는데 오늘 조금은 회복했습니다. | G26: 대기
... B42: 7 | C42: 권수빈 | D42: NPCTalk 사운드 기입, NPCTalk 포트레이트 기입, bgm 생성 | E42: 프로젝트 끝까지 화이팅 | G42: 대기
B43: 7 | C43: 김현우A | G43: 대기
B44: 7 | C44: 박원우 | D44: 전체 시스템 안정화/ 스테이지구분/vns디버그버튼 전투시스템 확립/ | E44: 점점 익숙해지는 저를 칭찬하고싶어요 | G44: 대기
B45: 7 | C45: 송아영 | D45: 이모티콘 작업,표정작업,이미지사이즈 정리했습니다!기획서에 마케팅 내용은 없으신거같아서 건의도 하고..뭐 그렇게..하루를 보냈습니다 @@) | E45: 너무 정시퇴근했나..야근이 눈앞에 아른거려요... | G45: 대기
B46: 7 | C46: 채지형 | D46: 캐릭터와 적대적 몹 스킬 확장 (보스 스킬, 강공격, 플레이어 스킬 등)시도 했지만 오류로 아직 미구현 | E46: ai를 사용해서 코딩을 했지만 항상 확장성을 염두해두고 해야 할 것 같습니다.. 전에는 괜찮았는데 추가하려니까 오류가 생기면서 하나둘씩 꼬이기 시작하네요 다행히 됐었던 전 버전은 깃헙에 올려놨었는데, 계속 오류가 나는게 어렵네요 | G46: 대기
B47: 8 | C47: 이영우 | D47: 엘리니아 보스 기획/구현, 헤네시스 보스 기획/구현 | E47: 제미나이가 신에서 인간 중에 좀 똑똑한 수준으로 내려온 것 같습니다. | G47: 대기
B48: 8 | C48: 강유민 | D48: 시나리오 컷신 및 기타 이미지 리소스 제작 / 영상 AI를 활용하여 PV제작 | E48: 제작 초반에 바빴던 상황과 달리 후반으로 갈 수록, 업무가 적어지는 경험을 하고 있습니다. 팀원 분들에게 말해서 조금씩 할 수 있는 부분을 받아서 진행하고 있는데, 어째... 코드 구현 개발에 있어서는 도움이 되지 못해 조금 미안한 마음입니다. | G48: 대기
B49: 8 | C49: 권현민 | D49: 바이브코딩으로 몬스터 두 종류를 만들었습니다. | E49: 완성이 되어가고 있는데 끝까지 해보고 볼 일인가 봅니다 | G49: 대기
B50: 8 | C50: 김재환 | D50: 오전 오후 오늘도 신나는? 엔진에서 구현 작업 어제는 진행도 안되던 것이 AI가 어떤 바람이 불었는지 잘 대답해주고 따라 하기만 해도 뭔가가 나오긴 했다(이게 맞나?) | E50: 바이브 코딩이 오래 걸리는 건지 내가 못하는 건지 잘 모르겠어요 | G50: 대기
B51: 8 | C51: 이준혁 | D51: 센터 맵 구현, 튜토리얼 구현, 튜토리얼에 필요한 리소스 제작, 각 맵 연결, 변경되는 설계에 따라 레벨디자인 변경, 스테이지 클리어조건 부여, 프로젝트 전체적인 방향성 조율 요청(컨텐츠요소 등) | E51: 인간이 밉다 | G51: 주의
B52: 8 | C52: 장호윤 | D52: 변신모드 슬롯 교체를 드디어 구현했습니다 아이고 경사났네 그외에 저를 고생시키던 기타 버그들도 하나 둘 잡아서 없애는 중입니다 | E52: 다들 열일하는데 저만 기능 구현에 막혀서 삽질중인 것 같아 살짝 불안했는데 딱 회의 1분전에 문법 오류 없이 딱 성공을 해부렀습니다 퇴근 전 회의에 할 말이 생겨서 참 다행이라고 느꼈습니다 넵 그러므로 오늘 야근은 기분이 매우 좋을 예정입니다... 마지막까지 화이팅! | G52: 대기
B53: 9 | C53: 박민규 | D53: 포팅 작업이 8개가 완료 되었고 UI 제작 및 배치만 하면 게임이 완성 될거같습니다. 이번주 목요일 오전을 데드라인으로 잡고 진행중입니다. | E53: 완성이 보입니다! | G53: 대기
B54: 9 | C54: 서진호 | D54: 협업의 위대함을 느꼈습니다. 솔직히 UI 디자인이 정말 엄청나게 막막했는데 다들 엄청 잘 해주시네요 이제 나머지 게임 3개 포팅만 하면 미니게임 포팅은 끝나네요 솔직히 기간 내에 하려면 조금 빠듯하긴 한데 최대한 늦지 않도록 열심히 해보겠습니다! | E54: UI 디자인을 위해서 회의 했던 시간이 정말 큰 도움이 되었습니다. 수고 많으셨습니다! | G54: 대기
B55: 9 | C55: 오동건 | D55: UI 회의, 배치 정하기 UI 리소스 찾기 | E55: 어렵다... 어렵다... | G55: 대기
B56: 9 | C56: 이도민 | D56: UI : 요소 탐색 및 배치 결정 | E56: 메이플 엔진 사용 방법이 아직도 어렵네요.. | G56: 대기
B57: 9 | C57: 이유송 | G57: 대기
B58: 10 | C58: 안성진 | D58: 개발완료 및 ui 재배치 | E58: 이제 슬슬 완성이 보이는군요 | G58: 대기
B59: 10 | C59: 우현승 | G59: 대기
B60: 10 | C60: 이찬규 | D60: 맵 추가 제작 및 수정, 캐릭터 애니메이션 제작 및 수정, 프롤로그 작성, UI 이미지 제작 및 수정, 캐릭터 시트 보완 | E60: 왜 시간이 벌써 이렇게 아니 진짜 그 뭐 하려고 했는데 시간이 아니 어 진짜 하 이게 아닌데 그게 하 | G60: 대기
B61: 10 | C61: 정수진 | G61: 대기
B62: 10 | C62: 최선동 | D62: UI 디자인 재설계 및 리소스 제작 | E62: 좋은 팀입니다! 화이팅 | G62: 대기
B63: 11 | C63: 배주빈 | D63: 회의록 [10일차] 1. 해소 구슬의 데이터 테이블 정리 및 아트작업 완료 - 구슬 리소스 아트 작업끝!!!!!! 2. 인게임 기능 토론 생각보다 진척이 많이 된 아트작업에 인게임 기능에 대해서 아이디어를 민제님께서 제안을 함. 다만, 이 작업을 진행할 경우, 게임이 완성될지도 모르는 분량의 증가가 우려가 됨. -> 일정대로 진행해서 게임을 만들고, QA와 병행하면서 게임을 다듬는 단계에서 시간이 있을 경우, 인게임 기능을 추가로 넣자는 의견으로 마무리가 됨. 3. 1ㄷ1 강사님 면담 면담을 통해 일목요연하게 말을 전달하는 방법을 다시금 상기함. -> 사실. 말을 전달하는 과정이 길어져서 횡설수설하게 되는 문제점에 평소에도 고민하여 신경쓰이던 부분을 강사님께서 집어주셔서 발전 방향을 잡게됨. 추가로, 우려했던 기획서의 부족한점을 강사님께서 중간 제출 기획서를 보시고 시스템 명세서에 해당하는 부분에 대해 집어주셧다. -> 이부분은 팀장 회의를 통해서 기획서를 만드는 것에 대해 갈피를 잡은 것 같다. 문제는 내가 이걸 활용할 수 있을지…… 기획서를 좀더 다듬어보자. 4. 의무, 해소 구슬 작업 완료. 5. 기획서 수정 중간 제출 기획서를 사본으로 만들어서 “기획서”로 재명칭한 후 수정과 추가를 실시간으로 민제님과 함께 진행. ->작업을 진행하지 못한 컬럼을 정리하고 제목으로 독스 탭에 추가함. 6. 게임 인트로 영상 제작 고민 아트 리소스 작업이 끝난 후 남은 나머지 아트 작업들-> 배경 이미지, 캐릭터 누끼 작업, UI등등 남은 나머지 아트 작업은 일정이 끝나고 돌아오신 아트 팀원분께 전담함. 그리고 빈손이 된 나는 게임 첫 시작할때 출력될 영상을 제작하는 작업을 맡음. | E63: 뭔가 점점 목표가 보인다(미숙하지만....) | G63: 대기
B64: 11 | C64: 김민제 | D64: 오늘 한일: 어제부터 시작한 suno를 통해서 게임 음악 16개 만들기 완료 게임에 progression system 도입 기획서 작성 (개발에 여유가 생기면 전부 가능) 게임 최종 기획서, 주빈님과 함께 수정 및 추가 앞으로 할일: 황금 구슬 이미지들 만들기 황금 구슬 이미지들과 시소 배경 이미지 데이터 테이블에 옮기기 엔딩 cg 이미지 만들기 게임 최종 기획서 수정 작업 게임 sfx 만들기 사운드 기획서 완료하기 게임 규격, 밸런싱 작업하기 | E64: zzzzz 자고 싶당 | G64: 대기
B65: 11 | C65: 이동우 | G65: 대기
B66: 11 | C66: 주재형 | G66: 대기
B67: 11 | C67: 천영현 | D67: 이미지 배경 작업을 하루 종일 했습니다 ㅠㅠ AI에게 채찍을~~... | E67: 팀원분들 작업속도가 다 빨라서 너무 좋아요 | G67: 대기
B68: 12 | C68: 강태성 | D68: 곡선택 UI꾸미기 및 수정 결과창과 연결할 싱글톤 함수 만들기 | E68: 하하 일정 계획은 장식일 뿐이지 파악은 머릿속으로 하면 그만아닐까..? | G68: 대기
B69: 12 | C69: 윤유나 | D69: UI 디자인 작업 마무리 및 메이플월드 UI 창 설정 작업, UI에 사용된 이미지출력 및 전달 등 | E69: 저를 제외한 나머지 팀원분들이 개발을 해주시는데 어느정도 마무리가 되가고 있어서 다행이라고 생각합니다. | G69: 대기
B70: 12 | C70: 임동균 | G70: 대기
B71: 12 | C71: 조준현 | G71: 대기
B72: 12 | C72: 조현일 | G72: 대기
B73: 13 | C73: 신석균 | D73: - 연출 기획 구현 - 튜토리얼 및 가이드 기획서 - 전투 방어구 기획서 - 몇몇 아이템 이미지 수정 - 아이템 설명 텍스트 - 방어구 시너지 추가 - 소모품 설명 텍스트 - UI 이미지 | E73: 게임이 완성되어가면서 버그도 많이 발생하고 수정사항도 곳곳에 생겨서 신경써야 하는 부분이 늘어났다. | G73: 대기
B74: 13 | C74: 김현우B | D74: 각종 오류 수정 스테이지 변경 시 연출 | E74: 버그고치는게 힘드네요 | G74: 대기
B75: 13 | C75: 김흥규 | D75: 상점 로직 수정, 방어구 시너지 구현, 데이터 테이블 수정, 버그 수정, UI 수정 | E75: 아 오늘도 밤샘 작업인가 | G75: 대기
B76: 13 | C76: 장근혁 | D76: UI, 메인로비 등 이미지 제작 | E76: 모든것이 suwall 하다 | G76: 대기
B77: 13 | C77: 정석현 | D77: 아이템 설명 텍스트 입력 및 아이템 데이터 테이블 수정 튜토리얼 및 가이드 기획, UI 레퍼런스 및 이미지 제작 맵 백그라운드 리소스 서칭 | E77: 메이플 월드 엔진은 정말 사람을 힘들게 한다. 리소스를 찾는것도 힘든데 적용시키는건 더 힘들다. 맵 배경만 찾는데 이정도면 엔진 담당해주신 분들은 작업할 때 얼마나 화가 나실 지 가늠이 안간다. 그래도 거의 다 끝나가니 참고 마무리 잘 하는 것을 목표로 막판 스퍼트를 달려보자. | G77: 대기
B78: 14 | C78: 이동현 | D78: 전원에게 업무 할당을 했고, 스토리 데이터 테이블에 초상화, 백그라운드 RUID 작성했습니다. CG는 배경 변경으로 처리하기로 했고, 내일이면 구현은 끝날 것 같습니다. | E78: 태광님에게 아트 부분을 너무 많이 맡긴 것은 아닌가 걱정입미다... QA나 기획 쪽 일을 어떻게든 드리고 싶은데 고민입니다 | G78: 대기
B79: 14 | C79: 김서현 | D79: 노트스폰테이블 생성, 로비 오류 디버그, 설정 버튼 디버그, 스테이지 선택창 디버그, 플레이 멈춤 패널 생성 및 디버그... 온갖 디버그... | E79: 디버그할 수록 힘든 걸 보니, 제가 버그인가 봅니다... | G79: 대기
B80: 14 | C80: 박기은 | G80: 대기
B81: 14 | C81: 이도건 | D81: UI 남은 부분 작업 마치고 규격 변경하여 팀 드라이브에 올렸습니다. 또 노트 판정 이펙트 리소스가 필요하여 필요한 리소스를 찾았습니다 그리고 인게임에 들어갈 스토리에 대한 컷신 연출에 대해 구상하고 스토리 컷신 제작을 진행하고 있습니다. | E81: 개발에서 예상치 못한 작동 오류가 간간히 생기며, 세부 리소스 사항이 바뀌며 개발 필요 기간이 예상보다 조금 늘어났습니다, 최대한 내일 구동과 전반적인 작업을 마치는 것을 목표로 진행하려고 합니다. | G81: 대기
B82: 14 | C82: 홍태광 | D82: 캐릭터 스프라이트 제작 | E82: 필요한 아트 리소스가 최소치만큼 제작이 완료되어 내일부터 QA 리스트를 작성해볼 계획입니다. | G82: 대기

Sheet 225
B2: 날짜 | C2: 46078
B4: 팀 | C4: 이름 | D4: 작업량 | E4: 한마디 | F4: 비고 | G4: 상태
B5: 1 | C5: 이승구 | D5: 1. 발표 자료 작성 2. 프로젝트 진행 현황 공유 -> 발표자료 작성 현황 공유 및 팀 회고 일부 진행 -> 프로젝트를 하면서 겪었던 문제점들, 우리가 배운것들, 우리가 남겨야 할 것들에 대해서 이야기 -> 실패도 경험이다! 강사님들이 이야기 하셨던 실패 경험으로 우리의 성장 스토리를 써 나가는 것을 남기면 좋겠다. * 분위기는 좋았습니다! | E5: 오늘 작업한 내용이 메월드가 팅기면서 날아갔다고 합니다. 해찬님에게 위로 말씀 한 번 부탁드립니다. ㅠㅠ | G5: 대기
B6: 1 | C6: 김경민 | D6: 바나나와의 전투 | E6: 아직 디자이너는 먹고살만하다고 생각합니다. | G6: 대기
B7: 1 | C7: 김수환 | G7: 대기
B8: 1 | C8: 박영성 | D8: 스테이지 별 장식 타일 산출 완료 길 타일 관련 이슈 발생 - 길이 그려진 타일 따로 산출. 1스테이지 까지 완료 - 공수상 2 3 스테이지 동일하게 불가능 할 것 같아서 다른 방법 강구 - 합성용 길 리소스 준비중 - 장비 리소스 관련 이슈 해결 협조 중 | E8: 리소스 산출이 항상 시간을 만만치 않게 잡아먹는 것 같습니다... | G8: 대기
B9: 1 | C9: 유해찬 | D9: 다 날라갔다!!!!!!!!!!! | E9: 저장은 열심히하자! : > | F9: [안중재] 앗.... [김상준] 헉... | G9: 대기
B10: 1 | C10: 한의호 | D10: 게임내 타일 배치용 에셋 제작 | E10: 제미나이 때문에 스트레스 받아서 속이 아픕니다. | G10: 대기
B11: 2 | C11: 김범진 | D11: 개발 마무리 단계입니다. 주요한 버그를 잡고 마무리 작업을 할 예정입니다. | E11: 팀원들이 합심해서 마무리되어가고 있습니다. 제가 생각하는 분위기가 나와서 좋았습니다. | G11: 대기
B12: 2 | C12: 박현수 | D12: - 이미지 스프라이트 작업 - 이펙트 추가 - QA 버그 확인 | E12: 어느정도 틀이 완성이 된거같아 기쁩니다 유닛들이 기획의도대로 움직이고 작동하는 것을 보면서 너무 재밌다고 생각했습니다 아직 미완성 단계이지만 실제플레이는 더 재밌을거라고 확신이 들었습니다 | G12: 대기
B13: 2 | C13: 이균호 | D13: - 타이틀 화면 튜토리얼 팝업 리소스 작업 - 버튼 클릭 시 튜토리얼 팝업 열고 닫는 스크립트 구현 및 엔티티에 연결 - 스테이지 선택 UI 수정 (한 스테이지 밖에 완성 못할 것 같아서... 나머지 스테이지는 막아둠) - 유닛 스폰 버튼 UI 수정 - 재화 강화 버튼 키 UI 추가 | E13: 엔진을 다루다보니 점점 코딩 실력이 느는게 느껴집니다. 처음부터 끝까지 스스로 작성하는 건 할수 없어도 적어도 코드 설명을 해주면 그 구조를 이해하고 다른 기능에 재활용하는 정도는 됐다. 범진 님이 버그 고치실 때 제가 의견을 냈더니 "이제 아는게 많아져서 저를 대충 ~ 식으로 하면 된다 라고 속이는게 불가능해졌다." 라면서 농담 섞인 불만을 내비치시기도 했습니다 ㅋㅋㅋ | G13: 대기
B14: 2 | C14: 이석훈 | G14: 대기
B15: 2 | C15: 손호진 | D15: 완성되어가는 기능에 QA를 진행하며 버그가 있는지, 그리고 기획의도에 맞게 구현되었는지 파악하면서 수정사항을 전달했습니다. | E15: 드디어 개발이 차차 진행되면서 마무리 단계에 오고 있는데, 각자의 힘을 더해서 목요일까지 완성하고 주말에 쉬는 것이 목표입니다. | G15: 대기
B16: 2 | C16: 정재용 | D16: 스킬 이펙트와 마지막 보스 작업 | E16: 다들 진짜 고생하셨고 내일이 마지막이니까 오늘 야근도 힘냈으면 좋겠습니다 화이팅! | G16: 대기
B17: 3 | C17: 김시온 | D17: 레벨 디자인, 밸런스 시트 다시 재조정. | E17: 시간이! 너! 무! 없!어!요! 메이플 월드는 왜 같이 코드 작업을 하기 어려운건가요!!! | G17: 대기
B18: 3 | C18: 윤동현 | D18: - 특전 패널 이미지 수정 완료 및 배치 - 체력 및 경험치 바 피벗 설정 완료 (게이지가 줄거나 늘어날 때 왼쪽은 고정) - 쿨타임 텍스트(숫자), 반투명 오버레이 UI 추가 완료 | E18: 저는 지금 UI쪽을 배치하고 있는데 메이플 월드 에디터로는 정렬 기능이 있기야 하지만 불편해서 쓸 일이 많이 없어서 거의 다 손과 눈으로 봐가고 미세 컨트롤을 해가며 진행한 거 같습니다.. 추가적으로 UI 배치 부분이 끝나면 현재 시스템 스크립트 부분이 굉장히 바빠보여서 제가 작업을 끝낸 후 진행할 수 있는 부분이 있다면 겸업으로 진행을 해야할 것 같습니다. | G18: 대기
B19: 3 | C19: 장윤우 | D19: 엘리트 보스 1 사운드 엘리트 보스 2 사운드 엘리트 보스 스킬 1, 2 리소스 패링 비석 패링 유령 엘리트 보스 1 소환 리소스 무기 없는 점프 게임 소개문장 망치 사운드 | E19: 우적우적? 무슨 일이시죠? 제 작업은 다 끝나서 다른 분들의 작업을 빼앗아 먹는 중입니다만? 우적우적 | G19: 대기
B20: 3 | C20: 정재훈 | D20: 엘리트보스 스테이지 패턴구현, 맵 디자인, 버그 수정 | E20: 뭔가 불만은 아니지만, 가끔 그런 생각이 들긴 했습니다 시스템 구현을 바이브 코딩으로 다른 팀원과 같이했는데 내가 생각했을때는 바이브코딩으로 구현하기 어려운 내용은 아닐거란 생각이 들었는데, 잘 될지 안될지 모르겠다고 얘기를 들었을때, 좀 아쉬운? 생각이 살짝 들었습니다. 물론 우리가 개발자는 아니니까 당연히 못하는게 맞는거고 어려움을 겪는게 맞아서 팀원에게 불만은 없는데 (진짜 없음), 나중에 개발자와 협업을 했을때 이런일이 생기면 어떻게 해야할까 고민을 해볼것 같습니다. | G20: 대기
B21: 3 | C21: 정우경 | D21: UI 팝업 데이터 연동 시스템 구축중 | E21: 할일이 너무 많아요, | G21: 대기
B22: 3 | C22: 한재환 | D22: 추가된 특전, 테이블 안에 작성함. 추가 이미지들 데이터 테이블 안에 작성 중. 티저 영상에 쓸 이미지 10장 제작함. | E22: 흐름이 좋습니다. | G22: 대기
B23: 4 | C23: 이형진 | D23: 일감 배분 보스전 개발 개발하고 개발하고 개발했어요 버그 고치고, 버그 고치고.... AI 설득하고.... | E23: 오늘 새벽까지 개발을 마치고... 또 QA하고....... | G23: 대기
B24: 4 | C24: 곽용준 | D24: QA 18차까지 작업 | E24: 직접 플레이 하니까 좋았습니다 근데 그 과정에서 사소한 디테일을 잡아야 시간을 단축시킬 수 있어서 그 점은 조금 어렵긴 했습니다 | G24: 대기
B25: 4 | C25: 이가현 | D25: 오늘도 밸런싱...어제도 밸런싱... 내일도 밸런싱.... 목표를 바꾸니 작업에 속도가 붙었습니다. 재화를 넉넉하게 넣어주고 추가 보상 몬스터를 만들어 유저의 실력에 따른 강화 레벨 격차를 완화하고자 했습니다. | E25: 게임의 난이도 자체는 너무 주관적이라 의견을 통일하기가 어려웠습니다. | G25: 대기
B26: 4 | C26: 이승진 | D26: 기획자, 아트 디자이너 무기 이펙트 수정 기획자, 아트 디자이너 무기 이펙트 SFX 적용 UI 디자인 수정 | E26: 개발 막바지임에도 할 일이 계속 생기긴 하네요. 내일은 발표 준비 PPT를 만들겠다고 자원했는데 팀에서 발표까지 맡겨줄진 잘 모르겠습니다. 일단은 PPT만 준비하라고 하더군요. 물론 이것도 저 혼자 다 쓰는건 아닐겁니다 아마. 사실 팀프 첫 발표도 (그때도 제일 여유로웠던...) 제가 자원했었기에 아침 발표면 몰라도 두번째 팀프 발표까지 자원하고 싶진 않았는데 이번에도 팀에서 제일 여유로운 상황이라 이런거라도 해야 마음이 좀 편할거 같습니다. 여유롭다는건 그만큼 노력을 안했다는 의미도 되는걸까요? 막상 이것저것 작업할땐 시간 압박에 질질 끌수도 없었는데 말이죠. 그게 더 아무것도 안하는것처럼 보일수밖에 없으니까요. 시간을 쓴다고 더 잘해낼 자신도 없었고... 정답은 없겠지만 잘 모르겠습니다. 아이러니하게도 전 팀프 시작전 준비할때가 가장 의욕이 넘쳤던거 같습니다. 레벨디자인 실습시간에 대놓고 회의하다 강사님에게 한번 걸린적도 있었던만큼... 이번 팀프는 중도포기하고싶을만큼 심적으로 부담이 컸었는데 아마 저만 그런건 아닐겁니다. 비주얼노벨 툴 같은것도 없이 제로 베이스로 시작해야했으니 막막한 분들 한둘 아니었을거에요. 이것저것 척척 해내는 분들에게 민폐나 끼치는거 아닌가 싶을거고... 발표용 PPT 만들면서 팀원분들을 살펴봄과 동시에 제 자신도 좀 더 돌아봐야겠습니다. 오늘 하루도 다들 고생 많으셨습니다. | F26: [안중재] - 응원 필요 [김상준] DM으로 소통해보겠습니다. | G26: 주의
B27: 4 | C27: 오종호 | D27: 어쨌든 많이했다. 기억이 안난다. (진짜임) | E27: 크런치! | G27: 대기
B28: 4 | C28: 임소영 | D28: UI디자인 | E28: 게임 완성도 높이기 디자인 작업하고있습니다 | G28: 대기
B29: 5 | C29: 승정하 | G29: 대기
B30: 5 | C30: 고승주 | D30: 무기 리소스 인게임 투입을 위한 규격화 작업, AI활용 포스터 이미지 제작 밸런싱 회의 | E30: 밸런싱, 시스템, 콘텐츠의 관계를 크게 고민하게 되었습니다. 다음 프로젝트에서 분배를 어떻게 해야할 지 고민이 되는 지점입니다. | G30: 대기
B31: 5 | C31: 김민수 | D31: 기능 구현 무기 스프라이트 입력 발사 무기타입지정 데이터 테이블 연결 | E31: 너무 힘들어요... 구현을 맡아 진행하며 함께 배우고 성장하는 기회라고 많이 생각하고 진행하고 있습니다. 다만 힘들어요 ㅠㅠ 말도 안되는 기획서를 받기도 하고 일이 많아서 컨펌을 미뤄두고 있었을 때 거기에 섞여있어서 어쩔 수 없이 만들기도 하고 생각보다 내용이 비어있어서 사실상 제가 구성을 전부 수정하기도 하며 중간중간 괜히 맡아서 했다 라는 생각이 들었습니다. 그래도 팀원들이 믿어주고 맡겨준 일이라는 생각에 힘내서 최선을 다해서 하고 있습니다 ㅋㅋㅋ 저도 다양한 역량도 상승하고 있습니다! 짧은 기간이지만 그동안 가끔 힘들고 지치긴했지만 항상 과정을 하면서 하길 잘했다! 라고 생각하고 과정을 듣고 있습니다. 항상 저희 위해서 준비해주시고 힘써주시고 신경 써주셔서 감사합니다. 언제나 감사드립니다.. (기능 구현자들 젭 포인트라도 줘야하는 거 아닙니까 ㅋㅋㅋㅋㅋ 다들 매일 밤까지 계시는데 물론 제가 기능 구현을 맡아서 하는 말은 아닙니다. ㅋㅋ 저 빼고 주셔도 됩니다. 농담입니다~) | G31: 대기
B32: 5 | C32: 예인해 | D32: 밸런스 테스트 시트 생성 및 게임 내 밸런스 조절 | E32: 지각해서 죄송합니다... 근데 일일 수면 2~3시간 2주가 넘어가니 힘들긴 한거 같읍니다... | G32: 대기
B33: 5 | C33: 이원홍 | D33: 아트리소스 다듬기, 아트리소스 정리, 맵 뽑기, 맵타일 간단하게 사용가능하게 정립하 | E33: ai가 그림생성량도 깎는데 말도 제대로 못알아먹는 슬픈 이야기가 있습니다. 저는 아트와는 역시 맞지 않는것 같습니다. | G33: 대기
B34: 5 | C34: 한지우 | D34: 무기 아트 리소스 찾기 , 투사체 리소스 찾기 | E34: 눈이 튀어나올것 같아요 | G34: 대기
B35: 6 | C35: 이정헌 | D35: 당번, 발표자료 작성, 프로젝트 완성과 관련된 마무리 | E35: 일정과 딱 맞아떨어지게 흘러가진 않았지만, 그대로 최대한 비슷하게 진행되고 있는 것 같습니다. 제가 작업에 크게 참여하지 않아도 팀원 한분 한분 역할을 잘 수행해 주셔서 그런 것 같습니다. 대략 일주일 정도 진행한 듯 한데, 정말 체력관리가 중요한 것 같습니다. 비교적 최근 평소랑 다르게 자정 전후로 참을 수 없는 졸음이.... | G35: 대기
B36: 6 | C36: 김윤규 | D36: 메이플 월드 내 시나리오 대사 시트 기입 및 추가적인 사운드작업 & 오프닝송 작곡,작사 | E36: 뭔가 시간이 되게 짧으면서 긴 느낌이고 재밌으면서도 힘든 느낌이네요... 프로젝트가 얼마 안남았으니 좀만 더 화이팅하고 저희 조원들이 다 만족할만한 완성본이 나왔으면 좋겠습니다! | G36: 대기
B37: 6 | C37: 김지훈 | G37: 대기
B38: 6 | C38: 김태환 | D38: 화면전환시 트랜지션 효과 사용 | E38: 컨디션 관리 잘하기... | G38: 대기
B39: 6 | C39: 김태훈 | D39: 실제 플레이 사이클 구현 작업 및 각 무기별 스킬과 무기 강화, 무기스킬강화 구현 | E39: 기획은 끝나지가 않는 것 같습니다 | G39: 대기
B40: 6 | C40: 맹지훈 | D40: 게임 썸네일 16:9 & 1:1 이미지 작업, 포스터 작업, 마케팅용 MV 작업, 경험치 바 UI 수정 작업. | E40: 해냈습니다..MV 정규시간 내에 완성하기 성공했습니다..계속 컴퓨터가 다운되어서 잡담방에 도배에 가까운 채팅을 남겨 죄송합니다, 진짜 오늘 내로 끝내고 싶었습니다. 오늘 회고할 내용들이 많이 쌓였습니다, 이번엔 1만자를 쓸거 같습니다. AI 모델 이번에 쓴게 10개 가까이 되는 걸로 기억하는 데 최대한 논문이 되지 않도록 압축해 보겠습니다. | G40: 대기
B41: 7 | C41: 김영도 | D41: 아트 리소스 배경 cg 작업 | E41: 거의 완성이 다 된 것 같습니다 배운점이라고 하면 팀장으로 활동하면서 일의 배분을 잘 못했다는 생각이 듭니다. | G41: 대기
B42: 7 | C42: 권수빈 | D42: 마케팅용 ost 생성, 비주얼 노벨 npctalk 작업 | E42: 추가시간을 주셔서 정말 정말로 감사합니다 | G42: 대기
B43: 7 | C43: 김현우A | G43: 대기
B44: 7 | C44: 박원우 | G44: 대기
B45: 7 | C45: 송아영 | D45: 이미지...리소스...열심열심... | E45: 아 맞다 발표자료...근데 제출이 내일이라는건 처음알ㅇ았는데 어떢햐요...어떡하긴밤새야지... | G45: 대기
B46: 7 | C46: 채지형 | G46: 대기
B47: 8 | C47: 이영우 | D47: 적 캐릭터 스킬 구현 | E47: 코드가 너무 꼬여서 큰일입니다. 탄환을 만드는 같은 역할을 하는 코드가 3개가 넘습니다. | G47: 대기
B48: 8 | C48: 강유민 | D48: 시나리오 구현을 위한 데이터 테이블 정리(성공!) 및 코드 개발(실패!) / 발표 자료 준비 | E48: 코드 개발 실패! 미치는 줄 알았습니다. 끔찍한 경험을 했어요... 저는 멍청이 입니다... AI가 저를 무시한다고 느꼈습니다... 제발 개발자와 함께하게 해주세요ㅠㅠ | G48: 대기
B49: 8 | C49: 권현민 | D49: 바이브코딩으로 몬스터를 더 만들었습니다 | E49: 모늘의 한마디 : 너무 연연하지 않는 마음도 필요하다 | G49: 대기
B50: 8 | C50: 김재환 | D50: 거의 4일 째 미니게임 하나를 완성을 못하고 있는데 뭐가 문제일까요 오늘도 오전 오후 엔진이랑 씨름 중입니다 | E50: 나중에 제가 쓴 데일리 체크인 볼 수 있나요? | G50: 대기
B51: 8 | C51: 이준혁 | D51: 각 필드 맵에 오브젝트 배치, 팀원이 구현 실패한 작업 이어받아 진행 | E51: 뭔가 잘못됐습니다. | G51: 대기
B52: 8 | C52: 장호윤 | D52: 게임오버를 감지하고 게임오버 창을 띄운 후 다시하기 버튼을 누르면 게임 정보 초기화 진행 후에 튜토리얼 맵으로 다시 보내는 기능 구현을 약 5시간동안 했습니다... | E52: UI 마무리를 하고 있는데 새로운 일이 또 생겨서 오늘도 야근입니다 얏호! | G52: 대기
B53: 9 | C53: 박민규 | D53: UI는 이제 인게임 적용만 남았고 게임 포팅도 2개 남았습니다, 잘하면 내일 완성 가능할지도 모르겠습니다. | E53: 살려주세요! | G53: 대기
B54: 9 | C54: 서진호 | D54: 기획 수업인데 프로그램 적인 이야기를 하는게 조금 웃기긴 한데 오늘은 게임 구현 상에서 큰 버그를 발견해서 해결하는 작업에 중점을 뒀습니다. 바이브 코딩을 하면서 한 번에 오류를 해결하지는 못해서 결국 각 부분마다 로그를 남기는 방식으로, 그 로그를 읽어들여서 어디서 문제가 발생했는지 이해를 시켰습니다. 그리고 시스템 로직에 대한 문서도 작성 중에 있으며 (OneDrive에 저장을 하니깐 로컬에 파일이 안남아서 구글 드라이브엔 아직 첨부를 못했습니다) 내일까진 아마 업로드를 할 수 있지 않을까 합니다. 오늘은 개인적으로 좀 크런치를 해야할 것 같네요 기술 구현 적인 부분에서 시간이 지체되어서 UI 디자인은 팀원 분들께서 전체적으로 해주셔서 잘 될 거 같네요 오늘 하루도 고생 많으셨습니다 | E54: 조금 기술적인 문제로 인해 딜레이가 되었는데, 팀원 분들께 죄송하단 말 밖에 없네요 좀 더 열심히 해서 남은 기간에 문제없도록 열심히 해보도록 하겠습니다. | G54: 대기
B55: 9 | C55: 오동건 | D55: 개인 게임 소개창 제작 개인 게임 UI 제작 게임 리소스 데이터테이블 정리 | E55: 개인에 대한 무력감이 너무 크게 느껴진다 | G55: 대기
B56: 9 | C56: 이도민 | D56: UI 디자인 시각화 | E56: 오늘도 고생하셨습니다. | G56: 대기
B57: 9 | C57: 이유송 | D57: UI 배치 및 디자인 | E57: 뭘 해야할지도 모르겠고, 제대로 하고 있는지도 모르겠고, 팀장은 뭘하는지도 모르겠고 일정 체크만 하는데…이게 맞나? 😅 현타오네 | F57: [안중재] - 이야기해보겠습니다 | G57: 주의
B58: 10 | C58: 안성진 | D58: UI재배치 및 테이블 연결 | E58: 힘들어요 잠와요 살려주세요 | G58: 대기
B59: 10 | C59: 우현승 | G59: 대기
B60: 10 | C60: 이찬규 | D60: 맵 제작 및 수정, 리소스 RUID 정리, UI 리소스 리터칭, 메이플랜드 UI 적용에 대한 탐구, 사운드 리소스 제작 | E60: 이번 프로젝트에서는 리소스 관련 업무를 맡아서 하다보니 시간이 정말 빠르게 가는 것 같습니다. | G60: 대기
B61: 10 | C61: 정수진 | G61: 대기
B62: 10 | C62: 최선동 | D62: UI디자인 제작 및 수정 / 아트 자료 수정 / 리소스 제작 | E62: 조금씩 완성되어가는 모습을 보면 흐뭇합니다 | G62: 대기
B63: 11 | C63: 배주빈 | D63: 회고록 [11일차] 이날 아침에 모이면 오늘 작업할 진행상황과, 전날에 진행했었던 작업에 대해 브리핑을 진행했다. 각자 브리핑이 끝나고 각자 필요한 의견에 대해서 토론이 이어졌다. 그렇게 나온 미해결 의제가 캐릭터 이미지와 캐릭터 배경의 수정사항을 다같이 공유하고 결정했다. 그렇게 결정한 아트작업은 천영현 팀원님께 배정했다. 천영현팀원께서 제출하신 작업물, 캐릭터 배경이미지를 데이터 테이블에 연결하고 메월드 리소스 스토리지에 적재하고 정리했다. 오늘 하루를 기획서에 작업 진행이 필요한 요소들을 추가하고 정리했다. 영상 인트로를 만들기위해 필요한 ai영상 제작 사이트 여러 링크를 민제님에게 공유를 하고 나와 민제님은 각자 인트로 영상을 제작하기시작했다. 그렇게 작업이 진행하던 중 민제님의 작업물이 영상인트로로 결정되었다. 유튜브에 민제님께서 업로드하시고 나온 유튜브 링크를 메월드에 연결해서 출력하는 걸로 재형님께서 작업을 해주셨다. 그리고 남은 시간동안 기획서를 작성하는 과정에서.동우님과 같이 게임오버 연출을 고민함. -> 게임오버 연출이 결정되고 각 게임오버 형태에 따라 출력되는 텍스트를 같이 작성. -> 여럿 나온 후보를 민제님과 같이 3명에서 결정함. -> 게임오버 연출용 10장의 이미지를 제작하는 걸로 나옴. -> 재형님께서 작업물이 나오고 나서 데이터 테이블을 만져보겟다고 말씀해주셧다. 빨리 10장을 작업해야겠다. | E63: 으어어 | G63: 대기
B64: 11 | C64: 김민제 | G64: 대기
B65: 11 | C65: 이동우 | D65: 데이터 테이블 오류난곳 고치고~ 게임 오버 분기에서 연출 어떻게 할지 회의하고~ 캐릭터 넘어가는 장면 레퍼런스 찾아보고 회의하고~ 게임 플레이 해보며 느낀점 qa 리포트로 작성했습니다! | E65: 찾아온다고 하셔서 급하게 적고갑니다 저희 조 작업 완전 열심히 했습니다 명절에도 나오고 주말에도 했습니다.. | G65: 대기
B66: 11 | C66: 주재형 | D66: BGM 삽입/게임배경, 캐릭터 배경, BGM을 sequence마다 전환/황금구슬 기믹 추가/컷씬에 대한 논의/인트로 영상에 대한 논의 | E66: 이정도면 잘 진행되고 있는 것 같습니다 다들 열심히 해 주셔서 좋습니다 | G66: 대기
B67: 11 | C67: 천영현 | D67: 캐릭터 배경 및 누끼 따서 규격 맞추기, 최종 이미지 수정 | E67: 마지막까지 화이팅! | G67: 대기
B68: 12 | C68: 강태성 | D68: 곡 선택 UI 기능을 확장하여 리듬 파트 / 전투 파트 곡과 연동되게 만듦 해당 구현을 위해 글로벌 BGM 컨트롤러를 이전에 구현한 리듬 데이터 로직 싱글톤 함수에 연결하여 맵이 바뀔 때 마다 노래가 바뀔 수 있도록 구현함 물론 데이터 초기화도 싱글톤 함수에 구현되어 있음 준현님이 2시간 걸린 문제를 10분만에 해결한 나 대신 내가 보고 있는 맵이 아닌 다른 모든 맵의 엔티티는 비활성화를 명시하지 않는다면 살아있다는 사실을 알아버린 나 💀💀💀 그외에도 이전에 만들었던 문서들 합쳐서 하나의 마크다운 문서로 만들었고 카메라 추적 기능을 만들었다 축소했는데 다른 조원분이 필요하다 하셔서 그것도 이전 로직 그대로 마크 다운 문서랑 예시 컴포넌트 넘겨드림 절 대 몽키 패치를 MSW에서 구현하지마 | E68: 내일까지 다 구현할 수 있나 애초에 컨텐츠가 없는데 이게 맞나 이거 | G68: 대기
B69: 12 | C69: 윤유나 | D69: 배경 BGM, 효과음 등 리소스 추가 및 구현 준비중 | E69: 구현만 잘 되기를.....! | G69: 대기
B70: 12 | C70: 임동균 | D70: 스폰 방식 변경하기(테이블사용) 맵 추가, 몬스터 추가에 대응하기 편하게 구조 변경하기 몬스터 개별 HP 표시하기 + 진행중 최우선 작업 보스 처치 후 결과창 출력하기 여유있으면 할 작업 몬스터에게 피해를 입혔을 때, 데미지 폰트 출력 기능 추가하기 | E70: 오늘 딱히 없었고, 원활하게 진행이 잘 되었다! | G70: 대기
B71: 12 | C71: 조준현 | D71: 리듬파트 기능 구현 전부 완료 버그 수정 완료 최적화 완료 ui 수정 완료 액션파트로 맵이동 시키는거 완료 | E71: 팀 내 이슈 장점 : 내가 개발임 팀 내 이슈 단점 : 내가 메인 컨셉&시스템 기획이었음 팀 내 이슈 큰일 : 내가 캐릭터 디자인과 애니메이션 해야함 팀 내 아주 큰일 : 로고 썸네일도 만들어야할거같음 와따매... | G71: 대기
B72: 12 | C72: 조현일 | G72: 대기
B73: 13 | C73: 신석균 | D73: - 사운드 적용 - 아이템 이미지 오류 - 방어구 시너지 오류 - 아이템 관련 오류 수정 - QA - 튜토리얼 및 가이드 구현 | E73: 힘들었지만 재미었습니다 | G73: 대기
B74: 13 | C74: 김현우B | D74: 사운드 및 설명 구현 | E74: 다들 즐겁게 진행했습니다. | G74: 대기
B75: 13 | C75: 김흥규 | D75: - QA에서 나온 오류 수정 - UI·UX 개선 | E75: 으어.....윽.......엑....ㅇ악.... | G75: 대기
B76: 13 | C76: 장근혁 | D76: 오디오 삽입 작업 | E76: 귀가 26년들어 제일 예민해졌던 하루다 | G76: 대기
B77: 13 | C77: 정석현 | D77: 테스트빌드 QA 튜토리얼 가이드 이미지 리뉴얼 | E77: 진짜 거의 다 했다!!! 데모버전이 의도대로 너무 잘 나왔고 밸런싱도 첫 QA 치고 생각보다 괜찮았다. 버그들도 잘 잡아주시고 계셔서 너무 든든하다. 이제 밸런스 수정과 버그수정만 다 완료되면 완료된다고 할 수 있을 것 같다. 원활하게 잘 진행된 프로젝트 같아서 기분이 좋다! | G77: 대기
B78: 14 | C78: 이동현 | D78: CG RUID따서 데이터테이블 시트에 정리하고 시나리오 스크립트에 채워넣었습니다. 업무 할당 파트별로 전달했고, 컨펌도 하고 디버깅도 하려고 하고, 한 일이 없는 것 같으면서 뭔가 했나 싶은 날이었습니다. | E78: 개발 구조 관련으로 훈수를 했는데, 너무 열이 올랐나봅니다. 격한 말이 있지는 않았으나, R&D 후 결과물을 보여준 뒤에 설득할 걸 그랬습니다. | G78: 주의
B79: 14 | C79: 김서현 | D79: 리듬게임 디버그, 스토리 진행 디버그, 결과창 디버그, 결과창 사이즈 정렬, 설정창 재배치, 코드 작성, 안티그래비티와 싸우기(현재진행형) | E79: ㅠㅠ 제가 갑자기 위염으로 몸 상태가 안좋아서 힘들었습니다. 팀에 도움이 되어드리고 싶고, 앞으로 개발 담당자가 디버그에 더 많은 시간을 쏟아야하는데... 다음부터는 컨디션 조절에 조금 더 신경써보려 합니다. 일단 오늘은 정시 퇴근할 생각입니다... | F79: [안중재] - 몸 상태 체크 겸 응원 [김상준] - DM으로 응원하겠습니다 | G79: 대기
B80: 14 | C80: 박기은 | D80: 1~5 스테이지 채보 찍고 테이블화 완료, 게임 내에 적용 완료 -> 플레이 해봤는데 싱크가 안맞음, 싱크를 맞추기 위해 관련 코드를 찾아봄. 너무 방대해서 모르겠음!!!!!! 서현님께 안티그래비티 사용법을 배우고 코드를 고쳐봄. 그래도 오류가 남. 하루종일 싱크를 맞추기 위한 여정이었습니다. | E80: 오늘도 동현님과 서현님께 코딩 관련 정보를 많이많이 배웠습니다!! 그리고 제가 레벨디자인 담당이라 직접 채보를 찍어봤는데 정말 재밌었습니다. 노래 들으면서 직접 찍으면 좀 어려워서 노트 찍기 html프로그램도 만들어 봤는데 굉장히 마음에 듭니다!! 저번 프로젝트보다 자신있는 분야가 아니어서 작업 속도가 굉장히 더딘데 동현님과 서현님께 많은 도움을 받고 저번 프로젝트보다 훨씬 성장한 느낌이긴 합니다. 남은 시간도 화이팅~ | F80: [안중재] - 오... 노트찍기 html | G80: 대기
B81: 14 | C81: 이도건 | D81: 오늘은 스테이지 전후로 삽입될 컷신 제작을 중점으로 작업했습니다. 그리고 리듬게임 이펙트도 메이플월드에서 찾아 선정하였습니다. 팀 작업도 구현이 어느정도 되는 것을 확인하여 뼈대를 잡은 게임을 어느 정도 플레이해보며 조정 작업을 진행하고 잇습니다. | E81: 오늘 처음으로 더미, 뼈대뿐이지만 어느정도 간단한 플레이가 가능한 것을 보고 놀랐습니다. 내일까지 협의할 것 마무리하고 게임을 어느정도라도 완성이 되도록 해보겠습니다. | G81: 대기
B82: 14 | C82: 홍태광 | D82: 플레이 테스트 및 버그 리포트 작성 | E82: 다른 팀원 분들이 바이브코딩 하는 모습을 지켜보니 세세한 것 까지 작성한 기획서의 필요성을 느꼈습니다. | G82: 대기

Sheet 226
B2: 날짜 | C2: 46079
B4: 팀 | C4: 이름 | D4: 작업량 | E4: 한마디 | F4: 비고 | G4: 상태
B5: 1 | C5: 이승구 | D5: 이승구 | E5: 기확자의 정리되지 않은 생각들을 개발자에게 직접 물어봄으로써 개발자가 화가 났지만 아무도 개발자가 화가 난지 모르는 문제가 발생하였습니닷... | G5: 주의
B6: 1 | C6: 김경민 | G6: 대기
B7: 1 | C7: 김수환 | D7: 스테이지 3 레벨디자인, 홍보 영상 제작 | E7: 마지막 날이 되었지만 아쉬운점이 많은 것 같습니다. | G7: 대기
B8: 1 | C8: 박영성 | D8: 맵 프리셋 데이터 테이블 데이터 입력 및 홍보 영상 출력 시도, 사후 개발 쪽에서 기획 정보 부실로 추가로 내용 요청 하여 토의 | E8: 기획서라는게 제 상상 이상으로 디테일하고 더 자세히, 그리고 거의 모든 경우의 수를 고려해서 전달해줘야 하는 것이지, 단순 아이디어 문서가 아니란 것을 프로젝트 하는 내내 느끼는 것 같습니다. 느낀것과 별개로 막상 작성시엔 아직도 부족한게 산더미인지라 앞으로 더 많이 기획서를 써보는 경험을 가져야 할 것 같습니다 | G8: 대기
B9: 1 | C9: 유해찬 | D9: 인벤토리, 아이템 장착, (장착 해제없음 인벤토리 보다 크면 규칙없음) | E9: 완성.. 하고 싶습니다아 | G9: 대기
B10: 1 | C10: 한의호 | D10: 스테이지 타일 배치 데이터 작업, AI 영상 작업 | E10: 항상 새로운 AI를 사용 할 때 마다 AI가 단순 '딸깍' 이라고 생각 하던 과거의 자신에 대한 무지함과 오만함에 대해 반성하게 되는 것 같습니다. AI를 통해 결과물 뽑기란 정말 어렵네요... | G10: 대기
B11: 2 | C11: 김범진 | G11: 대기
B12: 2 | C12: 박현수 | G12: 대기
B13: 2 | C13: 이균호 | G13: 대기
B14: 2 | C14: 이석훈 | G14: 대기
B15: 2 | C15: 손호진 | D15: 게임 개발을 마무리하면서 마지막으로 QA를 진행했고, 자잘한 버그들을 수정하면서 완성하는 데 집중했습니다. | E15: 일단 전체적으로 마무리되어가고 있는 것 같아 다행이라고 생각합니다. 발표까지 마무리하게 되면 회고하면서 돌아봐야 할 것 같습니다. | G15: 대기
B16: 2 | C16: 정재용 | D16: 홍보 영상 제작(미완성) 및 QA | E16: 끝까지 리소스 뽑고 삭제하고 누끼 따서 메이플월드에 넣어봐서 OK를 받거나 다시 크기 설정해서 뽑거나의 무한 반복이었습니다.. 새벽 2~3시까지 남아서 작업도 해보고, 하루 정도는 6시 되자마자 기절해서 잠도 자보고.. 힘들었지만, 그래도 제가 제작한 귀여운 캐릭터들이 공유가 된다는 것이 너무 즐겁습니다. 팀원들은 제가 뽑은 캐릭터들이 다 귀엽고 좋다고 했지만, 다른 사람들도 만족할 수 있을까? 첫 프로젝트와는 다르게 너무 긴장됩니다. | G16: 대기
B17: 3 | C17: 김시온 | D17: 기획서도 다 썼는데.... 왜 다 만들지 못하나... 크아아악!! | E17: 볼륨을 너무 크게 잡기도 했고 다른 조처럼 각자의 기획서 파트는 각자 구현하도록 할 걸 그랬다.... | G17: 대기
B18: 3 | C18: 윤동현 | D18: 스테이지 8 제작 완료 / 맵 플레이 및 버그 리포트 작성 | E18: 우선 제가 어제 UI관련 배치작업을 마무리 하였었는데 시스템 담담자분께서 자신이 제작한 UI와 스크립트를 집어 넣어야 스크립트가 작동될 것 같다 하여서 일단 특전 UI부분은 작업을 하였음에도 사용이 되는 지에 대한 의문이 들고.... 또한 체력바, 경험치바 등등 게임 진행 중 상시로 유저에게 보여지는 HUD 또한 UI배치 작업은 모두 마무리 하였으나, 현재 스크립트, 버그 등등 각종 시스템 오류로 인해 HUD관련 스크립트 작업 진행이 전혀 진행되지 않은 상황이라 조금 난감한 것 같습니다. 제가 제작을 해볼까도 했지만 제가 건들면 시스템 담당자분이 제작하신 것과 충돌이 일어날 것 같아서 쉽사리 제작을 진행하지 못하여 굉장히 걱정이 됩니다 .. | G18: 대기
B19: 3 | C19: 장윤우 | D19: 발표 자료 제작 썸네일, 로비, 엔딩 브금 세로 포스터 배너 이미지 | E19: 우적우적...작업...다먹었...어...? 더있나요? 우적우적...겨우 해치웠... 네? 더 있다구요? 크아아악 | G19: 대기
B20: 3 | C20: 정재훈 | D20: 버그 수정을 위한 노력, ai를 통해 보스 패턴 구현 | E20: 스크립트를 합치는 과정에서 버그가 많이 생겨 꽤나 오늘 고생했다. 게임의 메인 시스템 구현이 꽤나 어려움을 겪고있기도해서 나라도 빨리 마무리 해서 팀원을 도와드리고 싶은데 생각보다 내가 작업속도가 안나서 힘들었다. | G20: 대기
B21: 3 | C21: 정우경 | G21: 대기
B22: 3 | C22: 한재환 | D22: 티저 영상 제작 완료, 새로운 이미지 데이터 테이블 입력 중. | E22: AI는 신입니다. | G22: 대기
B23: 4 | C23: 이형진 | G23: 대기
B24: 4 | C24: 곽용준 | D24: QA 종료 | E24: 아쉬운 점이 있습니다 | G24: 대기
B25: 4 | C25: 이가현 | D25: QA 및 밸런싱 / UI 보조 이미지 적용 오류와 엔딩 시나리오 마무리 작업을 진행했습니다. 전체적으로 퀄리티 보완을 위해 세부적인 요소를 교체하고 수정했습니다. 개연성을 위해 스토리에 설명을 추가하거나, 투사체와 오브젝트 별 히트박스 수정을 진행했습니다. 게임의 진행 속도가 빨라 전체적으로 어렵다는 평을 반영하여 대폭 너프 후 점차 난이도가 올라가는 방향으로 균형을 잡았습니다. 이 외에 아트 리소스 보완이 완료되면 기존 리소스를 교체하며 프로그래머를 도와 엔진 쪽 작업을 보조 했습니다. | E25: 프로그램을 담당할 개발자가 따로 있었다면 처음에 기획했던 게임에서 제외하는 요소가 적어지지 않았을까 생각이 계속 듭니다. 기획자끼리 이기 때문에 아쉬움도 있고 같이 머리 부딪히며 해보는 즐거움도 있었습니다. 이번에는 팀 분위기가 좋아서 힘들지만 재밌었다고 느끼지만, 팀 과제에서 팀 분위기 만큼 영향을 강하게 끼치지만 운에 맡기는 요소는 없다고 생각합니다. 내가 잘하거나 열심히 한다고 해결될 일은 아니라고 생각해서 더욱 어렵게 느껴지는 것 같습니다. 이러한 고민을 하는 만큼 제가 분위기에 영향을 많이 받는 성향임을 상기하곤 합니다. 프로젝트가 끝나가니 시원섭섭하고 보람찬 기간이었다고 생각합니다. | G25: 대기
B26: 4 | C26: 이승진 | D26: 발표 자료 PPT 준비 프로그래머 캐릭터 이펙트 리소스 QA 그동안 작업한 이력이 담겨있는 개인 기획서 정리 | E26: 밸런스가 조금 아쉽지만 개발은 끝났습니다. 추가적으로 더 작업할지는 팀원들에게 달려있지만요. 발표 자료는 제가 준비했지만 다 완성하진 못했습니다. 시간이 부족했다기보다는 일부 항목은 같이 채웠으면 했는데 다들 6시까지 쭉 바빠서 마저채우진 못했네요. 발표 준비는 해도 발표에 자원하진 않았기에 팀장님에게 나머지 항목 맡겨버리고 쉬면 끝인데 이것도 이거대로 좀 찜찜하네요. 매니저님께서 끙끙 앓던 고민 들어주셔서 마음이 한결 가벼워졌습니다. 그래도 잘 버텼다고 말씀해주셔서 바닥을 쳤던 자존감이 어느정도 회복되었네요. 다시 한번 신경써주셔서 감사합니다. | G26: 대기
B27: 4 | C27: 오종호 | D27: 배너&포스터 제작, QA, 홍보영상 제작 | E27: 피곤하다. 재밌다. 우리팀 칭찬. | G27: 대기
B28: 4 | C28: 임소영 | D28: UI디자인, QA | E28: 마무리 디테일 작업, 팀원분들 모두 잘해주시고 적극적으로 작업해주셔서 즐겁게 프로젝트 작업한 것 같습니다. 다들 작업하면서 농담도 하고 웃으면서 작업하는 분위기도 좋아서 친해지고 알아가기 좋았습니다. | G28: 대기
B29: 5 | C29: 승정하 | G29: 대기
B30: 5 | C30: 고승주 | D30: 게임 홍보자료 생성 1. 포스터 2. 배너 광고 (세로, 가로) 3. 트레일러 제작 준비 | E30: 개발을 담당한 팀원의 고충이 너무 미안하지만 해줄 수 있는 게 없어서 안타까운 마음이 드는군요. 확실한 기획서의 중요성을 매일 체감하고 있습니다. | G30: 대기
B31: 5 | C31: 김민수 | G31: 대기
B32: 5 | C32: 예인해 | D32: 밸런스 조절 | E32: 시스템 기획이 가장 어려운줄 알았는데 벨런스 조절이 가장 어려웠습니다... 성장, 경제, 재미, 방지턱 등등 고려 요소와 얽힌 요소가 너무 많습니다... | G32: 대기
B33: 5 | C33: 이원홍 | D33: QA대기하면서 레퍼런스 게임 플레이, qa시트 구경, 민수님 구현 열심히 하는거 응원하기 | E33: 오늘도 고생이 많았던것같습니다. 고생하셨습니다. | G33: 대기
B34: 5 | C34: 한지우 | D34: QA를 위해 게임 구현을 기다리며 래퍼런스 게임을 플레이했고 팀이름 팀 홍보 포스터에 대해 생각해보는 시간이 였습니다 | E34: 피드백이 빨랐고 작업도 계속 주셔서 바빳지만 즐거웠습니다! | G34: 대기
B35: 6 | C35: 이정헌 | D35: 발표자료 작성, QA 리포트 팀원들과 간단하게 작성하여 공유 | E35: 확실히 프로그래밍으로 구현하는 작업이 쉽지 않은 것 같습니다. 초반에는 잘업속도가 잘 나가다가도 코드가 여러개 생겨서 복잡해지기 시작하니 쉽게 손대지 못하는 상황이 되어서 수정도 힘들어지는 부분이 존재하는 것 같습니다. 사실상 오늘 까지 대략적으로라도 완성이 될 줄 알았는데 아쉽습니다. | G35: 대기
B36: 6 | C36: 김윤규 | D36: 스테이지 사운드 배치, 캐릭터 초상화 RUID 배치, 시나리오 엔딩 대사 완성, 회고록 작성 | E36: 짧기도 하고 길기도 한 시간이었지만 이 프로젝트를 통해 또 한걸음 나아간 기분이 듭니다....팀원분들께 넘 감사하기도 하고 수고했단 말씀 드리고 싶네요. 저 혼자면 분명 여기까지 못왔을겁니다...ㅋㅋ 6조 화이팅~ | G36: 대기
B37: 6 | C37: 김지훈 | G37: 대기
B38: 6 | C38: 김태환 | D38: 화면전환 구성 추가, 엔딩 로그 추가 | E38: 어떻게든...만들었다...? 하려던걸 다 하진 못했지만 그래도 나름 붙여놓고 보니까 제작물이 만들어진거 같아 만족스럽다. | G38: 대기
B39: 6 | C39: 김태훈 | D39: 버그 수정, 맵에 몬스터 스포너 기획대로 배치 | E39: 기능구현하면서 뭔가 될거같은데 안되는게 제일 힘든것 같습니다 | G39: 대기
B40: 6 | C40: 맹지훈 | D40: 롱폼 영상 수정 작업 후 유튜브 재업로드, 쇼츠 영상 제작, ui 가이드 이미지 작업, 엔딩 컷신 대사 삽입. | E40: 아, 진짜는 3월이었군요. 일단 제가 할 수 있는건 다해본 것 같습니다. 일부 팀원분들이 주말에도 작업하신다기래, 리소스 필요한거 있으시면 언제든 연락달라고 말씀드렸습니다. 일주일째 감기가 안떨어지고 있으니까 다들 제 표정으 보고 피곤한줄 알거나 화난줄 오해하시길래 해명하는 날이었습니다. | G40: 대기
B41: 7 | C41: 김영도 | D41: 아트 리소스 작업 UI 정비 | E41: 진짜 조금 남아서 오늘 중에 끝내지 않을까? 생각합니다. | G41: 대기
B42: 7 | C42: 권수빈 | D42: 게임 내 비주얼 노벨 npctalk 작성 | E42: 프로그래밍 관련해서 이슈가 발생해 어렵습니다 | G42: 대기
B43: 7 | C43: 김현우A | G43: 대기
B44: 7 | C44: 박원우 | G44: 대기
B45: 7 | C45: 송아영 | D45: 으앙.. | E45: 으아아앙... | G45: 대기
B46: 7 | C46: 채지형 | D46: 통합기획서 다듬기, 프로젝트QA | E46: AI바이브 코딩이 할수록 이상해집니다.. | G46: 대기
B47: 8 | C47: 이영우 | D47: 최종보스 제작, 자질 구레한 버그 수정, 효과음 작업 | E47: 메이플이 참 밉습니다. | G47: 대기
B48: 8 | C48: 강유민 | D48: 게임 제작 발표 PPT 및 전체 기획서 정리 / 홍보물 및 추가 리소스 제작 | E48: 코드를 못 다루니 팀에 도움이 저조해지는 것을 몸소 체험 중 입니다. 혹시 회사에 가서도 이렇게 될까요? 제가 상당히 걱정됩니다... 할 수 있는 일을 모두 받아서 처리하고 있습니다. 해내보겠습니다. | G48: 대기
B49: 8 | C49: 권현민 | D49: 몬스터 만들기를 마무리했습니다. | E49: 거의 끝나서 행복합니다.. 생각할 게 많았던 프로젝트였던 것 같습니다. | G49: 대기
B50: 8 | C50: 김재환 | D50: 오늘은 QA작업을 하는데 테스트 케이스 작성을...? 했습니다(하는중입니다) 뭐부터 해야하는지 잘 몰라서 하고 지우고 하고 지우고 하다보니 벌써 8시간이 지났습니다 처음에는 버그 리포팅을 했었는데 제출할 것이 필요하다고 해서 테스트 케이스 작성을 시작했습니다 다들 오늘 마무리해보겠다고 다들 열심히 하시는데 테스트 케이스 하나 작성 완성 하지 못해서 쭈글한 상태 입니다 | E50: 오늘 하루 종일 했지만 TC의 개념은 알겠는데 그래서 어떻게 무엇을 하는 건지 잘 모르겠습니다 저는 저보다 남을 믿어서 내가 정해서 하는 것을 못하는 걸까요 두려워서 못하는 걸까요?(호기심입니다) | G50: 대기
B51: 8 | C51: 이준혁 | D51: 인계받은 보스전 기획, 구현 완료. 각 지역 개방 조건 스크립트 연결 구현 완료. 신규 필요 맵 5종 제작 완료. 기획서 수정. | E51: 최종 결과물이 아쉽습니다. | G51: 대기
B52: 8 | C52: 장호윤 | D52: 기능구현 다 했고 이제 노가다만 남았습니다 제가 오늘 안에 작업을 다 끝낼 수 있을까요? | E52: 제발 제출 할 수 있게 해주세요 | G52: 대기
B53: 9 | C53: 박민규 | D53: 오늘은 멀티 플레이 QA와 홍보자료 제작을 했습니다 | E53: 助けてください！ | G53: 대기
B54: 9 | C54: 서진호 | D54: 멀티플레이로 했을 때 오류가 있는 게임들이 있어서 해결을 했습니다. 다 같이 QA도 진행하고 했는데 버그를 제외하곤 괜찮게 돌아갔습니다. 기획서에 있는 중간 결과 표시나, 최종 랭킹 표시를 아직 구현하지 못해서 조금 서둘러서 작업해야겠습니다. | E54: 팀 내 이슈는 아니고 바이브 코딩은 쉽지만 바이브 디버깅은 죽을맛이네요 | G54: 대기
B55: 9 | C55: 오동건 | D55: 홍보물 배너 제작 가로 배너 1 세로 배너 1 | E55: 홍보물 제작이 게임 기획보다 재밌었다면 이게 정말일까 | G55: 대기
B56: 9 | C56: 이도민 | D56: 발표 자료 제작 | E56: 오늘도 고생하셨습니다 ! | G56: 대기
... B63: 11 | C63: 배주빈 | D63: 회고록 [12일차] 오전 1. 아침에 각자 브리핑을 진행. ->금일 일정으로 몇시까지 제출인지 학습매니저님의 도움으로 확인 함 ->빈손인 팀원은 아트 부문 캐릭터 작업에 할당. ->오전 작업 시작 2. 10장의 게임오버 이미지를 PPT로 작성 및 배경 RUID 시트에 입력 ->텍스트가 중요한 이미지라 AI로는 생성하는데 어려움을 겪어, 그냥 PPT로 이미지를 생성함. 3. 로비화면 이미지 생성시작 4. ui와 로비화면 이미지를 생성하는 작업을 동우 팀원님에게 전달후 PPT작업에 들어감. 오후 1. 찐빠난 아트 리소스와 데이터 테이블 수정 2. PPT 작성 | E63: 으어어 | G63: 대기
B64: 11 | C64: 김민제 | G64: 대기
B65: 11 | C65: 이동우 | D65: 오늘은 게임 시작화면 이미지를 엄청 많이 뽑았다 처음에 너무 이쁜 이미지가 나와서 거기서 인물과 배경만 조금 수정하려했는데 그 작은작업이 3시간이나 걸릴줄은 몰랐다... 심지어 아직 안나옴 처음에 1분만에 이미지 뽑아서 되게 뿌듯했는데 지금 멘붕상태입니다.. 별로 없긴한데 ui도 아직 만들고 발표 ppt도 만들어야해서 머리가 뜨거워지네요 그래도 할 수 있겠죠 화이팅 | E65: 살려주세ㅇ\ㅕ | G65: 대기
B66: 11 | C66: 주재형 | D66: 엔딩 넣기/토크 조절/카르마 보정/초상화 작업/나이 다듬기/경험치 UI 변경/ending intro 순환구조/plankmove 버그처리 | E66: 힘듭니다 | G66: 대기
B67: 11 | C67: 천영현 | D67: 이미지 마지막 수정, 데이터시트 수정, 최종 이미지,데이터시트 적용 | E67: 오늘 시간이 녹았어요!~ | G67: 대기
B68: 12 | C68: 강태성 | D68: 버그수정, 버그수정, 버그수정, 버그수정, 버그수정, 버그수정, 버그수정, 버그수정, 버그수정, 버그수정, 버그수정, 버그수정, 버그수정, 버그수정, 메월드 찐빠 찾기, 버그수정, 버그수정, 버그수정, 버그수정, 발표 문서 작성하기 | E68: 메월드를 삶아먹고 싶습니다. 아니 16 갈래로 찢어진 몽골 채찍으로 후려치고 싶습니다. 아니, 그보다 더 한 짓을 할 준비가 되어있습니다. 메월드는 존재해선 안되는 엔진입니다 | G68: 대기
B69: 12 | C69: 윤유나 | D69: 캐릭터 스프라이트 이미지 제작, 배경 구성 | E69: 개발해주시는 분들이 너무 바빠서 미안한 마음일 뿐.. | G69: 대기
B70: 12 | C70: 임동균 | G70: 대기
B71: 12 | C71: 조준현 | D71: 채보를 인게임에서 입력한걸 게임에 반영하는 채보작성모드 개발 음악 어레인지 및 제작 혹은 마스터링 작업 플레이어캐릭터(리듬파트 [ 리듬파트는 캐릭터 메월드캐릭터 안씀 ] ) | E71: 게임콘시기에 가족여행으로 자리를 비워야하는데 팀장님 예비군은 뭐고...미치것네.. 맡기고 가도 되는걸까...믿어도 되는걸까... 2명이서 잘하실 수 잇을까.. | G71: 대기
B72: 12 | C72: 조현일 | G72: 대기
B73: 13 | C73: 신석균 | D73: QA, 버그 수정, 발표 준비 | E73: 힘들었지만 정말 많은 것들을 배웠다. | G73: 대기
B74: 13 | C74: 김현우B | D74: 사운드 및 작은 적은 정도 수정 | E74: 다들 좋으셔 가지고 재밌게 프로젝트 진행했습니다. | G74: 대기
B75: 13 | C75: 김흥규 | D75: 게임 재시작, UI·UX 수정, 버그 수정, QA | E75: 와 드디어! 마무리가! 이제야 일찍 잘 수 있겠다!! | G75: 대기
B76: 13 | C76: 장근혁 | D76: 전반적인 QA , 음향 추가/수정 작업 | E76: 모든것이 끝이났다. 끝내주는 취침을 할 것이다 | G76: 대기
B77: 13 | C77: 정석현 | D77: 최종 QA 변경점에 맞춰 튜토리얼 가이드 이미지 수정 | E77: 끝났다!!!!!!!!!! 우리 조가 목표했던 기간 내 완성하기를 완수했다. 구성원 간에 트러블도 없었고 게임도 만족스럽게 잘 나와서 너무 기쁘다. 다른 조 게임들도 너무 기대가 된다. | G77: 대기
B78: 14 | C78: 이동현 | D78: 영상 콘티, 에셋 레퍼런스 서칭, qa, 업무 전달사항, 시나리오 수정 등 했습니다. | E78: 욕심을 줄여서 다행입니다. | G78: 대기
B79: 14 | C79: 김서현 | D79: 이펙트 소스 검색 후 타격시 효과음, 이펙트 재생, 도건님이 찾아주신 이펙트 크롭 및 ogg변환 후 적용, 각종 화면 디버깅, 플레이어 캐릭터 삭제, 로비 버튼 이야기 연주 버튼 클릭 시 변형되도록 코드 수정, 설정창 버튼 추가 및 스크립트 추가하여 구동 기타 등등... 제가 기록하지 못한 여러가지를 했습니다... | E79: 롱노트 구현만......... 남았습니다............ 완성에 다가온 만큼 다들 각자 위치에서 힘내주신 것 같아 감사한 마음이 듭니다....... | G79: 대기
B80: 14 | C80: 박기은 | D80: 노트 당 판정 점수와 시스템이 뒤죽박죽 이었는데 (제가 기획을 제대로 안했어요!) 그걸 정리하고 게임에 적용시켰고.. 다음은 노트 속도를 스테이지마다 설정하게 해서 게임의 난이도를 바꿀수 있게 했습니다. 근데 노트속도에 관련된 코드가 스크립트 이곳저곳에 있어서 찾고 적용시키기가 힘들었습니다ㅠㅠ | E80: 서현님께 정말 많은 도움을 받고 있습니다.. 우리팀의 개발리더!! 대박!! | G80: 대기
B81: 14 | C81: 이도건 | D81: 오늘은 컷신 남은 사항 작업하고 추가로 필요한 sfx 및 게임 제목 UI 디자인을 구상하고 작업하였습니다. | E81: 마지막 날인데 아직 작업사항이 조금 남아서 마무리하고 들어가야할 것 같습니다. 개발, 아트쪽에서 어느정도 마무리는 되어가는 사항이라서 마지막까지 완성을 향해서 열심히 더 작업하겠습니다. | G81: 대기
B82: 14 | C82: 홍태광 | D82: QA 리스트 작성, 메인 화면 이미지 제작, | E82: 그래도 끝이 보이는 것 같습니다;; | G82: 대기

Sheet 227
B2: 날짜 | C2: 46080
B4: 팀 | C4: 이름 | D4: 작업량 | E4: 한마디 | F4: 비고 | G4: 상태
B5: 1 | C5: 이승구 | G5: 대기
B6: 1 | C6: 김경민 | G6: 대기
B7: 1 | C7: 김수환 | G7: 대기
B8: 1 | C8: 박영성 | G8: 대기
B9: 1 | C9: 유해찬 | G9: 대기
B10: 1 | C10: 한의호 | G10: 대기
B11: 2 | C11: 김범진 | G11: 대기
B12: 2 | C12: 박현수 | G12: 대기
B13: 2 | C13: 이균호 | G13: 대기
B14: 2 | C14: 이석훈 | G14: 대기
B15: 2 | C15: 손호진 | D15: 개발 마무리 | E15: 발표까지 잘 마무리하게 되어 다행이라 생각하고, 팀장님과 팀원분들 모두 수고하셨습니다 | G15: 대기
B16: 2 | C16: 정재용 | G16: 대기
B17: 3 | C17: 김시온 | G17: 대기
B18: 3 | C18: 윤동현 | G18: 대기
B19: 3 | C19: 장윤우 | G19: 대기
B20: 3 | C20: 정재훈 | G20: 대기
B21: 3 | C21: 정우경 | G21: 대기
B22: 3 | C22: 한재환 | G22: 대기
B23: 4 | C23: 이형진 | G23: 대기
B24: 4 | C24: 곽용준 | G24: 대기
B25: 4 | C25: 이가현 | G25: 대기
B26: 4 | C26: 이승진 | G26: 대기
B27: 4 | C27: 오종호 | G27: 대기
... B32: 5 | C32: 예인해 | G32: 대기
B33: 5 | C33: 이원홍 | D33: 게임해보기 | E33: 쉬러가겠습니다~ | G33: 대기
B34: 5 | C34: 한지우 | G34: 대기
B35: 6 | C35: 이정헌 | G35: 대기
B36: 6 | C36: 김윤규 | G36: 대기
B37: 6 | C37: 김지훈 | G37: 대기
B38: 6 | C38: 김태환 | G38: 대기
B39: 6 | C39: 김태훈 | G39: 대기
B40: 6 | C40: 맹지훈 | G40: 대기
B41: 7 | C41: 김영도 | G41: 대기
B42: 7 | C42: 권수빈 | G42: 대기
B43: 7 | C43: 김현우A | G43: 대기
B44: 7 | C44: 박원우 | G44: 대기
B45: 7 | C45: 송아영 | G45: 대기
... B49: 8 | C49: 권현민 | G49: 대기
B50: 8 | C50: 김재환 | D50: 열심히 발표를 듣기만 했습니다 (왜 메모를 하지 않은 거야 바보야 상태입니다) | E50: 무사히 프로젝트가 끝나서 다행입니다 수고하셨습니다 | G50: 대기
B51: 8 | C51: 이준혁 | G51: 대기
B52: 8 | C52: 장호윤 | G52: 대기
B53: 9 | C53: 박민규 | G53: 대기
B54: 9 | C54: 서진호 | G54: 대기
B55: 9 | C55: 오동건 | G55: 대기
B56: 9 | C56: 이도민 | G56: 대기
B57: 9 | C57: 이유송 | G57: 대기
B58: 10 | C58: 안성진 | G58: 대기
B59: 10 | C59: 우현승 | G59: 대기
B60: 10 | C60: 이찬규 | G60: 대기
B61: 10 | C61: 정수진 | G61: 대기
B62: 10 | C62: 최선동 | G62: 대기
... B72: 12 | C72: 조현일 | G72: 대기
B73: 13 | C73: 신석균 | D73: 팀 프로젝트 발표 | E73: 어렵지만 재미었다. | G73: 대기
B74: 13 | C74: 김현우B | D74: 마지막 QA 및 몬스터 데미지 표기 | E74: 다들 너무 열심히 해주셔가지고 재미었습니다. | G74: 대기
B75: 13 | C75: 김흥규 | D75: 게임 출시, 발표 듣기(좀 졸긴 했음), 웃기, 칭찬하기 | E75: 드디어 끝났습니다!!!!!!!!!!!!!!!!!!!! 기간 안에 완수할 수 있게 열심히 달렸던 거 같습니다. 이제 꿀잠 가즈아ㅏㅏㅏㅏㅏㅏ 아 맞다. 프로젝트 동안 도움 많이 받았던 사람 한 명만 적으라길래 언급을 못 했었는데 아트에 맹지훈님, 깃&메월드에 서진호님, 멘탈 관리의 이정헌님, 작업 공유의 이승구님까지, 물론 다른 분들도 감사했지만 이 분들에겐 특별히 더 감사했던 거 같습니다! 수요일 밤에 저희 게임 보시고 재밌다고 해주신 매니저님까지! 그리고 저희 조는 다행히 탈이 없어서 못 느꼈지만 힘들어 하는 조들 계속 도와주셨던 강사님들도 정말 고생 많으셨습니다! | G75: 대기
B76: 13 | C76: 장근혁 | D76: 발표를 듣고 게임을 체험했다 | E76: 5조 게임은 밸런스를 참.. | G76: 대기
B77: 13 | C77: 정석현 | D77: 발표 듣기 | E77: 하필 발표날에 늦잠을 자서... 다른 조들도 너무 좋은 퀄리티가 나온 것 같아서 너무 기대된다! 주말을 쓰실 분들도 많으신 것 같은데 주말동안 많이 기대해둬야겠다. | G77: 대기
B78: 14 | C78: 이동현 | G78: 대기
B79: 14 | C79: 김서현 | G79: 대기
B80: 14 | C80: 박기은 | G80: 대기
B81: 14 | C81: 이도건 | G81: 대기
B82: 14 | C82: 홍태광 | G82: 대기

Sheet 포인트 지급
B2: 팀 | C2: 이름 | D2: 지급 포인트 | E2: 지급 여부 | F2: 팀장 | G2: 발표자 | H2: 우수 프로젝트상 | I2: 피칭 마스터상 | J2: 어쨌든 돌아감상 | K2: 합이 좋았상 | L2: 기획서가 너무 많아상 | M2: 내가 해냄상 | N2: 성장 회고상 | O2: 숨은 공신상 | P2: 홍보상
F3: 3000 | G3: 1000 | H3: 5000 | I3: 3000 | J3: 3000 | K3: 3000 | L3: 3000 | M3: 3000 | N3: 3000 | O3: 3000 | P3: 5000
B4: 1 | C4: 이승구 | D4: =SUMPRODUCT(F4:P4 * $F$3:$P$3)+1000 -> 5000 | E4: TRUE | F4: TRUE | G4: TRUE | H4: FALSE | I4: FALSE | J4: FALSE | K4: FALSE | L4: FALSE | M4: FALSE | N4: FALSE | O4: FALSE | P4: FALSE
B5: 1 | C5: 김경민 | D5: =SUMPRODUCT(F5:P5 * $F$3:$P$3)+1000 -> 1000 | E5: TRUE | F5: FALSE | G5: FALSE | H5: FALSE | I5: FALSE | J5: FALSE | K5: FALSE | L5: FALSE | M5: FALSE | N5: FALSE | O5: FALSE | P5: FALSE
B6: 1 | C6: 김수환 | D6: =SUMPRODUCT(F6:P6 * $F$3:$P$3)+1000 -> 1000 | E6: FALSE | F6: FALSE | G6: FALSE | H6: FALSE | I6: FALSE | J6: FALSE | K6: FALSE | L6: FALSE | M6: FALSE | N6: FALSE | O6: FALSE | P6: FALSE
B7: 1 | C7: 박영성 | D7: =SUMPRODUCT(F7:P7 * $F$3:$P$3)+1000 -> 1000 | E7: TRUE | F7: FALSE | G7: FALSE | H7: FALSE | I7: FALSE | J7: FALSE | K7: FALSE | L7: FALSE | M7: FALSE | N7: FALSE | O7: FALSE | P7: FALSE
B8: 1 | C8: 유해찬 | D8: =SUMPRODUCT(F8:P8 * $F$3:$P$3)+1000 -> 1000 | E8: TRUE | F8: FALSE | G8: FALSE | H8: FALSE | I8: FALSE | J8: FALSE | K8: FALSE | L8: FALSE | M8: FALSE | N8: FALSE | O8: FALSE | P8: FALSE
B9: 1 | C9: 한의호 | D9: =SUMPRODUCT(F9:P9 * $F$3:$P$3)+1000 -> 1000 | E9: TRUE | F9: FALSE | G9: FALSE | H9: FALSE | I9: FALSE | J9: FALSE | K9: FALSE | L9: FALSE | M9: FALSE | N9: FALSE | O9: FALSE | P9: FALSE
B10: 2 | C10: 김범진 | D10: =SUMPRODUCT(F10:P10 * $F$3:$P$3)+1000 -> 7000 | E10: TRUE | F10: TRUE | G10: FALSE | H10: FALSE | I10: FALSE | J10: TRUE | K10: FALSE | L10: FALSE | M10: FALSE | N10: FALSE | O10: FALSE | P10: FALSE
B11: 2 | C11: 박현수 | D11: =SUMPRODUCT(F11:P11 * $F$3:$P$3)+1000 -> 4000 | E11: TRUE | F11: FALSE | G11: FALSE | H11: FALSE | I11: FALSE | J11: TRUE | K11: FALSE | L11: FALSE | M11: FALSE | N11: FALSE | O11: FALSE | P11: FALSE
B12: 2 | C12: 이균호 | D12: =SUMPRODUCT(F12:P12 * $F$3:$P$3)+1000 -> 4000 | E12: TRUE | F12: FALSE | G12: FALSE | H12: FALSE | I12: FALSE | J12: TRUE | K12: FALSE | L12: FALSE | M12: FALSE | N12: FALSE | O12: FALSE | P12: FALSE
B13: 2 | C13: 이석훈 | D13: =SUMPRODUCT(F13:P13 * $F$3:$P$3)+1000 -> 5000 | E13: TRUE | F13: FALSE | G13: TRUE | H13: FALSE | I13: FALSE | J13: TRUE | K13: FALSE | L13: FALSE | M13: FALSE | N13: FALSE | O13: FALSE | P13: FALSE
B14: 2 | C14: 손호진 | D14: =SUMPRODUCT(F14:P14 * $F$3:$P$3)+1000 -> 4000 | E14: TRUE | F14: FALSE | G14: FALSE | H14: FALSE | I14: FALSE | J14: TRUE | K14: FALSE | L14: FALSE | M14: FALSE | N14: FALSE | O14: FALSE | P14: FALSE
B15: 2 | C15: 정재용 | D15: =SUMPRODUCT(F15:P15 * $F$3:$P$3)+1000 -> 4000 | E15: TRUE | F15: FALSE | G15: FALSE | H15: FALSE | I15: FALSE | J15: TRUE | K15: FALSE | L15: FALSE | M15: FALSE | N15: FALSE | O15: FALSE | P15: FALSE
... B70: 12 | C70: 조준현 | D70: =SUMPRODUCT(F70:P70 * $F$3:$P$3)+1000 -> 4000 | E70: FALSE | F70: FALSE | G70: FALSE | H70: FALSE | I70: FALSE | J70: FALSE | K70: FALSE | L70: FALSE | M70: TRUE | N70: FALSE | O70: FALSE | P70: FALSE
B71: 12 | C71: 조현일 | D71: 1000 | E71: TRUE | F71: FALSE | G71: FALSE | H71: FALSE | I71: FALSE | J71: FALSE | K71: FALSE | L71: FALSE | M71: TRUE | N71: FALSE | O71: FALSE | P71: FALSE
B72: 13 | C72: 신석균 | D72: =SUMPRODUCT(F72:P72 * $F$3:$P$3)+1000 -> 8000 | E72: TRUE | F72: TRUE | G72: TRUE | H72: FALSE | I72: FALSE | J72: FALSE | K72: TRUE | L72: FALSE | M72: FALSE | N72: FALSE | O72: FALSE | P72: FALSE
B73: 13 | C73: 김현우B | D73: =SUMPRODUCT(F73:P73 * $F$3:$P$3)+1000 -> 4000 | E73: TRUE | F73: FALSE | G73: FALSE | H73: FALSE | I73: FALSE | J73: FALSE | K73: TRUE | L73: FALSE | M73: FALSE | N73: FALSE | O73: FALSE | P73: FALSE
B74: 13 | C74: 김흥규 | D74: =SUMPRODUCT(F74:P74 * $F$3:$P$3)+1000 -> 4000 | E74: TRUE | F74: FALSE | G74: FALSE | H74: FALSE | I74: FALSE | J74: FALSE | K74: TRUE | L74: FALSE | M74: FALSE | N74: FALSE | O74: FALSE | P74: FALSE
B75: 13 | C75: 장근혁 | D75: =SUMPRODUCT(F75:P75 * $F$3:$P$3)+1000 -> 4000 | E75: TRUE | F75: FALSE | G75: FALSE | H75: FALSE | I75: FALSE | J75: FALSE | K75: TRUE | L75: FALSE | M75: FALSE | N75: FALSE | O75: FALSE | P75: FALSE
B76: 13 | C76: 정석현 | D76: =SUMPRODUCT(F76:P76 * $F$3:$P$3)+1000 -> 4000 | E76: TRUE | F76: FALSE | G76: FALSE | H76: FALSE | I76: FALSE | J76: FALSE | K76: TRUE | L76: FALSE | M76: FALSE | N76: FALSE | O76: FALSE | P76: FALSE
B77: 14 | C77: 이동현 | D77: =SUMPRODUCT(F77:P77 * $F$3:$P$3)+1000 -> 4000 | E77: TRUE | F77: TRUE | G77: FALSE | H77: FALSE | I77: FALSE | J77: FALSE | K77: FALSE | L77: FALSE | M77: FALSE | N77: FALSE | O77: FALSE | P77: FALSE
B78: 14 | C78: 김서현 | D78: =SUMPRODUCT(F78:P78 * $F$3:$P$3)+1000 -> 1000 | E78: TRUE | F78: FALSE | G78: FALSE | H78: FALSE | I78: FALSE | J78: FALSE | K78: FALSE | L78: FALSE | M78: FALSE | N78: FALSE | O78: FALSE | P78: FALSE
B79: 14 | C79: 박기은 | D79: =SUMPRODUCT(F79:P79 * $F$3:$P$3)+1000 -> 2000 | E79: TRUE | F79: FALSE | G79: TRUE | H79: FALSE | I79: FALSE | J79: FALSE | K79: FALSE | L79: FALSE | M79: FALSE | N79: FALSE | O79: FALSE | P79: FALSE
B80: 14 | C80: 이도건 | D80: =SUMPRODUCT(F80:P80 * $F$3:$P$3)+1000 -> 1000 | E80: TRUE | F80: FALSE | G80: FALSE | H80: FALSE | I80: FALSE | J80: FALSE | K80: FALSE | L80: FALSE | M80: FALSE | N80: FALSE | O80: FALSE | P80: FALSE
B81: 14 | C81: 홍태광 | D81: =SUMPRODUCT(F81:P81 * $F$3:$P$3)+1000 -> 1000 | E81: TRUE | F81: FALSE | G81: FALSE | H81: FALSE | I81: FALSE | J81: FALSE | K81: FALSE | L81: FALSE | M81: FALSE | N81: FALSE | O81: FALSE | P81: FALSE
