Workbook

Sheet Base
B2: 날짜 | C2: 46099
B4: 팀 | C4: 이름 | D4: 작업량 | E4: 한마디 | F4: 비고 | G4: 상태
B5: 1 | C5: 강유민 | D5: {=IF($C5:$C999="","", IFERROR( VLOOKUP( $C5:$C999 & "│" & TEXT($C$2,"yyyy-mm-dd"), SORT({ '설문지 응답 시트1'!$B$2:$B999 & "│" & TEXT('설문지 응답 시트1'!$D$2:$D999,"yyyy-mm-dd"), '설문지 응답 시트1'!$E$2:$E999, '설문지 응답 시트1'!$A$2:$A999 }, 3, FALSE), 2, FALSE ), "" ) )} | E5: {=IF($C5:$C999="","", IFERROR( VLOOKUP( $C5:$C999 & "│" & TEXT($C$2,"yyyy-mm-dd"), SORT({ '설문지 응답 시트1'!$B$2:$B999 & "│" & TEXT('설문지 응답 시트1'!$D$2:$D999,"yyyy-mm-dd"), '설문지 응답 시트1'!$F$2:$F999, '설문지 응답 시트1'!$A$2:$A999 }, 3, FALSE), 2, FALSE ), "" ) )} | G5: 대기
B6: 1 | C6: 이유송 | G6: 대기
B7: 1 | C7: 이동현 | D7: 로그라이크 코어 루프 확립하도록 노력했습니다. 추가로 시스템 흐름도 가이드 조건대로 작성 중입니다. | E7: 팀원들이 저마다 생각하는 것이 다를 수 있기에, 프로젝트에는 서로 간의 생각 체크나 레퍼런스 체크 등이 확실히 이루어져야 한다고 생각했습니다. | G7: 대기
B8: 1 | C8: 정우경 | D8: 시스템 기획 캐릭터 전투 몬스터 등등 | E8: 컨셉 및 핵심 시스템 기획이 매우 힘들었다. | G8: 대기
B9: 1 | C9: 김현우A | D9: 전투시스템 기획이 완료 | E9: 대략적인 전투 회의를 마쳤다 12시 까지 회의를 한 강행군이었다. 중간에 게임 시스템이 갈아업어져서 팀원간 충돌이 있었고 분의기가 살벌해졌지만 그래도 강사님이 수습을 해주어서 어느정도 수습이 되었고긴 회의 끝내 전투시스템 기획이 완료되었다 | G9: 대기
B10: 1 | C10: 정석현 | D10: 컨셉 기획 토의 UI / 이미지 레퍼런스 수집 | E10: 역시 재미를 만드는 건 쉬운 일이 아닌 것 같다. 오늘도 야근이다. | G10: 대기
B11: 1 | C11: 임소영 | D11: 컨셉 기획 회의 | E11: 다같이 아이디어를 하나 놓고 대화하는 방식으로 진행하니 서로 해당 시스템에 대해 분석해볼 시간이 부족해서 분석적인 내용없이 대화가 오간게 아쉬웠다. | G11: 대기
B12: 1 | C12: 박현수 | D12: 컨셉회의 간단하게 마무리하고 WBS 업무분배 작업하다가 컨셉이 엎어져서 할게 사라졌습니다... 기존에 있던 게임을 그대로 옮기는거 뿐이라 콘텐츠 기획쪽에선 무엇을 해야할지 어렵네요 | E12: 화이팅! | G12: 대기
B13: 2 | C13: 김서현 | D13: 1. 원페이지 기획서 작성 후, 공유 2. 기획안 확정 및 게임 코어 정립 3. 기획서 피드백 진행 4. 발표 자료 기반 작성 (미완) | E13: PM님과의 소통 부재가 있다고 느낍니다. 분명 사전에 방향성을 정했는데, 추후 얘기 없이 다른 방향성으로 진행되는 것이 많이 혼란스러웠습니다. 오늘은 좀 더 대화를 나눠보고자 합니다. 팀장으로서 부족한 것은 아닐까 하는 걱정이 앞섭니다. 깐부를 믿기! PM을 믿기! 이겨내겠습니다. | G13: 대기
B14: 2 | C14: 김태환 | D14: 업무 분담, 기획서 초안 확인 | E14: 기획 방향을 크게 틀게 되었지만 그럼에도 불구하고 이제 가닥이 잡혀가는 것 같아서 다행입니다. 다만, 볼륨에 대해 얼마나 협의를 볼 수 있을지 걱정입니다. | G14: 대기
B15: 2 | C15: 장윤우 | D15: 팀 컨셉 확정, 컨셉 시나리오 기획서 작성, 리소스 정리를 진행했습니다. | E15: 팀원들을 믿고 열심히 진행하겠습니다. | G15: 대기
B16: 2 | C16: 유해찬 | D16: 인게임 uI 작성을 요청받아 작업함. | E16: 내가 잘하고있을까아... 모르겠다 | G16: 대기
B17: 2 | C17: 박기은 | D17: 다같이 컨셉기획 마무리, 아트로 배정 받음!! 아트 스타일, 주인공 이미지, 배경 분위기 등에 대해 팀원분들과 이야기하고 대충 그려보는 시간을 가졌습니다. | E17: 화이팅.... | G17: 대기
B18: 2 | C18: 이원홍 | D18: 팀적으로 전체적인 컨셉 기획 완료 / 스테이지1 프로토타입 구상/ 레벨디자인 통합 문서 작성 진행중 | E18: 프로젝트가 진행이 되어가는 느낌이라 매우 좋습니다! | G18: 대기
... B55: 7 | C55: 이균호 | D55: 테마, 컨셉, 기본적인 시스템과 컨텐츠를 정했다. 각 인원의 팀 내 역할을 확정했다. | E55: 그 동안 시스템 기획만 쭈욱 해왔는데 이번에 처음으로 시스템이 아닌 레벨/전투 디자인을 맡게 되었다. 익숙하지 않은 부분을 하게 되어서 조금 두렵기도 하지만 한 편으로는 해보고 싶었던 레벨 디자인을 하게 되어 기대된다. 내일도 화이팅이다! | G55: 대기
B56: 7 | C56: 최선동 | G56: 대기
B57: 8 | C57: 예인해 | D57: 팀원 작업 확인 및 팀원 상담. PM과 WBS 내용 상세화, html 목업 생산, 진행사항 보고 | E57: 저!는! 행!복!합!니!다! 강!사!님!들!과! 매!니!저!님!도!행!복!하!시!온! | G57: 대기
B58: 8 | C58: 이도민 | D58: 작업 리스트 및 우선 순위 정리 | E58: 없습니다 ! | G58: 대기
B59: 8 | C59: 김시온 | D59: MainSystem_FSM, Stage_FSM,DataTable 임시 구조 정리 | E59: 시간이 너무 빨리갑니다. | G59: 대기
B60: 8 | C60: 이준혁 | D60: 배정받은 파트 아이데이션 1차 완료, 블록매치 상호작용 기획서 작성, 보스 기획, 패턴 기획, 블록 효과설정, 기타 부가효과 설정, 스파이 활동 | E60: 세상이 아름답습니다. | G60: 대기
B61: 8 | C61: 이승진 | D61: 게임 컨셉 기획서 및 이벤트 스토리 보드에 대해 작업했습니다. 주로 세계관, 캐릭터, 스토리, 설정, 게임의 진행 흐름 위주로 작업했습니다. | E61: 크런치가 사실상 필수라서 좀 부담되긴 하지만 아직은 버틸만합니다. 훌륭한 팀원들, 좋아하는 팀원들 몰아서 배치받은듯해서 배려해주셔서 감사합니다. 이번엔 팀원분들과 부딪히지않고, 저 스스로에 대한 자괴감 느끼는 일 없이 잘 해내고 싶네요. | G61: 대기
B62: 8 | C62: 김윤규 | D62: 컨셉 기획, 스테이지 사이 이벤트 기획 | E62: 분업이 잘 되고 시작한 것 같아서 좋습니다 | G62: 대기
B63: 8 | C63: 김범진 | D63: 전투 시스템 플로우 차트 작성, 전투 밸런싱 보조 | E63: 팀원들이 제 역활에 맞게 잘해주고 있습니다. 너무 깔끔합니다. 특히 팀장이란 이런거구나 라는걸 배우는 중입니다. | G63: 대기
B64: 8 | C64: 배주빈 | D64: PPT 발표자료 작성 | E64: 오늘은 정말 힘들었었다 | G64: 대기
B65: 9 | C65: 서진호 | D65: 1. 어제 작업하던 컨셉기획을 마무리하고, 원페이지 기획서를 각자 작성하고 장단점과 구현이 얼마나 걸릴지에 대해서 정한 후 문서 하나로 통합하는 작업을 했습니다. 이후 프로토타이핑을 위해 개별 문서를 작성했고, 개인 시간을 조금 할애해서 내일 오전까지 플레이 가능한 프로토타입을 만들 예정입니다. 2. 내일 PM님이 안계시기 때문에 오후 일정을 어떻게 배분할지에 대해서 이야기를 했었고 전체적인 일정 조율을 조금 더 했습니다. 3. 프로토타입 제작에 에셋을 쓰는건 조금 별로일까? 싶긴했는데, 에디터만 나왔지만 조금 고되더라도 하길 잘했다는 생각이 듭니다. 4. 특이하게도 업무를 하면서 더더욱 아이스 브레이킹이 되어가고 있습니다. 고작 이틀차지만, 화기애애해서 좋고 다들 게임의 방향성도 잘 이해하고 순항 중인 것 같습니다. 특히 원우님께선 어제 예비군으로 못오셨었는데, 갈피를 바로 잡으시고 문서 작성도 정말 잘 해주셨습니다. 5. 방금도 말했듯이 고작 이틀차지만, 지금 기획 팀원 분들과는 작업을 하는데에 있어 크게 어려울 거 같단 생각이 들지않을 정도로 저는 만족합니다. 6. 아까 말씀 해주셨던 것 처럼 구현 난이도가 꽤 있는데, 타일 배치와 관련해서 설명을 조금 더 보강하자면, 온천예제로 들면 온천을 1타일씩 추가하는 것이 아니라 3x3이나 5x3처럼 정해진 프리셋이 있어서, 그걸 설치하는 방식이였습니다. 스타듀 밸리를 생각해주시면 될 것 같습니다. 물론 스타듀밸리도 구현하려면 굉장히 어렵기 때문에, 기술적 구현 등의 문제들을 어떻게 해야할지에 대해서도 조금씩이라도 고민을 좀 해봐야겠네요. 7. 프로그래밍 분들과 같이 작업하는 건 간만이라서 꽤 긴장되네요 제가 프로그래밍을 하던 시절이 약 19년 전 이야기라 우매함 봉우리 그 자체라서 소통하는 방법이 과거에 제가 배웠던 것들이 아직도 통할지도 모르겠어서 걱정스럽긴 합니다. 그래도 저희 팀원 분들을 전적으로 믿듯이 프로그래밍 팀 분들도 전적으로 믿고 작업을 하는게 최선의 선택이라 생각합니다. | E65: 오전에 원우님께서 개인 프로젝트 작업을 병행하고 계셨는데 사전에 이야기를 안해주셔서 조금 꼬일뻔 했으나 다행히 잘 해결이 됐습니다. 오늘 하루도 무사히 넘어갔네요 내일은 더욱 더 열심히 해보겠습니다 수고하셨습니다 | G65: 대기
B66: 9 | C66: 강태성 | D66: 1페이지 기획안 확정 및 프로토타입용 기획안 작성 도움, 내일 일정 배분, WBS 작성 준비 | E66: 여기 분위기 좋은데요. 어라, 그동안 제가 한 팀 프로젝트는 이런게 아니였는데 스타크씨... 기분이 이상해요 | G66: 대기
B67: 9 | C67: 박민규 | D67: 컨샙 기획과 프로토 타입 개발 기획을 마쳤습니다! | E67: 캐릭터를 많이 만들고싶습니다! | G67: 대기
B68: 9 | C68: 김경민 | D68: 원페이지, 기획서 작성, 타이쿤게임의 기본적인 UI/UX 와이어 프레임 피그마로 작성 | E68: 음.. 다른 부분은 모두 순조롭지만 초기 구상 분량이 많아 어느정도까지 구현이 될지 조금 걱정이 됩니다. | G68: 대기
... B75: 10 | C75: 홍태광 | D75: 1. 팀원분들과 함께 게임 컨셉을 구체화 후 확정. WBS를 작성하는 시간을 가졌습니다. 2. 전투화면 UI의 기본적인 레이아웃, 팝업 레이아웃을 구상하였습니다. | E75: 저희 조 주제가 다른 주제와 비교해 범위가 작은 덕분에 빠르게 컨셉을 확정할 수 있었던 것 같습니다. | G75: 대기
B76: 10 | C76: 정재훈 | G76: 대기
B77: 10 | C77: 한의호 | D77: 소통 원활화를 위한 게임 내 용어 정리, UI목업 회의, 개발 필요 요소 정리 | E77: 장르를 잘 뽑아서 진행이 비교적 빠른 것 같아 정말 다행인 것 같습니다. | G77: 대기
B78: 10 | C78: 정재용 | D78: 게임 컨샙 구체화 후 확정, WBS작성, 우선 순위 설정 | E78: 행복합니다 ^^; | G78: 대기
B79: 개인 | C79: 김지훈 | D79: 생성 ai 파이프라인 세팅 | E79: 환경 세팅에 많은 시간이 드는 거 같다 | G79: 대기
B80: 개인 | C80: 이석훈 | D80: 이름짓기 기능 개발 | E80: UI랑 엮는게 쉽지않네요 | G80: 대기
B81: 개인 | C81: 조현일 | D81: 컨셉 기획서의 토대를 다지는 작업을 했습니다. | E81: 차분하게 현재 할 수 있는것들을 쌓아나가는것이 관건이라 생각합니다. 전진하겠습니다. | G81: 대기

Sheet Date
A1: 46099
A2: 46100
A3: 46101
A4: 46104
A5: 46105
A6: 46106
A7: 46107
A8: 46108
A9: 46111
A10: 46112
A11: 46113
A12: 46114
... A16: 46120

Sheet 설문지 응답 시트1
A1: 타임스탬프 | B1: 이름 | C1: 소속팀 | D1: 작성 날짜 | E1: 오늘 작업한 내용 | F1: 자유로운 한마디
A2: 46099.732 | B2: 정석현 | C2: 1팀 | D2: 46099 | E2: 컨셉 기획 토의 UI / 이미지 레퍼런스 수집 | F2: 역시 재미를 만드는 건 쉬운 일이 아닌 것 같다. 오늘도 야근이다.
A3: 46099.732 | B3: 박원우 | C3: 9팀 | D3: 46099 | E3: 원페이지 기획 컨셉공유 역할배분 회의 | F3: 매우 좋은 진행인것같아서 안심됩니다
A4: 46099.732 | B4: 김영도 | C4: 3팀 | D4: 46099 | E4: 컨셉 기획 | F4: 컨셉 기획에서 제가 기존에 생각한 컨셉이 되어서 조금 기뻤습니다. 오늘 에셋을 찾아봤는데 기획과 정확하게 매치되는 것은 없었지만 그래도 나쁘지 않은 엣셋이 있어서 다행이라고 느끼기도 했습니다
A5: 46099.733 | B5: 권수빈 | C5: 3팀 | D5: 46099 | E5: 컨셉 기획 선정 | F5: 순조롭게 진행 중입니다. 열심히 하겠습니다.
A6: 46099.733 | B6: 박민규 | C6: 9팀 | D6: 46099 | E6: 컨샙 기획과 프로토 타입 개발 기획을 마쳤습니다! | F6: 캐릭터를 많이 만들고싶습니다!
A7: 46099.734 | B7: 장호윤 | C7: 10팀 | D7: 46099 | E7: 컨셉 회의 및 업무 분담, 원페이지 기획서 작업 | F7: 머리털 빠질 것 같습니다...
A8: 46099.735 | B8: 이석훈 | C8: 개인 프로젝트 | D8: 46099 | E8: 이름짓기 기능 개발 | F8: UI랑 엮는게 쉽지않네요
A9: 46099.736 | B9: 김서현 | C9: 2팀 | D9: 46099 | E9: 1. 원페이지 기획서 작성 후, 공유 2. 기획안 확정 및 게임 코어 정립 3. 기획서 피드백 진행 4. 발표 자료 기반 작성 (미완) | F9: PM님과의 소통 부재가 있다고 느낍니다. 분명 사전에 방향성을 정했는데, 추후 얘기 없이 다른 방향성으로 진행되는 것이 많이 혼란스러웠습니다. 오늘은 좀 더 대화를 나눠보고자 합니다. 팀장으로서 부족한 것은 아닐까 하는 걱정이 앞섭니다. 깐부를 믿기! PM을 믿기! 이겨내겠습니다.
A10: 46099.737 | B10: 김윤규 | C10: 8팀 | D10: 46099 | E10: 컨셉 기획, 스테이지 사이 이벤트 기획 | F10: 분업이 잘 되고 시작한 것 같아서 좋습니다
A11: 46099.737 | B11: 윤동현 | C11: 3팀 | D11: 46099 | E11: 오늘은 팀에서 컨셉을 정하기 위해 각자 원페이지 기획서를 작성하고 투표를 하는 식으로 컨셉을 정하게 되었습니다. 그래서 저희 팀은 좀비물로 가기로 정해졌습니다 이후에 추가적으로 토의를 진행 했었는데 저는 좀비물 게임 경험이 적어서 쉽게 의견을 말하진 못한 것 같습니다. 경험이 있었다면 더 많은 아이디어를 얘기하고 팀원들과 소통하여 정할 수 있었는데 살짝은 아쉬운 느낌이 듭니다. 그리고 아직 컨셉 기획단계이긴 하지만 각자 무슨 파트를 맡을 건지도 팀장님과 피디님이 얘기 후에 정해주셨습니다. 저는 밸런스를 맡게 되었습니다. 이전 메이플월드 프로젝트 때는 콘텐츠를 맡게 되었었는데, 이번에는 밸런스라서 기대되기도 하고 어느 힘듦이 존재하는지 경험을 쌓아볼 수 있을 것 같아서 긍정적이게 생각 중입니다. | F11: 음 컨셉이나 등등 아이디어에 대해 얘기를 하다보니 점점 스케일이 커지는 것만 같은 느낌이 들어서 가늠하기가 힘든 느낌이 있었던 것 같습니다. 말고는 제가 관련 분야에 대해 경험이 없어서 걱정이 조금 있는 것 같습니다 하하
A12: 46099.737 | B12: 신석균 | C12: 5팀 | D12: 46099 | E12: 컨셉기획을 완료하고 세계관 설정을 완료했다. | F12: 일정이 너무 빡빡하다
A13: 46099.737 | B13: 천영현 | C13: 10팀 | D13: 46099 | E13: PM 역할 1. 의견 조율 2. 회의록 작성 및 정리 3. 진행 유도 4. WBS 정리 5. WBS 우선순위 정리 | F13: 너무 작업이 잘돼서 무서워요~ 팀원 분들이 너무 좋습니다!!
... A261: 46104.747 | B261: 한의호 | C261: 10팀 | D261: 46104 | E261: 유닛 기획 시트 수정, 시너지 기획 시트 수정, 적 유닛 기획 시트 작성 | F261: 수정을 진행하며 게임 시스템에 대한 정리와 이해가 필요해서 팀원들과 논의 하는 데에 시간을 많이 쓴 것 같습니다.
A262: 46104.747 | C262: 개인 프로젝트 | D262: 46104 | E262: 우분투 백업 복구 및 구입 피씨 세팅 | F262: 16기가로 안돼, 결국 200이상 써서 컴퓨터를 구매해야했다/
A263: 46104.748 | B263: 김태훈 | C263: 6팀 | D263: 46104 | E263: UI 설명서 컨펌 확인/아이콘 AI 제작/개발자와의 소통 | F263: 행복합니다
A264: 46104.748 | B264: 이승구 | C264: 7팀 | D264: 46104 | E264: [1]시스템개요 ~ [2] 캐릭터 조작 및 액션 기획서 작성 V1 [1]~[2] 섹션 분할 및 PDF 변환 V2 기본적인 문서 전달 형태 [PDF] [섹션 분리] [1차 피드백 내용 반영] - 자료형 제거 - 스태틱, 다이나믹과 같은 합의되지 않응 용어 제외 - 시야각은 90도 고정으로 예외처리 파트 제거 - 섹션 하나씩 잘라서 PDF로 한 번에 업로드 [링크] [시스템 개요_V2](https://drive.google.com/file/d/1a9okQdDcxCDWsZUZSNAjprUUK_Vo2YH5/view?usp=drive_link) [캐릭터 조작 및 액션_V2](https://drive.google.com/file/d/1PazVjmyuwwOG_LhlKq4jweYNzmEVldn4/view?usp=drive_link) | F264: 테이블 확정을 어느 시점에서 해야할지 헷갈렸으나 해결되었습니다! 큰 이슈는 없이 마무리 되었던 것 같습니다. 자료형이나 데이터구조 등의 내용을 수업 때 배워서 기획 내용에 포함했는데 삭제 요청을 받아서 당황했으나 기획서 작성 전에 어떤 게임을 만들지를 개발자와 함깨 논의하고 기획서 작성 규칙이나 전체적인 디테일의 수준을 합의하는 과정을 거쳤다면 이러한 문제들은 어느정도는 해소가 되었을 것 같습니다! 갈색두건산적단 화이팅!
A265: 46104.748 | B265: 정재용 | C265: 10팀 | D265: 46104 | E265: 맵 밸런스 구상 및 초안 작성 | F265: 오늘 10팀 기획팀 집중력이 되게 높았는지 작업 속도가 빨랐다고 생각합니다. 10팀 화이팅!
A266: 46104.749 | B266: 채지형 | C266: 7팀 | D266: 46104 | E266: 데이터 테이블 정리, 플밍반분들한테 넘길 기획서 작성, 전달 | F266: 오늘 진행이 매끄럽게돼서 좋습니다
A267: 46104.749 | B267: 김윤규 | C267: 8팀 | D267: 46104 | E267: 이벤트 보상 스테이지 대사 작성, 이벤트 보상 구조 및 내용 설정 | F267: 머리에 쥐나요. 살려달라고 하면 안되겠죠?
A268: 46104.749 | B268: 최선동 | C268: 7팀 | D268: 46104 | E268: 플레이어 성장 시스템 피드백 및 수정 | F268: 내일은 기획리뷰 하는 날! 화이팅 하겠습니다
A269: 46104.75 | B269: 김민제 | C269: 3팀 | D269: 46104 | E269: 에셋이 완전 바뀌어서 거기에 맞춰 몬스터 기획서의 수정 및 수치 추가, 표로 정리. 무기 기획서의 수치 추가. | F269: 게임의 최종 제출이 4월 9일인데, 마치 이번 주까지가 최종인 마냥 너무나도 많은 시스템 및 콘텐츠를 자르고 있어서 불만이다. 플밍반이 괜찮다고 하면 어떤 시스템을 넣자고 모두 합의 했는데, 정작 플밍반이 완전 괜찮다, 힘든일 전혀 아니다라고 하자 말을 바꿔서 기획일이 늘어날 것 같다, 나중에 시간 남으면 추가하자라고 했다. 그것도 또 나중에 말을 바꿔서는 해당 시스템은 없애기로 했는데 왜 기획서에 적으셨나요? 이러는게 참.. 불만이다. 그래서 나는 나중에 시간 남으면 하기로 했었기 때문에 넣었고 비고에 해당 사항 적었다고 했다. 이럴거면 회의는 왜 하고 합의는 왜하는지 의문이다. 또한 플밍반과 아이스브레이킹 시간을 전혀 가지지 않고 회의도 거의 따로 하고 서로 이름도 아직 거의 못 외운채로 프로젝트를 하고 있다. 참.. pd와 pm이 여러모로 너무 너무 조급해하는 것 같다.
A270: 46104.752 | B270: 홍태광 | C270: 10팀 | D270: 46104 | E270: UI 에셋 테스트 | F270: UI의 픽셀을 어떻게 맞춰야 할지 감도 안잡히는 것 같네요...ㅎㅎ
A271: 46104.753 | B271: 이찬규 | C271: 6팀 | D271: 46104 | E271: 사운드 에셋 정리, 사운드 에셋(BGM) 생성, 데이터테이블 최신화 및 수정 | F271: .
A272: 46104.753 | B272: 배주빈 | C272: 8팀 | D272: 46104 | E272: 03/23 오늘 해야할 일 1. 플로우 차트 2. 튜토리얼 기능 안내별 연출 예외처리 3. 윤규님의 튜토리얼 적&보상 기다렸다가 갱신하기 오전 작업 착수 순서 1. 플로우 차트 2. 플로우 차트 컨펌받기전 UI로 관해 인해님과 승진님의 의논하는 동안 예외처리 수정하며 대기중 3. 플로우 차트 완료 후 json과 png 파일 다운로드 및 드라이브&슬라이드 업로드 4. 튜토리얼 연출 문서 수정 후 컨펌 요청 4-1. 튜토리얼 연출 문서 수정사항 a. 조건 정리 b. 예외처리 정리 c. 연출 UI 일부 수정 5. 컨펌 대기하는 동안 튜토리얼 보상 에셋 이미지 선정해서 보상 컨셉까지 다듬고 컨셉팀에 확인받기. 5-1. 전날, 윤규님께서 보내주신 에셋 링크에서 찾기. 점심 회의 튜토리얼 끝나면 테이블짜기로 넘어갈 예정 오후 작업 착수 1. 튜토리얼 연출 컨펌 후 작업 진행 1-1. 1,2번 슬라이드 설명 문구 수정&추가 1-2. 3번 슬라이드 표에서 문장으로 변환 후 문장 수정 1-3. 4번 슬라이드 수정&추가 2. 튜토리얼 보상 에셋 리서치 1-1. 눈물 모양 보석의 색깔별 스프라이트 리서치 1-2. 파일경로 1-3. 눈물 모양 보석의 색깔별 스프라이트의 각 파일명 1-4. 눈물 모양 보석의 색깔별 스프라이트의 각 PNG 캡쳐 3. 튜토리얼 연출 컨펌 후 작업 2차 진행 3-1. 4번 슬라이드 예외처리 정리 a. '이전, 스킵'의 두가지 기능에 대한 명시 b. 문장 수정 4. 튜토리얼 연출 컨펌 후 작업 3차 진행 4-1. 4번 슬라이드 예외처리 정리 a. 문장 정리 b. 문장 배열 통일화 | F272: 크아아악!!! 컨펌 지옥....
A273: 46104.753 | B273: 안성진 | C273: 3팀 | D273: 46104 | E273: 오늘 시스템 완 | F273: 없습니다
A274: 46104.754 | B274: 권수빈 | C274: 3팀 | D274: 46104 | E274: 맵 별 몬스터 비율 지정, 맵 에셋 지정 | F274: 열심히 하겠습니다.
... A933: 46115.743 | B933: 조현일 | C933: 개인 프로젝트 | D933: 46115 | E933: 테이블 작업 및 연출 작업을 하며 진행 불가의 버그에 빠졌으나 차분히 해결하며 진행하였습니다. | F933: 정진하겠습니다.
A934: 46115.743 | B934: 한재환 | C934: 4팀 | D934: 4/3/0026 | E934: 데이터 테이블 완성. | F934: 화이팅!
A935: 46115.743 | B935: 조준현 | C935: 4팀 | D935: 46115 | E935: 썸네일과 게임 프로필 아이콘 | F935: 나는 아무것도 몰라용
A936: 46115.744 | B936: 송아영 | C936: 6팀 | D936: 46115 | E936: 빌드가 나와서 플레이해보는 중입니다 즐 겁 다 ! | F936: 저희 itchio 너무 귀엽게 잘나왔습니다 6팀 최고~~~
A937: 46115.746 | B937: 서진호 | C937: 9팀 | D937: 46115 | E937: 오늘은 효과음 정리와 BGM 제작을 했습니다. 테스트 케이스도 만들긴 했는데 AI 도움을 받아서 제가 했단 생각은 안들긴 합니다... 그리고 itch.io의 권한을 받아 작성 및 편집하기 시작했습니다. | F937: 오늘 드디어 프로그래밍 팀장님과 업무적인 대화가 시작 됐습니다. 아마 스레드를 보시면 여태까지 했던 것 보다 많은 대화가 이루어 졌던 것을 확인하실 수 있으실 거예요 남은 기간도 오늘만큼 더 소통했으면 좋겠네요 이번 한 주도 수고 많으셨습니다.
A938: 46115.747 | B938: 이형진 | C938: 5팀 | D938: 46115 | E938: 이치아이오 출시 작업 및 개발 현황 체크 및 여러 회의 | F938: 출시를 미루게 됐는데 저는 오히려 좋다고 생각합니당
A939: 46115.747 | B939: 채지형 | C939: 7팀 | D939: 46115 | E939: QA테스트 했습니다! | F939: 없습니다!
A940: 46115.747 | B940: 정재용 | C940: 10팀 | D940: 46115 | E940: 사운드 에셋 정리, QA및 밸런스 조절 | F940: 벌써 출시 및 발표까지 일주일정도 밖에 안남았네요.. 파이팅 하겠습니다..!
A941: 46115.749 | B941: 한의호 | C941: 10팀 | D941: 46115 | E941: 마케팅 이미지 제작 | F941: QA 기간을 길게 주셔서 감사합니다...
A942: 46115.749 | B942: 임동균 | C942: 9팀 | D942: 46115 | E942: 테스트케이스 작성, QA간단하게 진행(기록만함), 기획서 일부 수정. | F942: UI쪽은 다른 사람이 담당했었는데, 예외처리가 거의 안되어있는 느낌이었다.. 그래서 해당 부분을 엄청 많이 고쳐야할 것 같다.. UI가 어떻게보면 실제로 상호작용하는 영역이다보니 잘못 작동할 때 짜증나는게 더 커서 집중적으로 이 부분을 관리해야할 것 같다.
A943: 46115.749 | B943: 이영우 | C943: 10팀 | D943: 46115 | E943: 게임하고 놀았습니다. | F943: 버그를 고치면 버그가 생기고 그걸 예측해서 버그를 테스트하면 예측 밖에 버그가 생기고 또 그걸 고치면...
A944: 46115.749 | B944: 이석훈 | C944: 개인 프로젝트 | D944: 46115 | E944: 코딩 | F944: 로시 40챠 신난다 이쁘다 + 전무 1돌 40챠컷 ㄴㅇㅅ
A945: 46115.75 | B945: 천영현 | C945: 10팀 | D945: 46115 | E945: 밸런스패치 QA | F945: 화이팅 플밍팀!!
A946: 46115.75 | B946: 홍태광 | C946: 10팀 | D946: 46115 | E946: QA | F946: 본의아니게 쉬었음 청년이 되버리고 말았읍니다...
... A1187: 46121.401 | B1187: 이정헌 | C1187: 7팀 | D1187: 46120 | E1187: 프로젝트의 마지막 마무리! | F1187: 생각보다 무난히 지나간 프로젝트 인 것 같습니다. 진행중에는 처음 겪어보는 상황이라 문제가 있다고 생각했는데, 지나고 보니 별일 아니었기도 했고, 팀원분들이 각각의 자리에서 모두 열심히 진행해 주신 덕이 아닌가 하는 생각이 듭니다. 팀 분위기는 나쁘지 않았다고 생각하나, 제가 PM으로서의 제 역할을 진행했는지는 의문이 드는 것 같습니다. 진행하며 소통을 포함하여 여러 부분에 대해서 어떻게 해야하는지 많이배웠다고 생각합니다.

Sheet 종합
B2: 데일리 체크인 종합 시트
B4: - 데일리 체크인 작성이 결국 개인 성실성과 과정 신뢰도, 과정 운영의 지시를 따르는 지표가 될 것으로 보입니다. - 작성의 판단 기준은 당일 오후 5:00 ~ 다음날 오전 9:00 까지 작성된 데이터를 기준으로 판단합니다.
B6: 팀 | C6: 이름 | D6: 미작성 횟수 | E6: 응답 비율 | F6: 46099 | G6: 46100 | H6: 46101 | I6: 46104 | J6: 46105 | K6: 46106 | L6: 46107 | M6: 46108 | N6: 46111 | O6: 46112 | P6: 46113 | Q6: 46114 | R6: 46115 | S6: 46118 | T6: 46119 | U6: 46120
B7: 1 | C7: 강유민 | D7: =COUNTIFS(F7:U7, "X", F$6:U$6, "<"&TODAY()) -> 5 | E7: =COUNTIFS(F7:U7, "O", F$6:U$6, "<"&TODAY())/Countif(F$6:U$6,"<"&Today()) -> 0.6875 | F7: =IF(COUNTIFS('설문지 응답 시트1'!$B:$B, $C7, '설문지 응답 시트1'!$A:$A, ">="&(F$6 + TIME(17,0,0)), '설문지 응답 시트1'!$A:$A, "<"&(F$6 + 1 + TIME(9,0,0)))>0, "O", "X") -> X | G7: =IF(COUNTIFS('설문지 응답 시트1'!$B:$B, $C7, '설문지 응답 시트1'!$A:$A, ">="&(G$6 + TIME(17,0,0)), '설문지 응답 시트1'!$A:$A, "<"&(G$6 + 1 + TIME(9,0,0)))>0, "O", "X") -> O | H7: =IF(COUNTIFS('설문지 응답 시트1'!$B:$B, $C7, '설문지 응답 시트1'!$A:$A, ">="&(H$6 + TIME(17,0,0)), '설문지 응답 시트1'!$A:$A, "<"&(H$6 + 1 + TIME(9,0,0)))>0, "O", "X") -> X | I7: =IF(COUNTIFS('설문지 응답 시트1'!$B:$B, $C7, '설문지 응답 시트1'!$A:$A, ">="&(I$6 + TIME(17,0,0)), '설문지 응답 시트1'!$A:$A, "<"&(I$6 + 1 + TIME(9,0,0)))>0, "O", "X") -> O | J7: =IF(COUNTIFS('설문지 응답 시트1'!$B:$B, $C7, '설문지 응답 시트1'!$A:$A, ">="&(J$6 + TIME(17,0,0)), '설문지 응답 시트1'!$A:$A, "<"&(J$6 + 1 + TIME(9,0,0)))>0, "O", "X") -> O | K7: =IF(COUNTIFS('설문지 응답 시트1'!$B:$B, $C7, '설문지 응답 시트1'!$A:$A, ">="&(K$6 + TIME(17,0,0)), '설문지 응답 시트1'!$A:$A, "<"&(K$6 + 1 + TIME(9,0,0)))>0, "O", "X") -> X | L7: =IF(COUNTIFS('설문지 응답 시트1'!$B:$B, $C7, '설문지 응답 시트1'!$A:$A, ">="&(L$6 + TIME(17,0,0)), '설문지 응답 시트1'!$A:$A, "<"&(L$6 + 1 + TIME(9,0,0)))>0, "O", "X") -> O | M7: =IF(COUNTIFS('설문지 응답 시트1'!$B:$B, $C7, '설문지 응답 시트1'!$A:$A, ">="&(M$6 + TIME(17,0,0)), '설문지 응답 시트1'!$A:$A, "<"&(M$6 + 1 + TIME(9,0,0)))>0, "O", "X") -> O | ... U7: =IF(COUNTIFS('설문지 응답 시트1'!$B:$B, $C7, '설문지 응답 시트1'!$A:$A, ">="&(U$6 + TIME(17,0,0)), '설문지 응답 시트1'!$A:$A, "<"&(U$6 + 1 + TIME(9,0,0)))>0, "O", "X") -> O
B8: 1 | C8: 이유송 | D8: =COUNTIFS(F8:U8, "X", F$6:U$6, "<"&TODAY()) -> 3 | E8: =COUNTIFS(F8:U8, "O", F$6:U$6, "<"&TODAY())/Countif(F$6:U$6,"<"&Today()) -> 0.8125 | F8: =IF(COUNTIFS('설문지 응답 시트1'!$B:$B, $C8, '설문지 응답 시트1'!$A:$A, ">="&(F$6 + TIME(17,0,0)), '설문지 응답 시트1'!$A:$A, "<"&(F$6 + 1 + TIME(9,0,0)))>0, "O", "X") -> X | G8: =IF(COUNTIFS('설문지 응답 시트1'!$B:$B, $C8, '설문지 응답 시트1'!$A:$A, ">="&(G$6 + TIME(17,0,0)), '설문지 응답 시트1'!$A:$A, "<"&(G$6 + 1 + TIME(9,0,0)))>0, "O", "X") -> O | H8: =IF(COUNTIFS('설문지 응답 시트1'!$B:$B, $C8, '설문지 응답 시트1'!$A:$A, ">="&(H$6 + TIME(17,0,0)), '설문지 응답 시트1'!$A:$A, "<"&(H$6 + 1 + TIME(9,0,0)))>0, "O", "X") -> X | I8: =IF(COUNTIFS('설문지 응답 시트1'!$B:$B, $C8, '설문지 응답 시트1'!$A:$A, ">="&(I$6 + TIME(17,0,0)), '설문지 응답 시트1'!$A:$A, "<"&(I$6 + 1 + TIME(9,0,0)))>0, "O", "X") -> O | J8: =IF(COUNTIFS('설문지 응답 시트1'!$B:$B, $C8, '설문지 응답 시트1'!$A:$A, ">="&(J$6 + TIME(17,0,0)), '설문지 응답 시트1'!$A:$A, "<"&(J$6 + 1 + TIME(9,0,0)))>0, "O", "X") -> O | K8: =IF(COUNTIFS('설문지 응답 시트1'!$B:$B, $C8, '설문지 응답 시트1'!$A:$A, ">="&(K$6 + TIME(17,0,0)), '설문지 응답 시트1'!$A:$A, "<"&(K$6 + 1 + TIME(9,0,0)))>0, "O", "X") -> O | L8: =IF(COUNTIFS('설문지 응답 시트1'!$B:$B, $C8, '설문지 응답 시트1'!$A:$A, ">="&(L$6 + TIME(17,0,0)), '설문지 응답 시트1'!$A:$A, "<"&(L$6 + 1 + TIME(9,0,0)))>0, "O", "X") -> O | M8: =IF(COUNTIFS('설문지 응답 시트1'!$B:$B, $C8, '설문지 응답 시트1'!$A:$A, ">="&(M$6 + TIME(17,0,0)), '설문지 응답 시트1'!$A:$A, "<"&(M$6 + 1 + TIME(9,0,0)))>0, "O", "X") -> X | ... U8: =IF(COUNTIFS('설문지 응답 시트1'!$B:$B, $C8, '설문지 응답 시트1'!$A:$A, ">="&(U$6 + TIME(17,0,0)), '설문지 응답 시트1'!$A:$A, "<"&(U$6 + 1 + TIME(9,0,0)))>0, "O", "X") -> O
B9: 1 | C9: 이동현 | D9: =COUNTIFS(F9:U9, "X", F$6:U$6, "<"&TODAY()) -> 0 | E9: =COUNTIFS(F9:U9, "O", F$6:U$6, "<"&TODAY())/Countif(F$6:U$6,"<"&Today()) -> 1 | F9: =IF(COUNTIFS('설문지 응답 시트1'!$B:$B, $C9, '설문지 응답 시트1'!$A:$A, ">="&(F$6 + TIME(17,0,0)), '설문지 응답 시트1'!$A:$A, "<"&(F$6 + 1 + TIME(9,0,0)))>0, "O", "X") -> O | G9: =IF(COUNTIFS('설문지 응답 시트1'!$B:$B, $C9, '설문지 응답 시트1'!$A:$A, ">="&(G$6 + TIME(17,0,0)), '설문지 응답 시트1'!$A:$A, "<"&(G$6 + 1 + TIME(9,0,0)))>0, "O", "X") -> O | H9: =IF(COUNTIFS('설문지 응답 시트1'!$B:$B, $C9, '설문지 응답 시트1'!$A:$A, ">="&(H$6 + TIME(17,0,0)), '설문지 응답 시트1'!$A:$A, "<"&(H$6 + 1 + TIME(9,0,0)))>0, "O", "X") -> O | I9: =IF(COUNTIFS('설문지 응답 시트1'!$B:$B, $C9, '설문지 응답 시트1'!$A:$A, ">="&(I$6 + TIME(17,0,0)), '설문지 응답 시트1'!$A:$A, "<"&(I$6 + 1 + TIME(9,0,0)))>0, "O", "X") -> O | J9: =IF(COUNTIFS('설문지 응답 시트1'!$B:$B, $C9, '설문지 응답 시트1'!$A:$A, ">="&(J$6 + TIME(17,0,0)), '설문지 응답 시트1'!$A:$A, "<"&(J$6 + 1 + TIME(9,0,0)))>0, "O", "X") -> O | K9: =IF(COUNTIFS('설문지 응답 시트1'!$B:$B, $C9, '설문지 응답 시트1'!$A:$A, ">="&(K$6 + TIME(17,0,0)), '설문지 응답 시트1'!$A:$A, "<"&(K$6 + 1 + TIME(9,0,0)))>0, "O", "X") -> O | L9: =IF(COUNTIFS('설문지 응답 시트1'!$B:$B, $C9, '설문지 응답 시트1'!$A:$A, ">="&(L$6 + TIME(17,0,0)), '설문지 응답 시트1'!$A:$A, "<"&(L$6 + 1 + TIME(9,0,0)))>0, "O", "X") -> O | M9: =IF(COUNTIFS('설문지 응답 시트1'!$B:$B, $C9, '설문지 응답 시트1'!$A:$A, ">="&(M$6 + TIME(17,0,0)), '설문지 응답 시트1'!$A:$A, "<"&(M$6 + 1 + TIME(9,0,0)))>0, "O", "X") -> O | ... U9: =IF(COUNTIFS('설문지 응답 시트1'!$B:$B, $C9, '설문지 응답 시트1'!$A:$A, ">="&(U$6 + TIME(17,0,0)), '설문지 응답 시트1'!$A:$A, "<"&(U$6 + 1 + TIME(9,0,0)))>0, "O", "X") -> O
B10: 1 | C10: 정우경 | D10: =COUNTIFS(F10:U10, "X", F$6:U$6, "<"&TODAY()) -> 0 | E10: =COUNTIFS(F10:U10, "O", F$6:U$6, "<"&TODAY())/Countif(F$6:U$6,"<"&Today()) -> 1 | F10: =IF(COUNTIFS('설문지 응답 시트1'!$B:$B, $C10, '설문지 응답 시트1'!$A:$A, ">="&(F$6 + TIME(17,0,0)), '설문지 응답 시트1'!$A:$A, "<"&(F$6 + 1 + TIME(9,0,0)))>0, "O", "X") -> O | G10: =IF(COUNTIFS('설문지 응답 시트1'!$B:$B, $C10, '설문지 응답 시트1'!$A:$A, ">="&(G$6 + TIME(17,0,0)), '설문지 응답 시트1'!$A:$A, "<"&(G$6 + 1 + TIME(9,0,0)))>0, "O", "X") -> O | H10: =IF(COUNTIFS('설문지 응답 시트1'!$B:$B, $C10, '설문지 응답 시트1'!$A:$A, ">="&(H$6 + TIME(17,0,0)), '설문지 응답 시트1'!$A:$A, "<"&(H$6 + 1 + TIME(9,0,0)))>0, "O", "X") -> O | I10: =IF(COUNTIFS('설문지 응답 시트1'!$B:$B, $C10, '설문지 응답 시트1'!$A:$A, ">="&(I$6 + TIME(17,0,0)), '설문지 응답 시트1'!$A:$A, "<"&(I$6 + 1 + TIME(9,0,0)))>0, "O", "X") -> O | J10: =IF(COUNTIFS('설문지 응답 시트1'!$B:$B, $C10, '설문지 응답 시트1'!$A:$A, ">="&(J$6 + TIME(17,0,0)), '설문지 응답 시트1'!$A:$A, "<"&(J$6 + 1 + TIME(9,0,0)))>0, "O", "X") -> O | K10: =IF(COUNTIFS('설문지 응답 시트1'!$B:$B, $C10, '설문지 응답 시트1'!$A:$A, ">="&(K$6 + TIME(17,0,0)), '설문지 응답 시트1'!$A:$A, "<"&(K$6 + 1 + TIME(9,0,0)))>0, "O", "X") -> O | L10: =IF(COUNTIFS('설문지 응답 시트1'!$B:$B, $C10, '설문지 응답 시트1'!$A:$A, ">="&(L$6 + TIME(17,0,0)), '설문지 응답 시트1'!$A:$A, "<"&(L$6 + 1 + TIME(9,0,0)))>0, "O", "X") -> O | M10: =IF(COUNTIFS('설문지 응답 시트1'!$B:$B, $C10, '설문지 응답 시트1'!$A:$A, ">="&(M$6 + TIME(17,0,0)), '설문지 응답 시트1'!$A:$A, "<"&(M$6 + 1 + TIME(9,0,0)))>0, "O", "X") -> O | ... U10: =IF(COUNTIFS('설문지 응답 시트1'!$B:$B, $C10, '설문지 응답 시트1'!$A:$A, ">="&(U$6 + TIME(17,0,0)), '설문지 응답 시트1'!$A:$A, "<"&(U$6 + 1 + TIME(9,0,0)))>0, "O", "X") -> O
B11: 1 | C11: 김현우A | D11: =COUNTIFS(F11:U11, "X", F$6:U$6, "<"&TODAY()) -> 11 | E11: =COUNTIFS(F11:U11, "O", F$6:U$6, "<"&TODAY())/Countif(F$6:U$6,"<"&Today()) -> 0.3125 | F11: =IF(COUNTIFS('설문지 응답 시트1'!$B:$B, $C11, '설문지 응답 시트1'!$A:$A, ">="&(F$6 + TIME(17,0,0)), '설문지 응답 시트1'!$A:$A, "<"&(F$6 + 1 + TIME(9,0,0)))>0, "O", "X") -> X | G11: =IF(COUNTIFS('설문지 응답 시트1'!$B:$B, $C11, '설문지 응답 시트1'!$A:$A, ">="&(G$6 + TIME(17,0,0)), '설문지 응답 시트1'!$A:$A, "<"&(G$6 + 1 + TIME(9,0,0)))>0, "O", "X") -> X | H11: =IF(COUNTIFS('설문지 응답 시트1'!$B:$B, $C11, '설문지 응답 시트1'!$A:$A, ">="&(H$6 + TIME(17,0,0)), '설문지 응답 시트1'!$A:$A, "<"&(H$6 + 1 + TIME(9,0,0)))>0, "O", "X") -> X | I11: =IF(COUNTIFS('설문지 응답 시트1'!$B:$B, $C11, '설문지 응답 시트1'!$A:$A, ">="&(I$6 + TIME(17,0,0)), '설문지 응답 시트1'!$A:$A, "<"&(I$6 + 1 + TIME(9,0,0)))>0, "O", "X") -> X | J11: =IF(COUNTIFS('설문지 응답 시트1'!$B:$B, $C11, '설문지 응답 시트1'!$A:$A, ">="&(J$6 + TIME(17,0,0)), '설문지 응답 시트1'!$A:$A, "<"&(J$6 + 1 + TIME(9,0,0)))>0, "O", "X") -> X | K11: =IF(COUNTIFS('설문지 응답 시트1'!$B:$B, $C11, '설문지 응답 시트1'!$A:$A, ">="&(K$6 + TIME(17,0,0)), '설문지 응답 시트1'!$A:$A, "<"&(K$6 + 1 + TIME(9,0,0)))>0, "O", "X") -> O | L11: =IF(COUNTIFS('설문지 응답 시트1'!$B:$B, $C11, '설문지 응답 시트1'!$A:$A, ">="&(L$6 + TIME(17,0,0)), '설문지 응답 시트1'!$A:$A, "<"&(L$6 + 1 + TIME(9,0,0)))>0, "O", "X") -> O | M11: =IF(COUNTIFS('설문지 응답 시트1'!$B:$B, $C11, '설문지 응답 시트1'!$A:$A, ">="&(M$6 + TIME(17,0,0)), '설문지 응답 시트1'!$A:$A, "<"&(M$6 + 1 + TIME(9,0,0)))>0, "O", "X") -> X | ... U11: =IF(COUNTIFS('설문지 응답 시트1'!$B:$B, $C11, '설문지 응답 시트1'!$A:$A, ">="&(U$6 + TIME(17,0,0)), '설문지 응답 시트1'!$A:$A, "<"&(U$6 + 1 + TIME(9,0,0)))>0, "O", "X") -> X
B12: 1 | C12: 정석현 | D12: =COUNTIFS(F12:U12, "X", F$6:U$6, "<"&TODAY()) -> 0 | E12: =COUNTIFS(F12:U12, "O", F$6:U$6, "<"&TODAY())/Countif(F$6:U$6,"<"&Today()) -> 1 | F12: =IF(COUNTIFS('설문지 응답 시트1'!$B:$B, $C12, '설문지 응답 시트1'!$A:$A, ">="&(F$6 + TIME(17,0,0)), '설문지 응답 시트1'!$A:$A, "<"&(F$6 + 1 + TIME(9,0,0)))>0, "O", "X") -> O | G12: =IF(COUNTIFS('설문지 응답 시트1'!$B:$B, $C12, '설문지 응답 시트1'!$A:$A, ">="&(G$6 + TIME(17,0,0)), '설문지 응답 시트1'!$A:$A, "<"&(G$6 + 1 + TIME(9,0,0)))>0, "O", "X") -> O | H12: =IF(COUNTIFS('설문지 응답 시트1'!$B:$B, $C12, '설문지 응답 시트1'!$A:$A, ">="&(H$6 + TIME(17,0,0)), '설문지 응답 시트1'!$A:$A, "<"&(H$6 + 1 + TIME(9,0,0)))>0, "O", "X") -> O | I12: =IF(COUNTIFS('설문지 응답 시트1'!$B:$B, $C12, '설문지 응답 시트1'!$A:$A, ">="&(I$6 + TIME(17,0,0)), '설문지 응답 시트1'!$A:$A, "<"&(I$6 + 1 + TIME(9,0,0)))>0, "O", "X") -> O | J12: =IF(COUNTIFS('설문지 응답 시트1'!$B:$B, $C12, '설문지 응답 시트1'!$A:$A, ">="&(J$6 + TIME(17,0,0)), '설문지 응답 시트1'!$A:$A, "<"&(J$6 + 1 + TIME(9,0,0)))>0, "O", "X") -> O | K12: =IF(COUNTIFS('설문지 응답 시트1'!$B:$B, $C12, '설문지 응답 시트1'!$A:$A, ">="&(K$6 + TIME(17,0,0)), '설문지 응답 시트1'!$A:$A, "<"&(K$6 + 1 + TIME(9,0,0)))>0, "O", "X") -> O | L12: =IF(COUNTIFS('설문지 응답 시트1'!$B:$B, $C12, '설문지 응답 시트1'!$A:$A, ">="&(L$6 + TIME(17,0,0)), '설문지 응답 시트1'!$A:$A, "<"&(L$6 + 1 + TIME(9,0,0)))>0, "O", "X") -> O | M12: =IF(COUNTIFS('설문지 응답 시트1'!$B:$B, $C12, '설문지 응답 시트1'!$A:$A, ">="&(M$6 + TIME(17,0,0)), '설문지 응답 시트1'!$A:$A, "<"&(M$6 + 1 + TIME(9,0,0)))>0, "O", "X") -> O | ... U12: =IF(COUNTIFS('설문지 응답 시트1'!$B:$B, $C12, '설문지 응답 시트1'!$A:$A, ">="&(U$6 + TIME(17,0,0)), '설문지 응답 시트1'!$A:$A, "<"&(U$6 + 1 + TIME(9,0,0)))>0, "O", "X") -> O
B13: 1 | C13: 임소영 | D13: =COUNTIFS(F13:U13, "X", F$6:U$6, "<"&TODAY()) -> 10 | E13: =COUNTIFS(F13:U13, "O", F$6:U$6, "<"&TODAY())/Countif(F$6:U$6,"<"&Today()) -> 0.375 | F13: =IF(COUNTIFS('설문지 응답 시트1'!$B:$B, $C13, '설문지 응답 시트1'!$A:$A, ">="&(F$6 + TIME(17,0,0)), '설문지 응답 시트1'!$A:$A, "<"&(F$6 + 1 + TIME(9,0,0)))>0, "O", "X") -> X | G13: =IF(COUNTIFS('설문지 응답 시트1'!$B:$B, $C13, '설문지 응답 시트1'!$A:$A, ">="&(G$6 + TIME(17,0,0)), '설문지 응답 시트1'!$A:$A, "<"&(G$6 + 1 + TIME(9,0,0)))>0, "O", "X") -> X | H13: =IF(COUNTIFS('설문지 응답 시트1'!$B:$B, $C13, '설문지 응답 시트1'!$A:$A, ">="&(H$6 + TIME(17,0,0)), '설문지 응답 시트1'!$A:$A, "<"&(H$6 + 1 + TIME(9,0,0)))>0, "O", "X") -> X | I13: =IF(COUNTIFS('설문지 응답 시트1'!$B:$B, $C13, '설문지 응답 시트1'!$A:$A, ">="&(I$6 + TIME(17,0,0)), '설문지 응답 시트1'!$A:$A, "<"&(I$6 + 1 + TIME(9,0,0)))>0, "O", "X") -> O | J13: =IF(COUNTIFS('설문지 응답 시트1'!$B:$B, $C13, '설문지 응답 시트1'!$A:$A, ">="&(J$6 + TIME(17,0,0)), '설문지 응답 시트1'!$A:$A, "<"&(J$6 + 1 + TIME(9,0,0)))>0, "O", "X") -> O | K13: =IF(COUNTIFS('설문지 응답 시트1'!$B:$B, $C13, '설문지 응답 시트1'!$A:$A, ">="&(K$6 + TIME(17,0,0)), '설문지 응답 시트1'!$A:$A, "<"&(K$6 + 1 + TIME(9,0,0)))>0, "O", "X") -> X | L13: =IF(COUNTIFS('설문지 응답 시트1'!$B:$B, $C13, '설문지 응답 시트1'!$A:$A, ">="&(L$6 + TIME(17,0,0)), '설문지 응답 시트1'!$A:$A, "<"&(L$6 + 1 + TIME(9,0,0)))>0, "O", "X") -> X | M13: =IF(COUNTIFS('설문지 응답 시트1'!$B:$B, $C13, '설문지 응답 시트1'!$A:$A, ">="&(M$6 + TIME(17,0,0)), '설문지 응답 시트1'!$A:$A, "<"&(M$6 + 1 + TIME(9,0,0)))>0, "O", "X") -> X | ... U13: =IF(COUNTIFS('설문지 응답 시트1'!$B:$B, $C13, '설문지 응답 시트1'!$A:$A, ">="&(U$6 + TIME(17,0,0)), '설문지 응답 시트1'!$A:$A, "<"&(U$6 + 1 + TIME(9,0,0)))>0, "O", "X") -> X
B14: 1 | C14: 박현수 | D14: =COUNTIFS(F14:U14, "X", F$6:U$6, "<"&TODAY()) -> 2 | E14: =COUNTIFS(F14:U14, "O", F$6:U$6, "<"&TODAY())/Countif(F$6:U$6,"<"&Today()) -> 0.875 | F14: =IF(COUNTIFS('설문지 응답 시트1'!$B:$B, $C14, '설문지 응답 시트1'!$A:$A, ">="&(F$6 + TIME(17,0,0)), '설문지 응답 시트1'!$A:$A, "<"&(F$6 + 1 + TIME(9,0,0)))>0, "O", "X") -> O | G14: =IF(COUNTIFS('설문지 응답 시트1'!$B:$B, $C14, '설문지 응답 시트1'!$A:$A, ">="&(G$6 + TIME(17,0,0)), '설문지 응답 시트1'!$A:$A, "<"&(G$6 + 1 + TIME(9,0,0)))>0, "O", "X") -> O | H14: =IF(COUNTIFS('설문지 응답 시트1'!$B:$B, $C14, '설문지 응답 시트1'!$A:$A, ">="&(H$6 + TIME(17,0,0)), '설문지 응답 시트1'!$A:$A, "<"&(H$6 + 1 + TIME(9,0,0)))>0, "O", "X") -> O | I14: =IF(COUNTIFS('설문지 응답 시트1'!$B:$B, $C14, '설문지 응답 시트1'!$A:$A, ">="&(I$6 + TIME(17,0,0)), '설문지 응답 시트1'!$A:$A, "<"&(I$6 + 1 + TIME(9,0,0)))>0, "O", "X") -> O | J14: =IF(COUNTIFS('설문지 응답 시트1'!$B:$B, $C14, '설문지 응답 시트1'!$A:$A, ">="&(J$6 + TIME(17,0,0)), '설문지 응답 시트1'!$A:$A, "<"&(J$6 + 1 + TIME(9,0,0)))>0, "O", "X") -> O | K14: =IF(COUNTIFS('설문지 응답 시트1'!$B:$B, $C14, '설문지 응답 시트1'!$A:$A, ">="&(K$6 + TIME(17,0,0)), '설문지 응답 시트1'!$A:$A, "<"&(K$6 + 1 + TIME(9,0,0)))>0, "O", "X") -> O | L14: =IF(COUNTIFS('설문지 응답 시트1'!$B:$B, $C14, '설문지 응답 시트1'!$A:$A, ">="&(L$6 + TIME(17,0,0)), '설문지 응답 시트1'!$A:$A, "<"&(L$6 + 1 + TIME(9,0,0)))>0, "O", "X") -> X | M14: =IF(COUNTIFS('설문지 응답 시트1'!$B:$B, $C14, '설문지 응답 시트1'!$A:$A, ">="&(M$6 + TIME(17,0,0)), '설문지 응답 시트1'!$A:$A, "<"&(M$6 + 1 + TIME(9,0,0)))>0, "O", "X") -> O | ... U14: =IF(COUNTIFS('설문지 응답 시트1'!$B:$B, $C14, '설문지 응답 시트1'!$A:$A, ">="&(U$6 + TIME(17,0,0)), '설문지 응답 시트1'!$A:$A, "<"&(U$6 + 1 + TIME(9,0,0)))>0, "O", "X") -> O
B15: 2 | C15: 김서현 | D15: =COUNTIFS(F15:U15, "X", F$6:U$6, "<"&TODAY()) -> 6 | E15: =COUNTIFS(F15:U15, "O", F$6:U$6, "<"&TODAY())/Countif(F$6:U$6,"<"&Today()) -> 0.625 | F15: =IF(COUNTIFS('설문지 응답 시트1'!$B:$B, $C15, '설문지 응답 시트1'!$A:$A, ">="&(F$6 + TIME(17,0,0)), '설문지 응답 시트1'!$A:$A, "<"&(F$6 + 1 + TIME(9,0,0)))>0, "O", "X") -> O | G15: =IF(COUNTIFS('설문지 응답 시트1'!$B:$B, $C15, '설문지 응답 시트1'!$A:$A, ">="&(G$6 + TIME(17,0,0)), '설문지 응답 시트1'!$A:$A, "<"&(G$6 + 1 + TIME(9,0,0)))>0, "O", "X") -> O | H15: =IF(COUNTIFS('설문지 응답 시트1'!$B:$B, $C15, '설문지 응답 시트1'!$A:$A, ">="&(H$6 + TIME(17,0,0)), '설문지 응답 시트1'!$A:$A, "<"&(H$6 + 1 + TIME(9,0,0)))>0, "O", "X") -> O | I15: =IF(COUNTIFS('설문지 응답 시트1'!$B:$B, $C15, '설문지 응답 시트1'!$A:$A, ">="&(I$6 + TIME(17,0,0)), '설문지 응답 시트1'!$A:$A, "<"&(I$6 + 1 + TIME(9,0,0)))>0, "O", "X") -> O | J15: =IF(COUNTIFS('설문지 응답 시트1'!$B:$B, $C15, '설문지 응답 시트1'!$A:$A, ">="&(J$6 + TIME(17,0,0)), '설문지 응답 시트1'!$A:$A, "<"&(J$6 + 1 + TIME(9,0,0)))>0, "O", "X") -> O | K15: =IF(COUNTIFS('설문지 응답 시트1'!$B:$B, $C15, '설문지 응답 시트1'!$A:$A, ">="&(K$6 + TIME(17,0,0)), '설문지 응답 시트1'!$A:$A, "<"&(K$6 + 1 + TIME(9,0,0)))>0, "O", "X") -> X | L15: =IF(COUNTIFS('설문지 응답 시트1'!$B:$B, $C15, '설문지 응답 시트1'!$A:$A, ">="&(L$6 + TIME(17,0,0)), '설문지 응답 시트1'!$A:$A, "<"&(L$6 + 1 + TIME(9,0,0)))>0, "O", "X") -> X | M15: =IF(COUNTIFS('설문지 응답 시트1'!$B:$B, $C15, '설문지 응답 시트1'!$A:$A, ">="&(M$6 + TIME(17,0,0)), '설문지 응답 시트1'!$A:$A, "<"&(M$6 + 1 + TIME(9,0,0)))>0, "O", "X") -> O | ... U15: =IF(COUNTIFS('설문지 응답 시트1'!$B:$B, $C15, '설문지 응답 시트1'!$A:$A, ">="&(U$6 + TIME(17,0,0)), '설문지 응답 시트1'!$A:$A, "<"&(U$6 + 1 + TIME(9,0,0)))>0, "O", "X") -> O
B16: 2 | C16: 김태환 | D16: =COUNTIFS(F16:U16, "X", F$6:U$6, "<"&TODAY()) -> 12 | E16: =COUNTIFS(F16:U16, "O", F$6:U$6, "<"&TODAY())/Countif(F$6:U$6,"<"&Today()) -> 0.25 | F16: =IF(COUNTIFS('설문지 응답 시트1'!$B:$B, $C16, '설문지 응답 시트1'!$A:$A, ">="&(F$6 + TIME(17,0,0)), '설문지 응답 시트1'!$A:$A, "<"&(F$6 + 1 + TIME(9,0,0)))>0, "O", "X") -> O | G16: =IF(COUNTIFS('설문지 응답 시트1'!$B:$B, $C16, '설문지 응답 시트1'!$A:$A, ">="&(G$6 + TIME(17,0,0)), '설문지 응답 시트1'!$A:$A, "<"&(G$6 + 1 + TIME(9,0,0)))>0, "O", "X") -> X | H16: =IF(COUNTIFS('설문지 응답 시트1'!$B:$B, $C16, '설문지 응답 시트1'!$A:$A, ">="&(H$6 + TIME(17,0,0)), '설문지 응답 시트1'!$A:$A, "<"&(H$6 + 1 + TIME(9,0,0)))>0, "O", "X") -> X | I16: =IF(COUNTIFS('설문지 응답 시트1'!$B:$B, $C16, '설문지 응답 시트1'!$A:$A, ">="&(I$6 + TIME(17,0,0)), '설문지 응답 시트1'!$A:$A, "<"&(I$6 + 1 + TIME(9,0,0)))>0, "O", "X") -> O | J16: =IF(COUNTIFS('설문지 응답 시트1'!$B:$B, $C16, '설문지 응답 시트1'!$A:$A, ">="&(J$6 + TIME(17,0,0)), '설문지 응답 시트1'!$A:$A, "<"&(J$6 + 1 + TIME(9,0,0)))>0, "O", "X") -> O | K16: =IF(COUNTIFS('설문지 응답 시트1'!$B:$B, $C16, '설문지 응답 시트1'!$A:$A, ">="&(K$6 + TIME(17,0,0)), '설문지 응답 시트1'!$A:$A, "<"&(K$6 + 1 + TIME(9,0,0)))>0, "O", "X") -> O | L16: =IF(COUNTIFS('설문지 응답 시트1'!$B:$B, $C16, '설문지 응답 시트1'!$A:$A, ">="&(L$6 + TIME(17,0,0)), '설문지 응답 시트1'!$A:$A, "<"&(L$6 + 1 + TIME(9,0,0)))>0, "O", "X") -> X | M16: =IF(COUNTIFS('설문지 응답 시트1'!$B:$B, $C16, '설문지 응답 시트1'!$A:$A, ">="&(M$6 + TIME(17,0,0)), '설문지 응답 시트1'!$A:$A, "<"&(M$6 + 1 + TIME(9,0,0)))>0, "O", "X") -> X | ... U16: =IF(COUNTIFS('설문지 응답 시트1'!$B:$B, $C16, '설문지 응답 시트1'!$A:$A, ">="&(U$6 + TIME(17,0,0)), '설문지 응답 시트1'!$A:$A, "<"&(U$6 + 1 + TIME(9,0,0)))>0, "O", "X") -> X
B17: 2 | C17: 장윤우 | D17: =COUNTIFS(F17:U17, "X", F$6:U$6, "<"&TODAY()) -> 0 | E17: =COUNTIFS(F17:U17, "O", F$6:U$6, "<"&TODAY())/Countif(F$6:U$6,"<"&Today()) -> 1 | F17: =IF(COUNTIFS('설문지 응답 시트1'!$B:$B, $C17, '설문지 응답 시트1'!$A:$A, ">="&(F$6 + TIME(17,0,0)), '설문지 응답 시트1'!$A:$A, "<"&(F$6 + 1 + TIME(9,0,0)))>0, "O", "X") -> O | G17: =IF(COUNTIFS('설문지 응답 시트1'!$B:$B, $C17, '설문지 응답 시트1'!$A:$A, ">="&(G$6 + TIME(17,0,0)), '설문지 응답 시트1'!$A:$A, "<"&(G$6 + 1 + TIME(9,0,0)))>0, "O", "X") -> O | H17: =IF(COUNTIFS('설문지 응답 시트1'!$B:$B, $C17, '설문지 응답 시트1'!$A:$A, ">="&(H$6 + TIME(17,0,0)), '설문지 응답 시트1'!$A:$A, "<"&(H$6 + 1 + TIME(9,0,0)))>0, "O", "X") -> O | I17: =IF(COUNTIFS('설문지 응답 시트1'!$B:$B, $C17, '설문지 응답 시트1'!$A:$A, ">="&(I$6 + TIME(17,0,0)), '설문지 응답 시트1'!$A:$A, "<"&(I$6 + 1 + TIME(9,0,0)))>0, "O", "X") -> O | J17: =IF(COUNTIFS('설문지 응답 시트1'!$B:$B, $C17, '설문지 응답 시트1'!$A:$A, ">="&(J$6 + TIME(17,0,0)), '설문지 응답 시트1'!$A:$A, "<"&(J$6 + 1 + TIME(9,0,0)))>0, "O", "X") -> O | K17: =IF(COUNTIFS('설문지 응답 시트1'!$B:$B, $C17, '설문지 응답 시트1'!$A:$A, ">="&(K$6 + TIME(17,0,0)), '설문지 응답 시트1'!$A:$A, "<"&(K$6 + 1 + TIME(9,0,0)))>0, "O", "X") -> O | L17: =IF(COUNTIFS('설문지 응답 시트1'!$B:$B, $C17, '설문지 응답 시트1'!$A:$A, ">="&(L$6 + TIME(17,0,0)), '설문지 응답 시트1'!$A:$A, "<"&(L$6 + 1 + TIME(9,0,0)))>0, "O", "X") -> O | M17: =IF(COUNTIFS('설문지 응답 시트1'!$B:$B, $C17, '설문지 응답 시트1'!$A:$A, ">="&(M$6 + TIME(17,0,0)), '설문지 응답 시트1'!$A:$A, "<"&(M$6 + 1 + TIME(9,0,0)))>0, "O", "X") -> O | ... U17: =IF(COUNTIFS('설문지 응답 시트1'!$B:$B, $C17, '설문지 응답 시트1'!$A:$A, ">="&(U$6 + TIME(17,0,0)), '설문지 응답 시트1'!$A:$A, "<"&(U$6 + 1 + TIME(9,0,0)))>0, "O", "X") -> O
B18: 2 | C18: 유해찬 | D18: =COUNTIFS(F18:U18, "X", F$6:U$6, "<"&TODAY()) -> 2 | E18: =COUNTIFS(F18:U18, "O", F$6:U$6, "<"&TODAY())/Countif(F$6:U$6,"<"&Today()) -> 0.875 | F18: =IF(COUNTIFS('설문지 응답 시트1'!$B:$B, $C18, '설문지 응답 시트1'!$A:$A, ">="&(F$6 + TIME(17,0,0)), '설문지 응답 시트1'!$A:$A, "<"&(F$6 + 1 + TIME(9,0,0)))>0, "O", "X") -> O | G18: =IF(COUNTIFS('설문지 응답 시트1'!$B:$B, $C18, '설문지 응답 시트1'!$A:$A, ">="&(G$6 + TIME(17,0,0)), '설문지 응답 시트1'!$A:$A, "<"&(G$6 + 1 + TIME(9,0,0)))>0, "O", "X") -> O | H18: =IF(COUNTIFS('설문지 응답 시트1'!$B:$B, $C18, '설문지 응답 시트1'!$A:$A, ">="&(H$6 + TIME(17,0,0)), '설문지 응답 시트1'!$A:$A, "<"&(H$6 + 1 + TIME(9,0,0)))>0, "O", "X") -> O | I18: =IF(COUNTIFS('설문지 응답 시트1'!$B:$B, $C18, '설문지 응답 시트1'!$A:$A, ">="&(I$6 + TIME(17,0,0)), '설문지 응답 시트1'!$A:$A, "<"&(I$6 + 1 + TIME(9,0,0)))>0, "O", "X") -> O | J18: =IF(COUNTIFS('설문지 응답 시트1'!$B:$B, $C18, '설문지 응답 시트1'!$A:$A, ">="&(J$6 + TIME(17,0,0)), '설문지 응답 시트1'!$A:$A, "<"&(J$6 + 1 + TIME(9,0,0)))>0, "O", "X") -> O | K18: =IF(COUNTIFS('설문지 응답 시트1'!$B:$B, $C18, '설문지 응답 시트1'!$A:$A, ">="&(K$6 + TIME(17,0,0)), '설문지 응답 시트1'!$A:$A, "<"&(K$6 + 1 + TIME(9,0,0)))>0, "O", "X") -> O | L18: =IF(COUNTIFS('설문지 응답 시트1'!$B:$B, $C18, '설문지 응답 시트1'!$A:$A, ">="&(L$6 + TIME(17,0,0)), '설문지 응답 시트1'!$A:$A, "<"&(L$6 + 1 + TIME(9,0,0)))>0, "O", "X") -> X | M18: =IF(COUNTIFS('설문지 응답 시트1'!$B:$B, $C18, '설문지 응답 시트1'!$A:$A, ">="&(M$6 + TIME(17,0,0)), '설문지 응답 시트1'!$A:$A, "<"&(M$6 + 1 + TIME(9,0,0)))>0, "O", "X") -> O | ... U18: =IF(COUNTIFS('설문지 응답 시트1'!$B:$B, $C18, '설문지 응답 시트1'!$A:$A, ">="&(U$6 + TIME(17,0,0)), '설문지 응답 시트1'!$A:$A, "<"&(U$6 + 1 + TIME(9,0,0)))>0, "O", "X") -> O
... B80: 10 | C80: 정재용 | D80: =COUNTIFS(F80:U80, "X", F$6:U$6, "<"&TODAY()) -> 0 | E80: =COUNTIFS(F80:U80, "O", F$6:U$6, "<"&TODAY())/Countif(F$6:U$6,"<"&Today()) -> 1 | F80: =IF(COUNTIFS('설문지 응답 시트1'!$B:$B, $C80, '설문지 응답 시트1'!$A:$A, ">="&(F$6 + TIME(17,0,0)), '설문지 응답 시트1'!$A:$A, "<"&(F$6 + 1 + TIME(9,0,0)))>0, "O", "X") -> O | G80: =IF(COUNTIFS('설문지 응답 시트1'!$B:$B, $C80, '설문지 응답 시트1'!$A:$A, ">="&(G$6 + TIME(17,0,0)), '설문지 응답 시트1'!$A:$A, "<"&(G$6 + 1 + TIME(9,0,0)))>0, "O", "X") -> O | H80: =IF(COUNTIFS('설문지 응답 시트1'!$B:$B, $C80, '설문지 응답 시트1'!$A:$A, ">="&(H$6 + TIME(17,0,0)), '설문지 응답 시트1'!$A:$A, "<"&(H$6 + 1 + TIME(9,0,0)))>0, "O", "X") -> O | I80: =IF(COUNTIFS('설문지 응답 시트1'!$B:$B, $C80, '설문지 응답 시트1'!$A:$A, ">="&(I$6 + TIME(17,0,0)), '설문지 응답 시트1'!$A:$A, "<"&(I$6 + 1 + TIME(9,0,0)))>0, "O", "X") -> O | J80: =IF(COUNTIFS('설문지 응답 시트1'!$B:$B, $C80, '설문지 응답 시트1'!$A:$A, ">="&(J$6 + TIME(17,0,0)), '설문지 응답 시트1'!$A:$A, "<"&(J$6 + 1 + TIME(9,0,0)))>0, "O", "X") -> O | K80: =IF(COUNTIFS('설문지 응답 시트1'!$B:$B, $C80, '설문지 응답 시트1'!$A:$A, ">="&(K$6 + TIME(17,0,0)), '설문지 응답 시트1'!$A:$A, "<"&(K$6 + 1 + TIME(9,0,0)))>0, "O", "X") -> O | L80: =IF(COUNTIFS('설문지 응답 시트1'!$B:$B, $C80, '설문지 응답 시트1'!$A:$A, ">="&(L$6 + TIME(17,0,0)), '설문지 응답 시트1'!$A:$A, "<"&(L$6 + 1 + TIME(9,0,0)))>0, "O", "X") -> O | M80: =IF(COUNTIFS('설문지 응답 시트1'!$B:$B, $C80, '설문지 응답 시트1'!$A:$A, ">="&(M$6 + TIME(17,0,0)), '설문지 응답 시트1'!$A:$A, "<"&(M$6 + 1 + TIME(9,0,0)))>0, "O", "X") -> O | ... U80: =IF(COUNTIFS('설문지 응답 시트1'!$B:$B, $C80, '설문지 응답 시트1'!$A:$A, ">="&(U$6 + TIME(17,0,0)), '설문지 응답 시트1'!$A:$A, "<"&(U$6 + 1 + TIME(9,0,0)))>0, "O", "X") -> O
B81: 개인 | C81: 김지훈 | D81: =COUNTIFS(F81:U81, "X", F$6:U$6, "<"&TODAY()) -> 13 | E81: =COUNTIFS(F81:U81, "O", F$6:U$6, "<"&TODAY())/Countif(F$6:U$6,"<"&Today()) -> 0.1875 | F81: =IF(COUNTIFS('설문지 응답 시트1'!$B:$B, $C81, '설문지 응답 시트1'!$A:$A, ">="&(F$6 + TIME(17,0,0)), '설문지 응답 시트1'!$A:$A, "<"&(F$6 + 1 + TIME(9,0,0)))>0, "O", "X") -> O | G81: =IF(COUNTIFS('설문지 응답 시트1'!$B:$B, $C81, '설문지 응답 시트1'!$A:$A, ">="&(G$6 + TIME(17,0,0)), '설문지 응답 시트1'!$A:$A, "<"&(G$6 + 1 + TIME(9,0,0)))>0, "O", "X") -> O | H81: =IF(COUNTIFS('설문지 응답 시트1'!$B:$B, $C81, '설문지 응답 시트1'!$A:$A, ">="&(H$6 + TIME(17,0,0)), '설문지 응답 시트1'!$A:$A, "<"&(H$6 + 1 + TIME(9,0,0)))>0, "O", "X") -> X | I81: =IF(COUNTIFS('설문지 응답 시트1'!$B:$B, $C81, '설문지 응답 시트1'!$A:$A, ">="&(I$6 + TIME(17,0,0)), '설문지 응답 시트1'!$A:$A, "<"&(I$6 + 1 + TIME(9,0,0)))>0, "O", "X") -> X | J81: =IF(COUNTIFS('설문지 응답 시트1'!$B:$B, $C81, '설문지 응답 시트1'!$A:$A, ">="&(J$6 + TIME(17,0,0)), '설문지 응답 시트1'!$A:$A, "<"&(J$6 + 1 + TIME(9,0,0)))>0, "O", "X") -> X | K81: =IF(COUNTIFS('설문지 응답 시트1'!$B:$B, $C81, '설문지 응답 시트1'!$A:$A, ">="&(K$6 + TIME(17,0,0)), '설문지 응답 시트1'!$A:$A, "<"&(K$6 + 1 + TIME(9,0,0)))>0, "O", "X") -> X | L81: =IF(COUNTIFS('설문지 응답 시트1'!$B:$B, $C81, '설문지 응답 시트1'!$A:$A, ">="&(L$6 + TIME(17,0,0)), '설문지 응답 시트1'!$A:$A, "<"&(L$6 + 1 + TIME(9,0,0)))>0, "O", "X") -> O | M81: =IF(COUNTIFS('설문지 응답 시트1'!$B:$B, $C81, '설문지 응답 시트1'!$A:$A, ">="&(M$6 + TIME(17,0,0)), '설문지 응답 시트1'!$A:$A, "<"&(M$6 + 1 + TIME(9,0,0)))>0, "O", "X") -> X | ... U81: =IF(COUNTIFS('설문지 응답 시트1'!$B:$B, $C81, '설문지 응답 시트1'!$A:$A, ">="&(U$6 + TIME(17,0,0)), '설문지 응답 시트1'!$A:$A, "<"&(U$6 + 1 + TIME(9,0,0)))>0, "O", "X") -> X
B82: 개인 | C82: 이석훈 | D82: =COUNTIFS(F82:U82, "X", F$6:U$6, "<"&TODAY()) -> 3 | E82: =COUNTIFS(F82:U82, "O", F$6:U$6, "<"&TODAY())/Countif(F$6:U$6,"<"&Today()) -> 0.8125 | F82: =IF(COUNTIFS('설문지 응답 시트1'!$B:$B, $C82, '설문지 응답 시트1'!$A:$A, ">="&(F$6 + TIME(17,0,0)), '설문지 응답 시트1'!$A:$A, "<"&(F$6 + 1 + TIME(9,0,0)))>0, "O", "X") -> O | G82: =IF(COUNTIFS('설문지 응답 시트1'!$B:$B, $C82, '설문지 응답 시트1'!$A:$A, ">="&(G$6 + TIME(17,0,0)), '설문지 응답 시트1'!$A:$A, "<"&(G$6 + 1 + TIME(9,0,0)))>0, "O", "X") -> O | H82: =IF(COUNTIFS('설문지 응답 시트1'!$B:$B, $C82, '설문지 응답 시트1'!$A:$A, ">="&(H$6 + TIME(17,0,0)), '설문지 응답 시트1'!$A:$A, "<"&(H$6 + 1 + TIME(9,0,0)))>0, "O", "X") -> O | I82: =IF(COUNTIFS('설문지 응답 시트1'!$B:$B, $C82, '설문지 응답 시트1'!$A:$A, ">="&(I$6 + TIME(17,0,0)), '설문지 응답 시트1'!$A:$A, "<"&(I$6 + 1 + TIME(9,0,0)))>0, "O", "X") -> O | J82: =IF(COUNTIFS('설문지 응답 시트1'!$B:$B, $C82, '설문지 응답 시트1'!$A:$A, ">="&(J$6 + TIME(17,0,0)), '설문지 응답 시트1'!$A:$A, "<"&(J$6 + 1 + TIME(9,0,0)))>0, "O", "X") -> X | K82: =IF(COUNTIFS('설문지 응답 시트1'!$B:$B, $C82, '설문지 응답 시트1'!$A:$A, ">="&(K$6 + TIME(17,0,0)), '설문지 응답 시트1'!$A:$A, "<"&(K$6 + 1 + TIME(9,0,0)))>0, "O", "X") -> O | L82: =IF(COUNTIFS('설문지 응답 시트1'!$B:$B, $C82, '설문지 응답 시트1'!$A:$A, ">="&(L$6 + TIME(17,0,0)), '설문지 응답 시트1'!$A:$A, "<"&(L$6 + 1 + TIME(9,0,0)))>0, "O", "X") -> X | M82: =IF(COUNTIFS('설문지 응답 시트1'!$B:$B, $C82, '설문지 응답 시트1'!$A:$A, ">="&(M$6 + TIME(17,0,0)), '설문지 응답 시트1'!$A:$A, "<"&(M$6 + 1 + TIME(9,0,0)))>0, "O", "X") -> O | ... U82: =IF(COUNTIFS('설문지 응답 시트1'!$B:$B, $C82, '설문지 응답 시트1'!$A:$A, ">="&(U$6 + TIME(17,0,0)), '설문지 응답 시트1'!$A:$A, "<"&(U$6 + 1 + TIME(9,0,0)))>0, "O", "X") -> O
B83: 개인 | C83: 조현일 | D83: =COUNTIFS(F83:U83, "X", F$6:U$6, "<"&TODAY()) -> 1 | E83: =COUNTIFS(F83:U83, "O", F$6:U$6, "<"&TODAY())/Countif(F$6:U$6,"<"&Today()) -> 0.9375 | F83: =IF(COUNTIFS('설문지 응답 시트1'!$B:$B, $C83, '설문지 응답 시트1'!$A:$A, ">="&(F$6 + TIME(17,0,0)), '설문지 응답 시트1'!$A:$A, "<"&(F$6 + 1 + TIME(9,0,0)))>0, "O", "X") -> O | G83: =IF(COUNTIFS('설문지 응답 시트1'!$B:$B, $C83, '설문지 응답 시트1'!$A:$A, ">="&(G$6 + TIME(17,0,0)), '설문지 응답 시트1'!$A:$A, "<"&(G$6 + 1 + TIME(9,0,0)))>0, "O", "X") -> O | H83: =IF(COUNTIFS('설문지 응답 시트1'!$B:$B, $C83, '설문지 응답 시트1'!$A:$A, ">="&(H$6 + TIME(17,0,0)), '설문지 응답 시트1'!$A:$A, "<"&(H$6 + 1 + TIME(9,0,0)))>0, "O", "X") -> O | I83: =IF(COUNTIFS('설문지 응답 시트1'!$B:$B, $C83, '설문지 응답 시트1'!$A:$A, ">="&(I$6 + TIME(17,0,0)), '설문지 응답 시트1'!$A:$A, "<"&(I$6 + 1 + TIME(9,0,0)))>0, "O", "X") -> O | J83: =IF(COUNTIFS('설문지 응답 시트1'!$B:$B, $C83, '설문지 응답 시트1'!$A:$A, ">="&(J$6 + TIME(17,0,0)), '설문지 응답 시트1'!$A:$A, "<"&(J$6 + 1 + TIME(9,0,0)))>0, "O", "X") -> O | K83: =IF(COUNTIFS('설문지 응답 시트1'!$B:$B, $C83, '설문지 응답 시트1'!$A:$A, ">="&(K$6 + TIME(17,0,0)), '설문지 응답 시트1'!$A:$A, "<"&(K$6 + 1 + TIME(9,0,0)))>0, "O", "X") -> O | L83: =IF(COUNTIFS('설문지 응답 시트1'!$B:$B, $C83, '설문지 응답 시트1'!$A:$A, ">="&(L$6 + TIME(17,0,0)), '설문지 응답 시트1'!$A:$A, "<"&(L$6 + 1 + TIME(9,0,0)))>0, "O", "X") -> O | M83: =IF(COUNTIFS('설문지 응답 시트1'!$B:$B, $C83, '설문지 응답 시트1'!$A:$A, ">="&(M$6 + TIME(17,0,0)), '설문지 응답 시트1'!$A:$A, "<"&(M$6 + 1 + TIME(9,0,0)))>0, "O", "X") -> X | ... U83: =IF(COUNTIFS('설문지 응답 시트1'!$B:$B, $C83, '설문지 응답 시트1'!$A:$A, ">="&(U$6 + TIME(17,0,0)), '설문지 응답 시트1'!$A:$A, "<"&(U$6 + 1 + TIME(9,0,0)))>0, "O", "X") -> O

Sheet 양식
B2: 이름
B4: 날짜 | C4: 작업량 | D4: 한마디
B5: 46099 | C5: {=IF($B5:$B938="","", IFERROR( VLOOKUP( $B5:$B938 & "│" & TEXT($B$2,"yyyy-mm-dd"), SORT({ '설문지 응답 시트1'!$B$2:$B938 & "│" & TEXT('설문지 응답 시트1'!$D$2:$D938,"yyyy-mm-dd"), '설문지 응답 시트1'!$E$2:$E938, '설문지 응답 시트1'!$A$2:$A938 }, 3, FALSE), 2, FALSE ), "" ) )} | D5: {=IF($B5:$B938="","", IFERROR( VLOOKUP( $B5:$B938 & "│" & TEXT($B$2,"yyyy-mm-dd"), SORT({ '설문지 응답 시트1'!$B$2:$B938 & "│" & TEXT('설문지 응답 시트1'!$D$2:$D938,"yyyy-mm-dd"), '설문지 응답 시트1'!$F$2:$F938, '설문지 응답 시트1'!$A$2:$A938 }, 3, FALSE), 2, FALSE ), "" ) )}
B6: 46100
B7: 46101
B8: 46104
B9: 46105
B10: 46106
B11: 46107
B12: 46108
B13: 46111
B14: 46112
B15: 46113
B16: 46114
B17: 46115
... B20: 46120

Sheet 0318
B2: 날짜 | C2: 46099
B4: 팀 | C4: 이름 | D4: 작업량 | E4: 한마디 | F4: 비고 | G4: 상태
B5: 1 | C5: 강유민 | D5: {=IF($C5:$C999="","", IFERROR( VLOOKUP( $C5:$C999 & "│" & TEXT($C$2,"yyyy-mm-dd"), SORT({ '설문지 응답 시트1'!$B$2:$B999 & "│" & TEXT('설문지 응답 시트1'!$D$2:$D999,"yyyy-mm-dd"), '설문지 응답 시트1'!$E$2:$E999, '설문지 응답 시트1'!$A$2:$A999 }, 3, FALSE), 2, FALSE ), "" ) )} | E5: {=IF($C5:$C999="","", IFERROR( VLOOKUP( $C5:$C999 & "│" & TEXT($C$2,"yyyy-mm-dd"), SORT({ '설문지 응답 시트1'!$B$2:$B999 & "│" & TEXT('설문지 응답 시트1'!$D$2:$D999,"yyyy-mm-dd"), '설문지 응답 시트1'!$F$2:$F999, '설문지 응답 시트1'!$A$2:$A999 }, 3, FALSE), 2, FALSE ), "" ) )} | G5: 대기
B6: 1 | C6: 이유송 | G6: 대기
B7: 1 | C7: 이동현 | D7: 로그라이크 코어 루프 확립하도록 노력했습니다. 추가로 시스템 흐름도 가이드 조건대로 작성 중입니다. | E7: 팀원들이 저마다 생각하는 것이 다를 수 있기에, 프로젝트에는 서로 간의 생각 체크나 레퍼런스 체크 등이 확실히 이루어져야 한다고 생각했습니다. | G7: 대기
B8: 1 | C8: 정우경 | D8: 시스템 기획 캐릭터 전투 몬스터 등등 | E8: 컨셉 및 핵심 시스템 기획이 매우 힘들었다. | G8: 주의
B9: 1 | C9: 김현우A | D9: 전투시스템 기획이 완료 | E9: 대략적인 전투 회의를 마쳤다 12시 까지 회의를 한 강행군이었다. 중간에 게임 시스템이 갈아업어져서 팀원간 충돌이 있었고 분의기가 살벌해졌지만 그래도 강사님이 수습을 해주어서 어느정도 수습이 되었고긴 회의 끝내 전투시스템 기획이 완료되었다 | G9: 대기
B10: 1 | C10: 정석현 | D10: 컨셉 기획 토의 UI / 이미지 레퍼런스 수집 | E10: 역시 재미를 만드는 건 쉬운 일이 아닌 것 같다. 오늘도 야근이다. | G10: 대기
B11: 1 | C11: 임소영 | D11: 컨셉 기획 회의 | E11: 다같이 아이디어를 하나 놓고 대화하는 방식으로 진행하니 서로 해당 시스템에 대해 분석해볼 시간이 부족해서 분석적인 내용없이 대화가 오간게 아쉬웠다. | G11: 주의
B12: 1 | C12: 박현수 | D12: 컨셉회의 간단하게 마무리하고 WBS 업무분배 작업하다가 컨셉이 엎어져서 할게 사라졌습니다... 기존에 있던 게임을 그대로 옮기는거 뿐이라 콘텐츠 기획쪽에선 무엇을 해야할지 어렵네요 | E12: 화이팅! | G12: 대기
B13: 2 | C13: 김서현 | D13: 1. 원페이지 기획서 작성 후, 공유 2. 기획안 확정 및 게임 코어 정립 3. 기획서 피드백 진행 4. 발표 자료 기반 작성 (미완) | E13: PM님과의 소통 부재가 있다고 느낍니다. 분명 사전에 방향성을 정했는데, 추후 얘기 없이 다른 방향성으로 진행되는 것이 많이 혼란스러웠습니다. 오늘은 좀 더 대화를 나눠보고자 합니다. 팀장으로서 부족한 것은 아닐까 하는 걱정이 앞섭니다. 깐부를 믿기! PM을 믿기! 이겨내겠습니다. | G13: 주의
B14: 2 | C14: 김태환 | D14: 업무 분담, 기획서 초안 확인 | E14: 기획 방향을 크게 틀게 되었지만 그럼에도 불구하고 이제 가닥이 잡혀가는 것 같아서 다행입니다. 다만, 볼륨에 대해 얼마나 협의를 볼 수 있을지 걱정입니다. | G14: 대기
B15: 2 | C15: 장윤우 | D15: 팀 컨셉 확정, 컨셉 시나리오 기획서 작성, 리소스 정리를 진행했습니다. | E15: 팀원들을 믿고 열심히 진행하겠습니다. | G15: 대기
B16: 2 | C16: 유해찬 | D16: 인게임 uI 작성을 요청받아 작업함. | E16: 내가 잘하고있을까아... 모르겠다 | G16: 대기
B17: 2 | C17: 박기은 | D17: 다같이 컨셉기획 마무리, 아트로 배정 받음!! 아트 스타일, 주인공 이미지, 배경 분위기 등에 대해 팀원분들과 이야기하고 대충 그려보는 시간을 가졌습니다. | E17: 화이팅.... | G17: 대기
B18: 2 | C18: 이원홍 | D18: 팀적으로 전체적인 컨셉 기획 완료 / 스테이지1 프로토타입 구상/ 레벨디자인 통합 문서 작성 진행중 | E18: 프로젝트가 진행이 되어가는 느낌이라 매우 좋습니다! | G18: 대기
... B55: 7 | C55: 이균호 | D55: 테마, 컨셉, 기본적인 시스템과 컨텐츠를 정했다. 각 인원의 팀 내 역할을 확정했다. | E55: 그 동안 시스템 기획만 쭈욱 해왔는데 이번에 처음으로 시스템이 아닌 레벨/전투 디자인을 맡게 되었다. 익숙하지 않은 부분을 하게 되어서 조금 두렵기도 하지만 한 편으로는 해보고 싶었던 레벨 디자인을 하게 되어 기대된다. 내일도 화이팅이다! | G55: 대기
B56: 7 | C56: 최선동 | G56: 대기
B57: 8 | C57: 예인해 | D57: 팀원 작업 확인 및 팀원 상담. PM과 WBS 내용 상세화, html 목업 생산, 진행사항 보고 | E57: 저!는! 행!복!합!니!다! 강!사!님!들!과! 매!니!저!님!도!행!복!하!시!온! | G57: 대기
B58: 8 | C58: 이도민 | D58: 작업 리스트 및 우선 순위 정리 | E58: 없습니다 ! | G58: 대기
B59: 8 | C59: 김시온 | D59: MainSystem_FSM, Stage_FSM,DataTable 임시 구조 정리 | E59: 시간이 너무 빨리갑니다. | G59: 대기
B60: 8 | C60: 이준혁 | D60: 배정받은 파트 아이데이션 1차 완료, 블록매치 상호작용 기획서 작성, 보스 기획, 패턴 기획, 블록 효과설정, 기타 부가효과 설정, 스파이 활동 | E60: 세상이 아름답습니다. | G60: 대기
B61: 8 | C61: 이승진 | D61: 게임 컨셉 기획서 및 이벤트 스토리 보드에 대해 작업했습니다. 주로 세계관, 캐릭터, 스토리, 설정, 게임의 진행 흐름 위주로 작업했습니다. | E61: 크런치가 사실상 필수라서 좀 부담되긴 하지만 아직은 버틸만합니다. 훌륭한 팀원들, 좋아하는 팀원들 몰아서 배치받은듯해서 배려해주셔서 감사합니다. 이번엔 팀원분들과 부딪히지않고, 저 스스로에 대한 자괴감 느끼는 일 없이 잘 해내고 싶네요. | G61: 대기
B62: 8 | C62: 김윤규 | D62: 컨셉 기획, 스테이지 사이 이벤트 기획 | E62: 분업이 잘 되고 시작한 것 같아서 좋습니다 | G62: 대기
B63: 8 | C63: 김범진 | D63: 전투 시스템 플로우 차트 작성, 전투 밸런싱 보조 | E63: 팀원들이 제 역활에 맞게 잘해주고 있습니다. 너무 깔끔합니다. 특히 팀장이란 이런거구나 라는걸 배우는 중입니다. | G63: 양호
B64: 8 | C64: 배주빈 | D64: PPT 발표자료 작성 | E64: 오늘은 정말 힘들었었다 | G64: 대기
B65: 9 | C65: 서진호 | D65: 1. 어제 작업하던 컨셉기획을 마무리하고, 원페이지 기획서를 각자 작성하고 장단점과 구현이 얼마나 걸릴지에 대해서 정한 후 문서 하나로 통합하는 작업을 했습니다. 이후 프로토타이핑을 위해 개별 문서를 작성했고, 개인 시간을 조금 할애해서 내일 오전까지 플레이 가능한 프로토타입을 만들 예정입니다. 2. 내일 PM님이 안계시기 때문에 오후 일정을 어떻게 배분할지에 대해서 이야기를 했었고 전체적인 일정 조율을 조금 더 했습니다. 3. 프로토타입 제작에 에셋을 쓰는건 조금 별로일까? 싶긴했는데, 에디터만 나왔지만 조금 고되더라도 하길 잘했다는 생각이 듭니다. 4. 특이하게도 업무를 하면서 더더욱 아이스 브레이킹이 되어가고 있습니다. 고작 이틀차지만, 화기애애해서 좋고 다들 게임의 방향성도 잘 이해하고 순항 중인 것 같습니다. 특히 원우님께선 어제 예비군으로 못오셨었는데, 갈피를 바로 잡으시고 문서 작성도 정말 잘 해주셨습니다. 5. 방금도 말했듯이 고작 이틀차지만, 지금 기획 팀원 분들과는 작업을 하는데에 있어 크게 어려울 거 같단 생각이 들지않을 정도로 저는 만족합니다. 6. 아까 말씀 해주셨던 것 처럼 구현 난이도가 꽤 있는데, 타일 배치와 관련해서 설명을 조금 더 보강하자면, 온천예제로 들면 온천을 1타일씩 추가하는 것이 아니라 3x3이나 5x3처럼 정해진 프리셋이 있어서, 그걸 설치하는 방식이였습니다. 스타듀 밸리를 생각해주시면 될 것 같습니다. 물론 스타듀밸리도 구현하려면 굉장히 어렵기 때문에, 기술적 구현 등의 문제들을 어떻게 해야할지에 대해서도 조금씩이라도 고민을 좀 해봐야겠네요. 7. 프로그래밍 분들과 같이 작업하는 건 간만이라서 꽤 긴장되네요 제가 프로그래밍을 하던 시절이 약 19년 전 이야기라 우매함 봉우리 그 자체라서 소통하는 방법이 과거에 제가 배웠던 것들이 아직도 통할지도 모르겠어서 걱정스럽긴 합니다. 그래도 저희 팀원 분들을 전적으로 믿듯이 프로그래밍 팀 분들도 전적으로 믿고 작업을 하는게 최선의 선택이라 생각합니다. | E65: 오전에 원우님께서 개인 프로젝트 작업을 병행하고 계셨는데 사전에 이야기를 안해주셔서 조금 꼬일뻔 했으나 다행히 잘 해결이 됐습니다. 오늘 하루도 무사히 넘어갔네요 내일은 더욱 더 열심히 해보겠습니다 수고하셨습니다 | G65: 주의
B66: 9 | C66: 강태성 | D66: 1페이지 기획안 확정 및 프로토타입용 기획안 작성 도움, 내일 일정 배분, WBS 작성 준비 | E66: 여기 분위기 좋은데요. 어라, 그동안 제가 한 팀 프로젝트는 이런게 아니였는데 스타크씨... 기분이 이상해요 | G66: 양호
B67: 9 | C67: 박민규 | D67: 컨샙 기획과 프로토 타입 개발 기획을 마쳤습니다! | E67: 캐릭터를 많이 만들고싶습니다! | G67: 대기
B68: 9 | C68: 김경민 | D68: 원페이지, 기획서 작성, 타이쿤게임의 기본적인 UI/UX 와이어 프레임 피그마로 작성 | E68: 음.. 다른 부분은 모두 순조롭지만 초기 구상 분량이 많아 어느정도까지 구현이 될지 조금 걱정이 됩니다. | G68: 대기
... B75: 10 | C75: 홍태광 | D75: 1. 팀원분들과 함께 게임 컨셉을 구체화 후 확정. WBS를 작성하는 시간을 가졌습니다. 2. 전투화면 UI의 기본적인 레이아웃, 팝업 레이아웃을 구상하였습니다. | E75: 저희 조 주제가 다른 주제와 비교해 범위가 작은 덕분에 빠르게 컨셉을 확정할 수 있었던 것 같습니다. | G75: 대기
B76: 10 | C76: 정재훈 | G76: 대기
B77: 10 | C77: 한의호 | D77: 소통 원활화를 위한 게임 내 용어 정리, UI목업 회의, 개발 필요 요소 정리 | E77: 장르를 잘 뽑아서 진행이 비교적 빠른 것 같아 정말 다행인 것 같습니다. | G77: 대기
B78: 10 | C78: 정재용 | D78: 게임 컨샙 구체화 후 확정, WBS작성, 우선 순위 설정 | E78: 행복합니다 ^^; | G78: 대기
B79: 개인 | C79: 김지훈 | D79: 생성 ai 파이프라인 세팅 | E79: 환경 세팅에 많은 시간이 드는 거 같다 | G79: 대기
B80: 개인 | C80: 이석훈 | D80: 이름짓기 기능 개발 | E80: UI랑 엮는게 쉽지않네요 | G80: 대기
B81: 개인 | C81: 조현일 | D81: 컨셉 기획서의 토대를 다지는 작업을 했습니다. | E81: 차분하게 현재 할 수 있는것들을 쌓아나가는것이 관건이라 생각합니다. 전진하겠습니다. | G81: 대기

Sheet 0319
B2: 날짜 | C2: 46100
B4: 팀 | C4: 이름 | D4: 작업량 | E4: 한마디 | F4: 비고 | G4: 상태
B5: 1 | C5: 강유민 | D5: {=IF($C5:$C999="","", IFERROR( VLOOKUP( $C5:$C999 & "│" & TEXT($C$2,"yyyy-mm-dd"), SORT({ '설문지 응답 시트1'!$B$2:$B999 & "│" & TEXT('설문지 응답 시트1'!$D$2:$D999,"yyyy-mm-dd"), '설문지 응답 시트1'!$E$2:$E999, '설문지 응답 시트1'!$A$2:$A999 }, 3, FALSE), 2, FALSE ), "" ) )} -> 팀 제작 컨셉 완료 후, 발표를 위한 컨셉 기획서 작성. 1페이지 기획서 및 기타 요소 | E5: {=IF($C5:$C999="","", IFERROR( VLOOKUP( $C5:$C999 & "│" & TEXT($C$2,"yyyy-mm-dd"), SORT({ '설문지 응답 시트1'!$B$2:$B999 & "│" & TEXT('설문지 응답 시트1'!$D$2:$D999,"yyyy-mm-dd"), '설문지 응답 시트1'!$F$2:$F999, '설문지 응답 시트1'!$A$2:$A999 }, 3, FALSE), 2, FALSE ), "" ) )} -> 팀 내 이슈가 너무 많았습니다. 이건 제 역량이 부족한 것으로 보여요. 과정에서 조금 지치는 느낌이 있는데, 해소해보도록 하겠습니다. 그래도 오늘은 분위기를 만들 수 있었습니다. 무사히 완주하도록 부단히 노력하겠습니다. | G5: 주의
B6: 1 | C6: 이유송 | D6: (오전) 컨셉기획 회의 진행 (오후) 팀원 개별 면담, PM 업무 파악(마일스톤,WBS작성해야함) | E6: 1. 팀 내 이슈 : 없음. 2. 어려웠던 점 : PM의 역할을 내가 잘 하고 있나라는 것에 대한 고민. 내가 다 잘할 수 없다는 거 인정하고, 그렇다면 지금 내가 놓치는게 뭔지, 또는 내가 무조건 챙겨야하는게 뭔지 빠르게 파악한 다음에 내일부터 제대로 해봐야지. 잠깐 헤맸지만 그래도 pm모임시간 때 다른 팀들이 어떻게 진행하고 있는지 보면서 많이 배웠다. 3. 오늘 나의 상태 : 뭐가 어떻게 돌아가는지는 알겠는데, 뭘 해야하는지도 알겠는데, 어떻게 해야하는지 모르겠다?? 4. 현재 나의 상태 : 내가 이 일을 처음 경험하기 때문에 몰라서 못할 수 있다는 거 인정하고, 나 혼자 다 해결하려고 하지말고, 팀장, 팀원, 타팀 pm, 강사님들께 적극적으로 조언을 구해야겠다. 어떻게든 이 팀을 제대로 굴려보고 싶다. 화이팅! | G6: 주의
B7: 1 | C7: 이동현 | D7: 컨셉 기획서 확실하게 방향 확정, 코어 루프, 핵심 시스템 다이어그램으로 표현 및 간략한 문서화, 개발 및 시스템 관련 조언, 소통 관련 노력 | E7: 행복합니다~행복합니다~행복합니다~ | G7: 대기
B8: 1 | C8: 정우경 | D8: 시스템 기획, 코어 루프 작성 | E8: 팀원간의 의사소통이 많이 좋아졌다. 좋은 결과가 있을 것으로 기대된다. | G8: 대기
B9: 1 | C9: 김현우A | D9: 스킬 플레이어 캐릭터에게 기본으로 제공하게 될 스킬을 우선적으로 작업해주세요! 1플레이어 캐릭터가 사용할 수 있는 스킬 별 컨셉 기획 2공격 방식 3공격 범위, 공격 사거리 4재사용 대기시간 5주사위 1~6에 따라 변화 작업 -> 해당 스킬을 얻을 수 있는 스테이지 제한 요소가 필요하다면 해당 요소도 획득 조건으로 포함할 것 (ex. n스테이지 이상에서만 해당 장비가 드랍된다는 조건, 상점에서 구매를 통해서만 획득할 수 있다, 히든 요소를 추가하고싶다면 해당 부분에 대해서도 작성 필요) | E9: 철야 다운 철야를 오늘 했다고 생각합니다 | G9: 대기
B10: 1 | C10: 정석현 | D10: 컨셉 기획 마무리 장비 아이템 컨셉 기획 | E10: 해서 안되는건 없다!!!!!! 화이팅!!!!!!!!!!!!!! | G10: 대기
B11: 1 | C11: 임소영 | D11: 콘텐츠 파트 분배, 게임 콘텐츠 아이디어 제안 및 콘텐츠 원페이지 기획서 제작 | E11: 게임 내에 들어갈 콘텐츠 아이디어를 팀원분들에게 제안 이후 팀원분들이 이해할 수 있도록 원페이지로 작성해 이해를 돕고, 추후 세부 기획서 작성 및 추가되는 시스템이 있을 경우 오류나 컨셉에서 벗어나지 않는지에 대한 확인 작업이 이뤄질 수 있도록 돕는 컨셉 기획서 작성 작업을 진행했습니다. | G11: 대기
B12: 1 | C12: 박현수 | D12: 컨셉회의 마무리 + 콘텐츠 기획 초입부 플레이어&몬스터에 대해서 작성하였습니다 | E12: 큰 파도를 하나 넘긴거같아 다행임니다... | G12: 대기
B13: 2 | C13: 김서현 | D13: 발표 PPT자료 작성 했습니다. 레벨 디자인, UI 기획, 시스템 기획서 간략한 방향성 피드백 드렸습니다. 레벨 디자인 기획서 초안 작성 및 가이드라인 드렸습니다. | E13: 행복합니다!!!행복합니다!!! 제가 상황에 대해 상황 설명을 하고 팀장으로서 결정을 드렸음에도 계속 말이 반복되어서 너무 힘들었습니다.. 그 외에는 .. 작업을 안 하시고 계셔서 당황스러웠습니다. 작업물이 없다고 ... 말씀하셨.. 습니다...ㅠㅠ 힘내보겠습니다.. | G13: 대기
B14: 2 | C14: 김태환 | G14: 대기
B15: 2 | C15: 장윤우 | D15: 소개문, 튜토리얼 스테이지 시나리오, 1스테이지 시나리오, 2스테이지 시나리오 작성 | E15: 창작의 고통을 겪고 있습니다 으아아아아아아악 | G15: 대기
B16: 2 | C16: 유해찬 | D16: UI 기획 상세 설명 추가, UI 대화 내용 추가 | E16: ㅇ0ㅇ 일이 적당해서 부담이 없어서 좋습니다 :> | G16: 대기
B17: 2 | C17: 박기은 | D17: 오늘 맵과 캐릭터를 ai로 만들어보는 시간을 가졌습니다! | E17: 맵크기에 따라 배경아트가 변동될 사항이 많아서 고민이 많았네요ㅎㅎ.. 잘 완성되면 좋겠습니다..~ | G17: 대기
B18: 2 | C18: 이원홍 | D18: 플레이타임, 전체적인 스테이지 배치, 튜토리얼 등 회의를 통한 변경점 반영 | E18: 오늘도 고생하셨습니다. | G18: 대기
B19: 2 | C19: 오동건 | D19: 회의 시스템 기획서 작성한 내용에 회의록 반영 | E19: 뭔가 만들어지고 있다! | G19: 대기
B20: 3 | C20: 정수진 | D20: 각 파트별 세부 작업 진행, 시스템_플레이어, 전투 기획서 컨펌, 무기 콘텐츠 컨펌을 진행하였습니다. 컨셉 기획서 정리와 발표 준비도 함께 진행하였습니다 | E20: 각 파트별로 독립적으로 진행하였으면 했는데, 연계되는 내용에 있어서 동시작업되는 만큼 팀원들끼리 소통이 있었습니다. 그 과정에서 또 다른 논의 과정이 나오고 이야기가 길어지면서 기획서 작업의 진행속도가 느려진 상황이 생겨서 이를 정확히 잡고 가야할거같습니다. | G20: 대기
B21: 3 | C21: 우현승 | D21: WBS 작업리스트 세부 분류 및 우선순위 선정 개발기간 고려해서 1,2차 기획 목표 지정 | E21: 게임 제작 시 직관적인 시스템, 콘텐츠에 비해서 일이 상대적으로 후반부에 배치된 레벨, 밸런스 담당 인원에 대한 일정 배분에 고민이 많았다. 물론 아직 해결법을 알아내진 못하고 임의로 배정해준 느낌이 강하긴 해서 조금 걱정이 되긴 한다. 자주 작업 진도를 확인해야 할것 같다. | G21: 대기
B22: 3 | C22: 안성진 | D22: 플레이어 시스템 완료. 전투 시스템 진행중 | E22: 없습니다 | G22: 대기
B23: 3 | C23: 김민제 | D23: 원거리 무기 기획서 (각 총기의 기획의도, 공격력 순위, 경직 순위, 전투컨셉, 재장전 시간, 장탄수, 모델, 탄환, 궤도 FX) 일반 좀비 기획서 (밤에 시작) | E23: 본인한테 공유가 되지 않은 점이 있어서 기획하는 데 있어 오해 및 의견 차이가 생겼었고 꽤 토론을 오래 했고 모두가 납득하는 방향으로 해결됐다. | G23: 대기
B24: 3 | C24: 김영도 | D24: 무기 기획서 작성, 콘텐츠 컨셉 시스템 관련 회의 진행 | E24: 여러 기획서가 나오다보니 여러가지 회의를 하게 되었던 것 같습니다. | G24: 대기
B25: 3 | C25: 윤동현 | D25: 오늘은 컨셉에 관해 얘기한 후, 남은 시간동안 제가 맡은 밸런스 기획서 작성을 진행하였습니다. 하지만 작성 중에 시스템, 콘텐츠 담당자분들과 얘기가 오가야해서 제대로 작성을 하지 못한 부분이 많았습니다. 시간을 날린 셈이 되었긴 하지만... 소통의 아쉬움이라고 배우고 계속 진행하면 될 것 같습니다. 그리고 현재 근, 원거리 무기에 대해 넉백을 주니, 사거리는 어쩌니 등등 얘기가 오가길래 그냥 무기 데이터 테이블 시트를 작성할 때 넉백, 사거리 등에 대해 Bool로 선택을 주고 그 뒤에 수치를 입력하는 Float를 두어 해결하면 되지 않을까 라는 생각으로 팀원분들에게 얘기하기도 했습니다. 작동이 될 지 안될 진 잘 모르겠습니다 .. | E25: 생각보다도 더 시간이 매우 짧은 거 같아서 조바심이 듭니다. ... 플밍반분들 제발 잘 부탁드립니다 ㅠㅠㅠ | G25: 대기
B26: 3 | C26: 권수빈 | D26: 맵 시점 설정, 스테이지 구조 설계 | E26: 스테이지 구조에 대한 고민이 많은데 팀원들과 소통해서 열심히 하겠습니다 | G26: 대기
... B62: 8 | C62: 김윤규 | D62: 유물 보상 이벤트 설정, 스토리보드 작성, 엔딩 크레딧 작성 | E62: 재밌습니다이 | G62: 대기
B63: 8 | C63: 김범진 | G63: 대기
B64: 8 | C64: 배주빈 | D64: 튜토리얼 설계(구글 슬라이드) 1. 튜토리얼 설계 개요 2. 기능안내 UI 와이어 프레임 3. UI 아트리소스 구상안 | E64: 아직 파트배정을 받지 못한 부분이 아쉬웟지만 재미있었다(?) | G64: 대기
B65: 9 | C65: 서진호 | D65: 오늘은 프로토타입의 완성과 발표 문서를 작성하고, 팀원 분들의 세부적인 업무 분담을 진행했습니다. 오후에는 업무분담을 마친 후 어느정도는 서로 상의해가며 문서 작성을 시작하셨습니다. 개인적인 업무로는 PM님께서 예비군으로 인해 부재를 하셔서, 의견을 나눠야하는 내용을 정리하고 전달드렸습니다. | E65: 솔직히 말씀 드리자면 이번 PPT 제작 간에 레이아웃 디자인이 너무 힘들고 오래걸릴 것 같아서 목업과 텍스트만 좀 채우고 AI로 디자인을 해달라고 했는데, 바뀐 텍스트들이 좀 많아서 문제가 있었습니다 검수 작업 을 하다가 중간에 좀 이런저런 다른 작업이 있어서 제대로 못하고, 저녁 8시에 PM님과 대화를 하는데 AI가 주석을 달아놓았던 부분을 늦게 파악해 죄송스러웠습니다. 프로토타입 제작을 제가 맡고 세부 기획서를 작성하실 수 있도록 배려하고자 했던 부분에서 스스로의 일정 관리의 세부 버퍼를 고려하지 않아 발생한 문제같습니다. 일단 금일은 피곤하여 일찍 자고, 내일 새벽에 일찍 일어나 문서 검수 및 수정을 거치고 발표 연습을 해보려고 합니다. | G65: 대기
B66: 9 | C66: 강태성 | G66: 대기
B67: 9 | C67: 박민규 | D67: 오늘은 사용할 에셋 분류와 캐릭터 기획을 들어갔습니다. | E67: 내일은 드디어 플밍분들이 오는날 기대가 됩니다! | G67: 대기
B68: 9 | C68: 김경민 | D68: 초기UI플로우차트 | E68: - | G68: 대기
B69: 9 | C69: 박원우 | D69: 인원분배, 개인면담, 일정회의, 프로토타입 피드백, 역할관리 배치, 기타등 | E69: 이대로만 갑시다! | G69: 대기
B70: 9 | C70: 고승주 | D70: 역할 분담, 면담, 시스템 기획 일정 문서 작성 | E70: 플머분들이 왔을 때 드릴 일거리가 있어야 한다는 생각에 초조하군요 | G70: 대기
B71: 9 | C71: 임동균 | D71: 재화 시스템 전반적으로 설계하고, 이와 연관된 의뢰, 평판, 손님 기획을 메인으로 담당하기로 했다. 재화 시스템을 손보다보니 기본 재화인 골드와 특수 재화 크게 두가지로 나누다보니 초반/후반 재화 흐름도 고려하다보니 최종 목표에 대해서도 또 생각하고 설계해야 했다. | E71: 정말 배울게 많은 팀원들과 함께하고, 좋은 팀원과 하니까 더 자극되어서 열심히 하게 되는 것 같습니다. 공대에서 계산만 했지, 글을 작성을 거의 안해서 글 쓰는 재주가 너무 부족합니다. AI를 통해서 글을 다듬고 정리를 많이하는데 기획서 말고도 그냥 평소 아이디어나 생각 등을 툭툭 던져서 쓰고, AI가 정리한걸 보고 정제된 언어로 쓰는 방법을 연습해야겠습니다. AI 활용 말고도 글쓰기 관련 서적 등으로 공부를 해야겠다는 생각이 들었습니다. 이 내용도 쓴 뒤에 다듬었는데, 정말.. A해서 B했는데 C해서 D했고 E했는데..이렇게 쭉 이어지는게 보이네요. 대학원에서 논문 볼 때, 이런식으로 써진 글 보고 정말 싫어했는데 왜 그렇게 써져있었는지 알 것 같기도 하네요......... | G71: 대기
B72: 10 | C72: 장호윤 | D72: 발표 자료 준비, PPT 제작, HTML 프로토타입 준비, 팀원 기획서 피드백 및 회의 | E72: 내일 발표 첫빠따 너무 기대됩니다 저는 행복해요 | G72: 대기
B73: 10 | C73: 천영현 | D73: 1. 남은 와이어 프레임 작성 2. 밸런스 기획 초안 완성 3. 시스템 플로우 4. 시너지 구현 방식 구현 5. 세계관, 컨셉 설정 | E73: 팀원 분들 다들 뽜이팅 넘치고 좋습니다! | G73: 대기
B74: 10 | C74: 이영우 | G74: 대기
B75: 10 | C75: 홍태광 | D75: 전투화면 UI, 환경설정 UI 와이어프레임 구성 | E75: 오늘 우리 팀이 진도가 빠르다는 소식을 듣고 꽤나 놀랐습니다. | G75: 대기
B76: 10 | C76: 정재훈 | D76: 합성과 시너지에 대한 시스템 기획서 작성 | E76: 팀원들이 자기가 맡은 일을 너무 잘 해줘서 좋았습니다 | G76: 대기
B77: 10 | C77: 한의호 | D77: 시너지 컨셉, 시나리오 컨셉, 유닛 컨셉 기획 | E77: 아이디어는 좋은 게 나왔지만 구현에 얼마나 걸릴까 생각하니 망설여지는 부분이 있었습니다. 하지만 기간 내에 프로젝트 완성이 불가능한 수준이 아니라면 플밍 팀 입장에서도 난이도가 높은 시스템 구현을 해내는 것이 경험적인 측면에서 더 도움이 되지 않을까 싶어 일단 기획은 해 보아야겠다고 생각했습니다. | G77: 대기
B78: 10 | C78: 정재용 | D78: 밸런스 기획에서 플레이 맵 프로토타입과, 데미지 공식 프로토타입, 플레이어 기지 벨런스 프로토타입을 완성 후 컨텐츠 기획에서 시나리오, 시너지 프로토타입을 설정했습니다. | E78: 두 번째 프로젝트 중에 상담을 했을 때 밸런스 기획도 해보면 어떠냐는 조언에 따라 이번 프로젝트 때 밸런스 기획을 지원하게 되었습니다. 그래서 밸런스 기획을 맡게 되었는데 제가 잘 할 수 있을까? 에 대한 걱정과 민폐만은 끼치지 말자 하는 생각이 머릿속에서 공존하고 있습니다. 늘 그렇듯 열심히 해보겠습니다. | G78: 대기
B79: 개인 | C79: 김지훈 | D79: 우분투 세팅과 백업 복원만 하루종일 했습니다. | E79: 16기가로 개발하는 건 미친짓 같습니다 | G79: 대기
B80: 개인 | C80: 이석훈 | D80: NameMaker에서 PlayerManager로 이름 완성해서 보내기 성공 | E80: UI 만드는건 생각보다 쉬웠다는거. | G80: 대기
B81: 개인 | C81: 조현일 | D81: 컨셉 기획서를 아주 약간 더 다듬었습니다. 다만 기획서 내에 고려하지 않은 사항들을 현재 깊이 고민 중입니다. 조금 더 세밀하게 기획서를 만드는 게 좋았다는 생각이 듭니다만 점차 개선해 나가겠습니다. | E81: 게임으로서 비주얼 노벨이 줄 수 있는 재미가 어떤 것인지 조금 더 고민해 봐야 한다고 생각합니다. | G81: 대기

Sheet 0320
B2: 날짜 | C2: 46101
B4: 팀 | C4: 이름 | D4: 작업량 | E4: 한마디 | F4: 비고 | G4: 상태
B5: 1 | C5: 강유민 | D5: {=IF($C5:$C999="","", IFERROR( VLOOKUP( $C5:$C999 & "│" & TEXT($C$2,"yyyy-mm-dd"), SORT({ '설문지 응답 시트1'!$B$2:$B999 & "│" & TEXT('설문지 응답 시트1'!$D$2:$D999,"yyyy-mm-dd"), '설문지 응답 시트1'!$E$2:$E999, '설문지 응답 시트1'!$A$2:$A999 }, 3, FALSE), 2, FALSE ), "" ) )} | E5: {=IF($C5:$C999="","", IFERROR( VLOOKUP( $C5:$C999 & "│" & TEXT($C$2,"yyyy-mm-dd"), SORT({ '설문지 응답 시트1'!$B$2:$B999 & "│" & TEXT('설문지 응답 시트1'!$D$2:$D999,"yyyy-mm-dd"), '설문지 응답 시트1'!$F$2:$F999, '설문지 응답 시트1'!$A$2:$A999 }, 3, FALSE), 2, FALSE ), "" ) )} | F5: 미작성 | G5: 대기
B6: 1 | C6: 이유송 | F6: 미작성 | G6: 대기
B7: 1 | C7: 이동현 | D7: 미니맵 ui 와이어프레임 피그마 프로토타입으로 작성, 세부 시스템 기획서 조금이나마 작성, 팀장님 미소녀 만들기 대성공 | E7: 시간이 두배로 늘어나면 좋겠습니다. | G7: 대기
B8: 1 | C8: 정우경 | D8: 개발팀과 미팅 | E8: 모든 일이 잘될것이다. 혹시 모를 문제가 발생할 수 있다. 다 극복하겠다. | G8: 대기
B9: 1 | C9: 김현우A | D9: 스킬 기획문서 작성 | E9: 내가 재대로 기획문서를 작성한것이 만든지 모르겠다 | G9: 대기
B10: 1 | C10: 정석현 | D10: 자기소개 및 아이스 브레이킹 컨셉, 시스템 등 게임 설명 팀명, 게임 제목 선정 | E10: 처음 하는 합반 협업이라 설렘 반 떨림 반으로 진행되고 있는 것 같은데, 플밍반 분들께서 우리 조 게임 컨셉과 시스템을 긍정적으로 봐주시고 계신 것 같아서 다행인 것 같다... | G10: 대기
B11: 1 | C11: 임소영 | D11: 콘텐츠 확정, 콘텐츠 파트 분할 배분, WBS 내용 정리 및 전체 흐름 체크 | E11: 팀원분들마다 파트 분할, 주말 자율 작업 요청, 팀원분들 전체 현재 작업 이해도 체크 | G11: 대기
B12: 1 | C12: 박현수 | D12: 플밍반 분들과 가벼운 자기소개 후 컨셉 리뷰를 진행하였고 대략적으로 잡은 작업파트에 대해서 구현 가능성과 난이도에 대한 논의를 진행하였습니다 | E12: 플밍반분들과 첫 협업이라 걱정이 되지만 열심히 하려합니다! | G12: 대기
B13: 2 | C13: 김서현 | D13: 아이스브레이킹 (각자 소개, 작업 공유) / 진행은 태환님께서 진행해주셔서 크게 제가 진행한 것은 없었습니다. UI/UX 피드백 및 방향성 제시 및 레벨 디자인 기획서 컨펌, 조작키 방향성 회의, 반전 및 줌아웃 시스템 관련 논의. | E13: 큰 문제는 없었습니다. 기획 팀 내 논의가 길어질 때, 가장 타당한 의견으로 결론을 지으면서 이유를 설명 드렸습니다! 좀 더 마무리 짓는 사람이 필요한 것 같다는 생각이 들어서 그 부분에 대해 좀 더 노력해 보려고 합니다! 프로그래밍반 분들과 나름대로 잘 대화하며 진행해보겠습니다! 화이팅! | G13: 대기
B14: 2 | C14: 김태환 | D14: 킥오프전 기획서 내용 취합. 현재 작업 달성도 확인 | E14: 일부 인원의 담당 업무 변경을 고려하고 있습니다......... | G14: 주의
B15: 2 | C15: 장윤우 | D15: 프로그래밍 분들과의 협업 관련 정리, 시스템 논의, 스테이지 3 진행 | E15: 플밍 분들이 너무 마음에 듭니다. 좋은 느낌이 들어요 최고입니다! | G15: 대기
B16: 2 | C16: 유해찬 | D16: UI 환경설정 , UI 대화창 업데이트 | E16: 기획서 피드백 받으면서 성장해 가는중입니다. | G16: 대기
B17: 2 | C17: 박기은 | D17: 오늘은 작업이 많지는 않았고 플밍반 분들과 아이스브레이킹 하고 함께 기획리뷰하는 시간을 가졌습니다. 또한 서현님과 게임 배경에 맞는 이미지 규격에 대해 얘기하고 확정 지었습니다. | E17: 드디어 플밍반 분들과 작업하게 되어서 기쁩니다~! 화이팅~ | G17: 대기
B18: 2 | C18: 이원홍 | D18: 플밍반과 사전합반을 통한 회의 정리 | E18: 고생합니다. 고생하고있습니다. 고생하셨습니다. | G18: 주의
... B49: 7 | C49: 김민수 | D49: 컨셉 발표, 프로그래머와의 아이스브레이킹, 대화의 간극 좁히기, 업무 프로세스 정리 | E49: 한 번에 여러 정보를 병렬적으로 처리하기가 너무 어렵습니다 ㅠㅠ 좋은 방법이 있을까요?ㅋㅋ ㅠㅠ | G49: 대기
B50: 7 | C50: 이정헌 | G50: 대기
B51: 7 | C51: 이승구 | D51: 아이스브레이킹! | E51: 잘 부탁드립니다 플밍 동기분들! | G51: 대기
B52: 7 | C52: 채지형 | D52: 플밍반과 기획반 같이 아이스브레이킹 | E52: 없습니다! | G52: 대기
B53: 7 | C53: 곽용준 | D53: 에셋 관련 피드백 받기 | E53: 주말동안 무엇을 해야할지 고민입니다 | G53: 대기
B54: 7 | C54: 이도건 | D54: 오늘 처음 프로그래밍 인원분들과 만나서 간단한 소개를 진행했습니다. 그리고 이전까지 진행한 틀에 대해서 프로그래밍 반 인원들과 공유를 하며 설명을 진행했는데 기획서가 다듬어지지 않은 상태였고, 프로그래밍 반 인원들도 이런 체계의 기획을 처음 접하다 보니, 정보를 받아들이고 정리하는 과정에서 간극이 있는 것 같습니다. 이 부분이 완전히 마무리 되지 않은 상태이기에 23일 다시 만나서 서로의 분야에 대한 이해에 관한 소통이 계속적으로 필요할 것 같습니다. | E54: 위에도 적었듯이 서로의 역량과 이후 진행할 작업에 관한 이해가 처음 접했다보니 간극이 매우 큰 것 같습니다. 이에 대해서 소통하는 과정이 중요할 것 같습니다. | G54: 대기
B55: 7 | C55: 이균호 | D55: - 프로그래밍 반 분들과 교류 - 아이스브레이킹(자기소개, 이상형 월드컵, 갈틱폰) | E55: 오늘 드디어 프로그래밍 분들과 이야기를 나누게 되었다. 낯설어하시는 분들도 계셨지만 역시나 공통 관심사인 게임 앞에서 마음의 장벽은 무의미했다. 게임 이상형 월드컵을 하면서 많은 분들이 마이크를 켜고 참여해주셔서 서로 잘 알아가는 시간이었다고 생각한다. 막상 프로그래머 분들과의 협업이 코 앞에 닥치니 어려움이 눈에 확 들어오기는 하지만 그럼에도 불구하고 깨지고 부딪히며 성장하여 협업 능력을 더욱 기른 기획자가 되겠다고 다짐하는 하루였다. | G55: 대기
B56: 7 | C56: 최선동 | D56: 아이스 브레이킹 / 게임 전체 볼륨 체크 / 플밍반 + 기획반 의견 나누기 / 일정 체크 | E56: 개발자와 시작하니 더욱 떨리는 프로젝트 같습니다. 화이팅! | G56: 대기
B57: 8 | C57: 예인해 | D57: 컨셉 발표, 플머팀과 단체 미팅, 기능 설명회, 팀명, 게임명 결정, 세부사항 조정. | E57: 발표한다고 너무 긴장해서 텐션이 안나온게 너무 아쉽습니다... | G57: 대기
B58: 8 | C58: 이도민 | D58: 기획 & 플밍 소개 및 작업 관련 논의 | E58: 없습니다 ! | G58: 대기
B59: 8 | C59: 김시온 | D59: 플밍분들과 자기소개, 시스템 기획서 컨펌 및 필요 사항논의, 팀명 정하기 | E59: 아직은 조금 어색해서 더 얘기를 많이 해야할 것같습니다 ㅎㅎ | G59: 대기
B60: 8 | C60: 이준혁 | D60: 너무 어색해하고 불편해하고 어려워하고 미워하길래 광대 역할을 했습니다. 작성한 기획서에 대한 설명을 했으며, 프로그래머에 대한 존중과 배려를 학습했음을 어필하며 서로 좋은 결과물을 내기 위해 최대한의 배려를 할 준비가 되어있다고 전달했습니다. | E60: 전반적으로 만족스럽습니다만, 컨디션에 따라 에티튜드가 나락으로 가는 팀원이 있습니다. 잘 케어해보겠습니다. | G60: 주의
B61: 8 | C61: 이승진 | D61: 오늘은 회의 위주라 한게 별로 없습니다. 기획서 약간 다듬고 WBS에 작업한거 정리한게 전부네요. | E61: QA 단계에서 깃허브 이슈를 쓰고싶단 플밍팀과 디스코드로 빠르게 소통하고싶단 기획팀의 의견이 갈린 일이 기억에 남습니다. 결론은 QA단계까지 일단은 보류하는걸로 결론이 났습니다. 추후 어떻게 될진 모르겠네요. 현업에서도 깃허브 이슈를 활용한다고하니 개인적으로 한번 써보고싶긴 하지만 기회가 이번에만 있는건 아닐테니까요. 오늘은 정말 뭐 한게 별로 없었던거 같아서 야근을 하든, 주말을 반납하든 뭐라도 좀 더 해야할거 같습니다. 짧은 기간 내 해야할 일은 정말 많으니까요. | G61: 주의
B62: 8 | C62: 김윤규 | D62: 플밍팀과 협업 툴 공유, 기획서 발표 및 의견 조율, 서로 이해한 부분 체크하기 | E62: 처음으로 플밍팀과 함께 협업하니깐 좀 기대가 되면서도 걱정되네유 아자아자! | G62: 대기
... B67: 9 | C67: 박민규 | D67: 플밍분들과 만나서 아이스 브레이킹 작업을 했습니다 | E67: 기대가 됩니다 | G67: 대기
B68: 9 | C68: 김경민 | F68: 미작성 (결석) | G68: 대기
B69: 9 | C69: 박원우 | F69: 미작성 (조퇴) | G69: 대기
B70: 9 | C70: 고승주 | D70: 팀내 규칙 설정, wbs 작업 우선순위 설정 | E70: 플머분들이 하실만한 작업을 빨리 해야합니다 | G70: 대기
B71: 9 | C71: 임동균 | D71: 새로 만나게된 프로그래밍 반 팀원들과 만났다. 어느정도 구체적인 작업방식, 어떻게 진행할지, 계획, 그라운드 룰 등을 논의했다. | E71: 기획서를 일단 내용을 많이 담으려고 했는데, 잊고 있던 사실이 프로그래머가 보고 만드는 자료라는 사실이었다. 프로그래머가 보기 편하고 빠르게 정보를 습득할 수 있는 방식을 더 고민해보고 적용해봐야겠다. | G71: 대기
B72: 10 | C72: 장호윤 | D72: 즐거운 얼음부수기 갈틱폰, 첫 전체 팀 회의, WBS 논의 | E72: 플밍팀에 한분이 참석하지 않아서 따로 얼음부수기를 한번 더 해야할 것 같아 너무 즐겁습니다 갈틱폰 한판에 모두가 웃음폭탄! | G72: 대기
B73: 10 | C73: 천영현 | D73: 갈틱폰으로 플밍분들과 친해지기! 성공이였습니다 ㅎㅎ 남은 2시간을 활용해서 기획내용 설명드리고 개발 기간 산정에 어떤식으로 하실지 이야기를 나눈 뒤 추후 일정을 잡기로 헀습니다! | E73: 아무래도 개발 분들이 이번에 처음 오셔서 개발자 분들과 어떤 부분부터 상의를 해야할지 가늠을 못잡아서 어려웠습니다.. | G73: 대기
B74: 10 | C74: 이영우 | D74: 갈틱폰 했습니다. | E74: 팀내에 타워 디펜스를 만드신분이 계셔서 쉽게 진행될 것 같습니다 | G74: 대기
B75: 10 | C75: 홍태광 | D75: 아이스브레이킹, 게임기획 및 UI 공유 | E75: 갑작스런 한의호님의 결혼선언...(진짜로 결혼하는 것이 아닙니다.) | G75: 대기
B76: 10 | C76: 정재훈 | D76: 플밍분들과 아이스 브레이킹시간을 주로 가졌습니다. | E76: 아이스브레이킹을 주로 시간을 가져서 플밍분들이 실제 작업에 들어갔을때 어떤걸 어려워하고 힘들어 할지가 궁금해집니다. 프로젝트가 잘 진행됐으면 좋겠고, 기대됩니다. | G76: 대기
B77: 10 | C77: 한의호 | D77: 시너지 기획 개선, 유닛 기획, 아이스 브레이킹 | E77: 플밍 분들과 좋은 분위기로 프로젝트가 시작되어 느낌이 좋은 것 같습니다. 프로젝트 완성까지 열심히 달려야겠습니다. | G77: 대기
B78: 10 | C78: 정재용 | D78: 아이스 브레이킹 및 기획한 게임을 이야기 및 팀 규칙에 대해 이야기를 했습니다. | E78: 다들 즐겁게 대화하며 분위기 좋게 아이스 브레이킹을 했습니다. | G78: 대기
B79: 개인 | C79: 김지훈 | F79: 병원 진료 | G79: 대기
B80: 개인 | C80: 이석훈 | D80: 데이터테이블과 씨름하기 | E80: 이게맞나? | G80: 대기
B81: 개인 | C81: 조현일 | D81: 소설의 시나리오를 비주얼 노벨에 넣을 '게임에 들어갈 시나리오'로 고려하는 과정이 있었습니다. | E81: 게임에 들어갈 드라마로 생각하면 고민이 깊어지는 거 같습니다만 잘 녹여내 보겠습니다. | G81: 대기

Sheet 0323
B2: 날짜 | C2: 46104
B4: 팀 | C4: 이름 | D4: 작업량 | E4: 한마디 | F4: 비고 | G4: 상태
B5: 1 | C5: 강유민 | D5: {=IF($C5:$C999="","", IFERROR( VLOOKUP( $C5:$C999 & "│" & TEXT($C$2,"yyyy-mm-dd"), SORT({ '설문지 응답 시트1'!$B$2:$B999 & "│" & TEXT('설문지 응답 시트1'!$D$2:$D999,"yyyy-mm-dd"), '설문지 응답 시트1'!$E$2:$E999, '설문지 응답 시트1'!$A$2:$A999 }, 3, FALSE), 2, FALSE ), "" ) )} -> 내러티브 기획 및 팀 전체 기획 문서 검토 수정. | E5: {=IF($C5:$C999="","", IFERROR( VLOOKUP( $C5:$C999 & "│" & TEXT($C$2,"yyyy-mm-dd"), SORT({ '설문지 응답 시트1'!$B$2:$B999 & "│" & TEXT('설문지 응답 시트1'!$D$2:$D999,"yyyy-mm-dd"), '설문지 응답 시트1'!$F$2:$F999, '설문지 응답 시트1'!$A$2:$A999 }, 3, FALSE), 2, FALSE ), "" ) )} -> 시간이 사라졌습니다... 오늘 정말 정신없이 지나갔네요 | G5: 대기
B6: 1 | C6: 이유송 | D6: 팀원 업무 진행 상황 파악, 개발팀 기획 서류 전달, 회의 진행(오전 전원 데일리 스크럼, 퇴근 전 팀장 회의) | E6: 걱정 많으신거 압니다. 저도 제가 걱정되긴 하거든요ㅋㅋ 근데 이제 조금씩 어떤 건지 알거 같습니다. 느리지만 조금씩 배우고 있습니다. 일단 어떻게든 해볼게요. 만약 제 머릿속이 궁금하시다면 1조 노션에서 제 회고 참고 부탁드립니다. https://www.notion.so/_-_-3261c30b8ab380eda325d3ebba7e8e80 | G6: 대기
B7: 1 | C7: 이동현 | D7: 플레이어 조작, 피격 판정/몬스터 이동, 공격 알고리즘/레벨업 시스템/맵 생성, 방 진행 시스템 기획서 전달드렸습니다. | E7: 뇌가 녹는 기분입미다 | G7: 대기
B8: 1 | C8: 정우경 | D8: 스킬 시스템 기획 작성 | E8: 기획서를 작성하는 것은 어렵다. 진짜 기획서를 작성하는 것은 진짜 어렵다. 하지만 재밌다. | G8: 대기
B9: 1 | C9: 김현우A | D9: 3-23 스킬 6개 문서 작성->WBS 표 아직 업데이트 안함->할줄몰라서 기회서 검토도 필요 액셀? 로 작성해도 됨? 스킬 이외의 공격 없음 기획서 파트장과 검토 필요 플밍팅 기획서 기다리는 중 플레이어 자채적 데미지? 기획서 작성에 협의 필요시 우경님과 대화 지금상황애서-크게 문제는 없음 당장은 -------------------------------------------------------------------------------------------- 버젼 넘버 업데이트 차별적인 또는 근거리 2이상개 정도 기획의도 설명->어떤 플레이 유형의 플레이어 가 플레잉 할지@ 스킬들 장애물 관통 유무 정하기=장애물 또는 적과 붙이칠시 파괴 혹은 계속 진행? 폭탄 컨셉 스킬일 경우 장애물 또는 적과 충돌시 곧바로 폭발?@ 쿨타임=공격딜레이 스킬 재사용 충전 시간 전부 5로 통일 시간 에 전부 단위 넣기 "S" 스킬 재사용 대기시간 -------------------------------------------------------------------------------------------- 던전 테마 결정-다이스, 왜계인, 던전 총3개 방-스테이지-던전 스토리-참고 최종보스ㅡ 전용 방 따로 디자인 | E9: 진도네 전진이 없는거 갔다 | G9: 주의
B10: 1 | C10: 정석현 | D10: 피그마를 활용한 UI 워크 플로우 제작 (타이틀, 인게임 HUD, 장비 강화, 레벨업, 옵션, 맵, 공격, 쿨타임, 보스방, 플레이 결과) | E10: 피그마 활용도가 너무 미약해서 제대로 할 수 있을지 걱정이었는데 그래도 열심히 박치기를 하니 뭔가 되어가고 있긴 하다...? 항상 프로젝트 기간에는 시간이 빠르게 흘러간다 | G10: 대기
B11: 1 | C11: 임소영 | D11: 맵 컨셉 기획서 완성 | E11: 다른분들 기획서 체크를 지속적으로 하면서 전달 드렸을 때랑 방향성에 맞게 작성되었는지 체크하며 하나씩 채워나가고있습니다 | G11: 대기
B12: 1 | C12: 박현수 | D12: 주사위 정의 기획서 + 플레이어 컨셉 정의 기획서 작성중임니다 | E12: 작성할게 너무 많아요!ㅠㅠㅠ | G12: 대기
B13: 2 | C13: 김서현 | D13: 1. 아침 회의 및 시스템 기획서 리뷰 진행 2. 기획서 피드백 - 0.0.1 스테이지 1 - 0.0.3 시나리오 연출 기획서 - 0.0.4 UI 대화창 기획서 - 0.0.3 튜토리얼 스테이지 - 0.0.2 스테이지 1 - 0.0.4 UI 환경설정 기획서 기타 등등 3. 테이블시트 생성 및 내용 작성 4. 에셋 R&D 5. 규격 조율....... 6. 스테이지 맵 디자인 가이드라인 제작(진행중) | E13: 왜 일이 끝나지 않을까요... | G13: 대기
B14: 2 | C14: 김태환 | D14: 마일스톤 재정립. 공정률 확인 | E14: 눈으로 보는 기획서가 제일 편하다... 편집으로 만든 목업 제공중... | G14: 대기
B15: 2 | C15: 장윤우 | D15: 시나리오 전문 작성 완료, 시나리오 연출 기획서 튜토리얼 컷씬(1, 2, 3), 스테이지 1(컷씬 1, 2, 3), 스테이지 2(컷씬 1, 2, 3) 작성 완료. 주말을 포함해서 작성하였습니다. | E15: 끼얏호우 작업이 사라지지 않아요! 끼얏호우! | G15: 대기
B16: 2 | C16: 유해찬 | D16: UI 작업 / 환경설정 변경사항 수정, UI 제작을 위한 리소스 확인 | E16: 저는 아무 문제가 없숨다~ | G16: 대기
B17: 2 | C17: 박기은 | D17: 오늘은 정해주신 규격으로 배경 나무 이미지를 완성시키는 작업을 했습니다!! 도트라 그런지 더 작업이 힘드네요!!! 으아악!!!!!! | E17: 화이팅~.... | G17: 대기
... B22: 3 | C22: 안성진 | D22: 오늘 시스템 완 | E22: 없습니다 | G22: 대기
B23: 3 | C23: 김민제 | D23: 에셋이 완전 바뀌어서 거기에 맞춰 몬스터 기획서의 수정 및 수치 추가, 표로 정리. 무기 기획서의 수치 추가. | E23: 게임의 최종 제출이 4월 9일인데, 마치 이번 주까지가 최종인 마냥 너무나도 많은 시스템 및 콘텐츠를 자르고 있어서 불만이다. 플밍반이 괜찮다고 하면 어떤 시스템을 넣자고 모두 합의 했는데, 정작 플밍반이 완전 괜찮다, 힘든일 전혀 아니다라고 하자 말을 바꿔서 기획일이 늘어날 것 같다, 나중에 시간 남으면 추가하자라고 했다. 그것도 또 나중에 말을 바꿔서는 해당 시스템은 없애기로 했는데 왜 기획서에 적으셨나요? 이러는게 참.. 불만이다. 그래서 나는 나중에 시간 남으면 하기로 했었기 때문에 넣었고 비고에 해당 사항 적었다고 했다. 이럴거면 회의는 왜 하고 합의는 왜하는지 의문이다. 또한 플밍반과 아이스브레이킹 시간을 전혀 가지지 않고 회의도 거의 따로 하고 서로 이름도 아직 거의 못 외운채로 프로젝트를 하고 있다. 참.. pd와 pm이 여러모로 너무 너무 조급해하는 것 같다. | F23: 마감 기한이 충분함에도 PD·PM의 근거 없는 조급함으로 인해 합의된 기획이 번복되고, 개발팀과의 소통까지 단절된 답답한 상황 | G23: 비상
B24: 3 | C24: 김영도 | D24: 근접무기 디테일 강화, 일반 몬스터 디테일 강화 에셋 변화와 시스템 변화에 맞춘 기획 변경 | E24: 월요일이라서 피곤했습니다. | G24: 대기
B25: 3 | C25: 윤동현 | D25: 오늘은 ... 몬스터 스폰 시트와 스폰확률에 관한 데이터 테이블 시트를 추가로 제작하였고.... 추가적으로 무기나 몬스터 등등에서 변경되는 수치나 효과등에 대해서 컬럼들을 추가 및 수정하였습니다 .. | E25: 원래 순서라면 저는 밸런스 기획을 맡아서 시스템이나 콘텐츠 기획자가 기획을 하며 테이블을 만든 후 저는 그 테이블로 하여금 제가 기획한 밸런스 문서로 차근차근 밸런스 문제를 해결해 나가는 그런 방향으로 진행이 될 줄 알았는데.. 다른 기획 파트에서 데이터 테이블 관련은 일절 제작되는 게 없었고.. 당장 이번주부터 1차 개발을 얼른 들어가야 했기에 팀장님과 피디님과 얘기 후, 그냥 제가 다른 기획 파트들의 데이터 테이블까지 싹 만드는 방향으로 결정이 되었습니다... 이렇다 보니 정작 테이블 만들기가 제일 시급했기에 밸런스 기획서는 제작이 늦춰지고 있는 상황이긴 합니다 ... 그래도 개발 이후 팀원들과 QA하며 밸런스 작업을 하면 그나마 낫지 않을까라는 생각도 들고... 다른 의미로는 더 많은 경험을 하는 것이니 좋게 좋게 생각을 하려 했지만 오늘 마무리 회의 때 추가된 시스템 관련 기획서를 보며 그저 미소 밖에 나오지 않았습니다 하하 제가 꼭 완성해내고 말겠습니다 .. | G25: 주의
B26: 3 | C26: 권수빈 | D26: 맵 별 몬스터 비율 지정, 맵 에셋 지정 | E26: 열심히 하겠습니다. | G26: 대기
B27: 4 | C27: 장근혁 | D27: 1차 마일스톤 마무리,2차 마일스톤 구상 | E27: 아직까지 순조롭다. "아직까진.." | G27: 대기
B28: 4 | C28: 권현민 | D28: 기획서버전관리표제작, 일정 수정 | E28: 일정관리는 신경써야 할 것들을 잘 신경쓰고 있는건지 모르겠어서 어려운 것 같습니다.. 끝까지 잘 마무리 되었으면 좋겠습니다. | G28: 대기
B29: 4 | C29: 조준현 | D29: 물고기 리소스 음식 리소스를 죽죽 뽑았습니다 앞으로 일주? 이주는 그림을 싸다 | E29: "정글은 언제나 맑음" 구질구질 비가오는 이런날엔~ | G29: 대기
B30: 4 | C30: 한재환 | D30: 데이터 테이블 손님 / 업그레이드 작성 | E30: 데이터 테이블 다른 사람이 이렇게 하고, 나는 이렇게 하고. 거기에 TinyInt, SmallInt는 유니티에 안 쓰니, 빼야 하고. 머리가 아프네요. | G30: 대기
B31: 4 | C31: 김현우B | D31: 데이터테이블 수정 및 설정, ui 수정 | E31: 다들 웃으면서 재밌게 작업해서 좋습니다. 배울점이 많네요 | G31: 대기
B32: 4 | C32: 김흥규 | D32: 회의, 기획서 공유, 기획서 수정 | E32: 플밍반 개발 속도가 너무 빨라요! 기획반을 앞지르겠답니다! 어쩔 수 없이 오늘도 크런치를! | G32: 대기
B33: 4 | C33: 오종호 | D33: 어제 밤까지 내 작업을 하고 오늘은 팀원들 기획 피드백을 하느라 오전&오후의 반을 통째로 써버렸다. 상당수 내 아이디어가 채택되었다. 팀원은 내 말이 설득력이 있어서 채택했다고했는데 몇시간 준비한 기획을 내가 엎어버린건 아닌지, 월권을 한건 아닌지 불안한 마음이 있다. | E33: 졸리다 | G33: 대기
B34: 4 | C34: 주재형 | D34: 데이터 테이블 작업 | E34: 피곤합니다 | G34: 대기
B35: 5 | C35: 이형진 | D35: 문서 피드백 및 결정 플머분들에게 3건의 기획 문서 리뷰 및 방향성 회의 에셋 R&D, 에셋에 따른 세계관 방향성 전환 회의, 회의, 회의, 노가다, 노가다, 회의, 노가다 ... 🥕 | E35: 기획 리뷰가 여러 건 있었는데 플머분들이 친절하게 편하게 해도 된다고 하셔서 조금 마음이 풀렸습니다. 많이 긴장하고 했지만 결과적으로 잘 진행되고, 볼륨도 적당히 잘 잡은 것 같습니다. 에셋이 부족하고 통일감을 잡기 어려운게 가장 큰 걸림돌이네요, 앞으로 많은 시간을 레벨과 에셋에 투자할 것 같습니다. | G35: 대기
... B67: 9 | C67: 박민규 | D67: 오늘은 캐릭터 디자인 2종과 PM님께서 오늘안으로 끝내 달라한 UI목업을 진행하였습니다 | E67: 손이 빠르다는 말을 들어서 기쁩니다1 | G67: 대기
B68: 9 | C68: 김경민 | G68: 대기
B69: 9 | C69: 박원우 | D69: 시스템흐름도 및 시스템기획서 작성 | E69: 세부화 회의관련 내용진행도가 적극적으로 진행되어 좋습니다 | G69: 대기
B70: 9 | C70: 고승주 | D70: 시스템 기획서 작성(건설 시스템, 시설 시스템, 조경 시스템), 기존 작성 문서에 대한 피드백, | E70: 오전에는 작업이 좀 됐는데 오후에는 머리가 안돌아가서 행복합니다.. | G70: 대기
B71: 9 | C71: 임동균 | D71: 이전에 작성한 재화시스템 질문사항 답변후 일부 수정, 손님 시스템 초안 작성. | E71: 확실히 프로그래밍반 분들이 질문해주시니까 어떤 부분에 기획적인 구멍이 있었는지 알 수 있었다. 또 내 생각을 100%동일하게 전달하는게 참 어렵다고 생각이 들었다.. | G71: 대기
B72: 10 | C72: 장호윤 | D72: 아침 점심 저녁 회의 진행 및 기획서 컨펌 6건, 기획 리뷰 4건 그리고 팀원들과 행복한 하루를 보냈습니다 | E72: 6시 퇴근 후에 제 진짜 작업은 시작됩니다 | G72: 대기
B73: 10 | C73: 천영현 | D73: 프로젝트 일정 관리 1. 기획 핵심 사이클 초안 완성 2. 개발 핵심 사이클 개발 시작 WBS 최신화 원페이지 기획서 최신화 | E73: 초안을 빠르게 완성하고 개발 기간을 산정하고 기획서도 쓰고 정리도하고 여러가지 툴을 다 만지니깐 어지러워요~~ | G73: 대기
B74: 10 | C74: 이영우 | D74: 확률 데이터 테이블 작성, 난이도 시스템 기획 작성 | E74: 1-4등급까지 등장 하는 게임의 테이블을 1-5등급으로 만들었습니다. 감사합니다. | G74: 대기
B75: 10 | C75: 홍태광 | D75: UI 에셋 테스트 | E75: UI의 픽셀을 어떻게 맞춰야 할지 감도 안잡히는 것 같네요...ㅎㅎ | G75: 대기
B76: 10 | C76: 정재훈 | D76: 웨이브 진행방식, 유닛 공격방식, 강화 시스템 시스템 기획서 작성 | E76: 저번 프로젝트땐 개발과 기획을 동시에 진행하느라 정말 힘들고 기획서 작성에 신경을 많이 못 썼는데, 이번엔 정말 개발을 플밍분들이 해주니까 기획서에 온전히 작업할 수 있어서 좀 더 편한 느낌이 들었다. 기획서의 분량이 너무 적지 않은가? 하는 생각이 들때도 있지만, 최대한 프로그래머가 보고 작업에 들어갈 수 있는 결과물을 만들어보자 생각해서 가독성 부분도 신경써서 작업을 하는 시간을 가졌다. 직접 만드는 재미는 저번 메월드 프로젝트였지만, 기획자의 느낌은 이번프로젝트가 좀더 좋은것 같다. | G76: 대기
B77: 10 | C77: 한의호 | D77: 유닛 기획 시트 수정, 시너지 기획 시트 수정, 적 유닛 기획 시트 작성 | E77: 수정을 진행하며 게임 시스템에 대한 정리와 이해가 필요해서 팀원들과 논의 하는 데에 시간을 많이 쓴 것 같습니다. | G77: 대기
B78: 10 | C78: 정재용 | D78: 맵 밸런스 구상 및 초안 작성 | E78: 오늘 10팀 기획팀 집중력이 되게 높았는지 작업 속도가 빨랐다고 생각합니다. 10팀 화이팅! | G78: 대기
B79: 개인 | C79: 김지훈 | F79: 미작성 | G79: 대기
B80: 개인 | C80: 이석훈 | D80: 스토리 작업 | E80: 툴 만세! 클로드 만세! | G80: 대기
B81: 개인 | C81: 조현일 | D81: 메인 보스이자 히로인 아델린의 캐릭터 리소스 작업을 하였습니다. 컨셉에 맞추어 실제 눈으로 보이는 외형이니만큼 제작의 난항이 있네요. | E81: 이미지 생성봇 프롬프트를 조금 더 손봐야 할 거 같습니다. | G81: 대기

Sheet 0324
B2: 날짜 | C2: 46105
B4: 팀 | C4: 이름 | D4: 작업량 | E4: 한마디 | F4: 비고 | G4: 상태
B5: 1 | C5: 강유민 | D5: {=IF($C5:$C999="","", IFERROR( VLOOKUP( $C5:$C999 & "│" & TEXT($C$2,"yyyy-mm-dd"), SORT({ '설문지 응답 시트1'!$B$2:$B999 & "│" & TEXT('설문지 응답 시트1'!$D$2:$D999,"yyyy-mm-dd"), '설문지 응답 시트1'!$E$2:$E999, '설문지 응답 시트1'!$A$2:$A999 }, 3, FALSE), 2, FALSE ), "" ) )} -> 각 파트 기획 검토 및 내러티브 디자인 대본 진행 | E5: {=IF($C5:$C999="","", IFERROR( VLOOKUP( $C5:$C999 & "│" & TEXT($C$2,"yyyy-mm-dd"), SORT({ '설문지 응답 시트1'!$B$2:$B999 & "│" & TEXT('설문지 응답 시트1'!$D$2:$D999,"yyyy-mm-dd"), '설문지 응답 시트1'!$F$2:$F999, '설문지 응답 시트1'!$A$2:$A999 }, 3, FALSE), 2, FALSE ), "" ) )} -> 정신이 너무 없습니다.... 해내보겠습니다. | G5: 대기
B6: 1 | C6: 이유송 | D6: 회의 진행, 팀원 업무 파악, 개발팀 소통 | E6: 감 잡은 줄 알았더니 다시 감 사라짐....하.....팀장이 PM의 부족한 부분까지 챙겨주셔서 일단 팀이 돌아가긴 돌아감. 하 여기 너무 어렵잖아? 일단 퇴근 후 멘탈 챙기고 올게요! (혹여나 따로 연락 안주셔도 됩니다. 제 멘탈 알아서 챙기고 오겠습니다.) | G6: 대기
B7: 1 | C7: 이동현 | D7: 상점 시스템 기획서, 장비 콘텐츠 기획서 작성, 플레이어 캐릭터 스프라이트 추출 | E7: 그나마 일정이 편해졌습니다 | G7: 대기
B8: 1 | C8: 정우경 | D8: 끝나지 않는 스킬 시스템, 플레이어 기본 Stat 정의 정리, 주사위 시스템 정리 | E8: 기획서를 작성하는 것은 어렵다 | G8: 대기
B9: 1 | C9: 김현우A | D9: 3-24 ----------------------------------------------------------------------------------------------- 스킬 기획서 컴펌 스탯 정리 튜토리얼 정리 주사의 정리/레벨업 주사위 테마 기획서 필요 내용 핵심 키워드/서사/색상/타일셋 및 오브젝트(애셋)/연출/방의 종류 맵 레이아웃 및 상호작용 테마 나눌때 층이 밑애서 아래로 올라가는 구조 3층애 대한 테마는 이를 고려 치명타 확률, 치명타 수치 보스전용 스클 로직 1.1=(int) 1.2=(float) 1.3=(string) 1.4=(UnityEngine.UI.Image) 2.1=따로 구현하셔애 합니다 이들은 주사위 별 달리 적용되는 효과 입니디 2.2=참고용입니다 2.3=카테고리화 피요하며 변하는 동작 자체는 업습니다 스킬은 원거리, 근접, 그리고 원거리 폭발 등이 있습니다 2.4=어느 애셋의 어느 링크인지 표현한것입니다 아이콘은 교체 예정입니다 아이콘 폴더 어디? 이제 테마 파트- 진행상황 몬스터 참고해야한거 갔은대 어디서? 한 스테이지 당 2종류 일반 1종류 보스 엣셋- 초반 스테이지-오크 후반 스테이지-좀비 아래층애서 위로 탈출 -------------------------------------더전------------------------------------- 1스테이지-용암-(방8개) 2스테이지-지상-(방8개) 3스테이지-산 정상-(방8개) 최종스테이지-최종 보스-달-(방8개) 필드 무슨 스테이즈에 장애물이 나올지 정해야함 확실시 | E9: 겨우겨우 스킬 기획서가 통과했습니다 | G9: 대기
B10: 1 | C10: 정석현 | D10: 도움말 UI 구현 상점 UI 구현 맵 별 UI 배치 구현 상호작용 수정 | E10: 진짜 별거 안한거같은데 시간이 왜 이러지요?? 플밍분들이 UI 프로토타입을 잘 이해해주셔서 너무 감사합니다... | G10: 대기
B11: 1 | C11: 임소영 | D11: 현수님, 현우님이 작성한 기획서 컨펌 및 수정 사항 피드백 | E11: 현우님의 기획서가 지속적인 피드백 이후 변경되지않는 사항들이 점점 늘어나서 실시간 문서 피드백으로 변경해서 작업 요청드리고 문서 완성하는 방향으로 진행했습니다 | G11: 대기
B12: 1 | C12: 박현수 | D12: 플레이어 컨셉정의 기획서 다듬기 + 몬스터 컨셉 정의 기획서 초안 + 테이블컬럼 정하기 | E12: 상담 감사합니다! 고민해소에 많은 도움이 되었습니다 | F12: 어제 수업 종료 이후 기획서 작성 방법 요청에 대한 상담 진행했습니다. | G12: 대기
B13: 2 | C13: 김서현 | D13: 팀원 기획서 피드백 / 맵 레벨 디자인 기획서 작성... ... 팀원 확인용 용어 사전 초안 작성 | E13: 오늘은 크게 없었습니다! 다들 적극적으로 업무에 임해주셔서 좋았습니다 ^_^ | G13: 대기
B14: 2 | C14: 김태환 | D14: 일정 정리, 개발팀 프로토타입 공정률 확인, 다양한 의견 내기 | E14: 사운드를 내가 담당해야한다고...? 믿을 수 없어... | G14: 대기
B15: 2 | C15: 장윤우 | D15: 시나리오 연출 피그마로 중복 작업, 필요 애니메이션 리소스 정리 | E15: 히히 작업이당 히히.... | G15: 대기
B16: 2 | C16: 유해찬 | D16: UI 컨셉을 잡고 디자인을 변경, 그에 따른 플로우차트 변경 | E16: 야근 없는 삶 너무 좋습니다 | G16: 대기
B17: 2 | C17: 박기은 | D17: 캐릭터 확정!! 나무 배경 화질 높이기 | E17: 픽셀 이미지를 AI로 뽑았는데.. 너무 깨지고 픽셀 단위는 지정이 안돼서.... 덧대서 그리고 있습니다. 이게 맞나...??? 이전까지 아트를 하셨던분들의 마음이 이해가는 중 입니다. | G17: 대기
B18: 2 | C18: 이원홍 | D18: 시나리오 로컬라이징 | E18: 수고하셨습니다. | G18: 대기
B19: 2 | C19: 오동건 | D19: 외부 시스템 기획서 마무리 | E19: 뭘 더 넣어야하지..? | G19: 대기
B20: 3 | C20: 정수진 | D20: 성장 시스템 작성 완료, 문서 컨펌, 기획 리뷰 .. | E20: 에셋이 가장 어려워요... | G20: 대기
B21: 3 | C21: 우현승 | D21: - 에셋 확정 기획서 내용과 최적화 작업 - 작업 진도 파악 후 업무 분배 점검 - 기획리뷰 | E21: 기획리뷰: 기획자+팀장+PM 1차 컨펌 -> 개발팀에게 브리핑 하는 구조로 진행중인데, 브리핑 날짜를 미기록 및 브리핑까지 완료된 항목 구분을 안해둬서 진행과정 파악에 일부 혼동 이슈가 생겼었다. | G21: 대기
B22: 3 | C22: 안성진 | D22: 시스템-완- | E22: 없습니다 | G22: 대기
B23: 3 | C23: 김민제 | D23: 드디어 원거리 무기와 일반몬스터 기획서를 완성시켰다. 에셋이 여러번 바뀌고 추가 수정 부분이 생겼다고 해도 속도가 너무 느린점이 좀 아쉽다. | E23: 첫 조퇴를 하니 매우 기분이 좋더군요… ㅎㅎ 덕분에 치료도 잘 할 수 있었습니다. | G23: 대기
B24: 3 | C24: 김영도 | D24: 소모품 기획,보스 기획 | E24: 오늘 순조롭게 작업 했던 것 같고 오늘 대기업 기밀 프로젝트 기대되는 것 같습니다. | G24: 대기
... B45: 6 | C45: 김태훈 | D45: UI 설명서수정, 와이어프레임 수정, 아이콘 15종 제작 | E45: 화이팅한번해보겠습니다 | G45: 대기
B46: 6 | C46: 송아영 | D46: 던전 배경뽑고 재료아이콘으로 쓸 애셋 리소스 추렸습ㄴㅣ다! | E46: 너무많은일이있엇어요힘들다진짜 | F46: 플밍 이효석 학생과의 갈등이었던 것으로 추정됩니다. | G46: 대기
B47: 6 | C47: 이찬규 | D47: 데이터테이블 수정, 전투 연출 관련 토의 | E47: ...? | G47: 대기
B48: 6 | C48: 한지우 | D48: 장비시스템 기획 수정이 자꾸 생겨나서 시스템에서 벽을 느꼈습니다 | E48: 시스템은 어렵군요! ㅠㅜ | G48: 대기
B49: 7 | C49: 김민수 | D49: 정규시간 : 논의, 회의, 피드백,논의, 회의, 피드백,논의, 회의, 피드백 이후 시간 : 전체 플로우 제작 맵 생성 기획서 작성, 몬스터 스폰, 3종류 ai 기획서 작성, | E49: 업무 + 팀원 컨트롤은 할 짓이 못된다. 그리고.. 기획이 8명이다보니까 너무 힘듭니다. 기획서들이 잘게잘게.. 그래서 어떻게 컨트롤할지 고민이됩니다. | G49: 대기
B50: 7 | C50: 이정헌 | D50: 논의하기, 검토하기, 기획서 피드백하기, WBS수정하기 | E50: 너무너무너무너무 바쁜거같습니다 몸이 2개면 좋을거같습니다... | G50: 대기
B51: 7 | C51: 이승구 | D51: 예상 스케쥴 260323 오후 시작 1, 기획서 폼 작성 ~~2. 내용 작성 3. 문서 정리~~ 260324 오전 2. 내용 작성 3. 문서 정리 issue : 리소스 이미지 & 이미지 경로 첨부 병목있던 부분 리소스 이미지 첨부 결정 리소스 경로 전달 결정 리소스 수집 계획 ~~ㄴ 어울리지 않는 리소스는 어떻게 할 건지? ㄴ 다 각각 작업하면 리소스 톤 안 맞을 텐데? ㄴ 찾을 수 없는 리소스 어떻게 할 건지?~~ 이승구, 김세진 회의록(260324 16:45 ~ 17:00) A. 대쉬 확정 - 디코, zep 메시지 남길예정 (260324 수업 끝나기 전까지 기획 팀장 컨펌 후 전달) B. 이동속도 관련 논의 - 이동속도,대쉬속도 관련해서 수치가 정해진게 있는가? - 없다. 변경 가능하게 개발 부탁 ㄴ 이동속도는 이미 변경 가능하게 개발 확인. ㄴ 대쉬 속도도 러프하게 부탁 C. 총이랑 캐릭터랑 구분 리소스 예상 이슈 - 캐릭터랑 총이랑 붙어있는 스프라이트 이슈가 있을 수 있다. (애초에 붙어 있으면 분리가 안 됨) - 인지 하고 있다. 고 답변 - 총과 캐릭터가 분리되어 있는 에셋을 사용 예정임을 공유 | E51: 세진님이 소통 과정에서 배려를 많이 해주셔서 감사합니다. | G51: 대기
B52: 7 | C52: 채지형 | D52: 기획 발표 및 데일리 스크럼, 다양한 컨셉방 기획 | E52: 에셋이 한정적이라 팀원이 고른 에셋중에 제가 기획한 내용과 알맞는 에셋 찾기가 굉장히 수고스럽네요. 지금까지 나온 게임들과 차별화된 컨셉방을 기획하는게 머리아픔.(뻔함) | G52: 대기
B53: 7 | C53: 곽용준 | D53: UI+시나리오(설명만 듣고 구상만 하기) | E53: 벌써 시간이 이렇게... | G53: 대기
B54: 7 | C54: 이도건 | D54: 오늘은 몬스터 시스템에 대해서 크게 몬스터 시스템 개요, 몬스터 스폰 시스템, 몬스터 AI 시스템으로 항목을 나누어 시스템 기획서를 작성했습니다. 그리고 프로그래밍 반 분들이 알아보기 용이하게 문서를 좀 깔끔하게 다듬는 작업 위주로 진행했습니다. | E54: 이외 다른 파트 시스템 기획은 아침에 담당 프로그래밍 분과 기획한 부분에 있어서 리뷰하는 시간을 가졌는데 제 개인적인 추측일 수도 있겠지만 주신 말씀으로는 "알아 듣기 쉬웠습니다. 잘 써주셨습니다." 라고 해주셨지만 화면에 비추는 표정은 그렇지 않아 보이셨습니다. 저도 이제 막 시스템 기획서 초안을 완성했는데 프로그래밍 분들이 알기 쉽게 기획 문서를 작성하는 방법에 있어서는 고민이 좀 많이 필요할 것 같습니다. | G54: 대기
B55: 7 | C55: 이균호 | D55: - 전투 시스템 기획서 버전 업그레이드 - 플머 분들과 어제 올린 기획 리뷰 - 아침 점심 저녁 점검 | E55: 오늘은 어제 작성한 기획서를 전달드리고 플머 분들에게 피드백을 받는 시간이 있었다. 빠뜨린 내용은 없는지, 혹시나 읽기 불편하지는 않을지 걱정했지만 담당 플머 분이 깔끔히 정리해놔서 보기 너무 편하다고 칭찬해주셔서 기분이 좋다. 그리고 나머지 시간 동안 팀장 님께서 피드백 해주신 부분 내용 추가 작성하는 걸로 하루를 보냈다. 생각보다 하는 거에 비해 시간이 너무 빨리 지나가서 조금 놀랍다. 아마 팀원 간 작업 내용 공유나 플머 분들 리뷰 등 팀 작업이라 합을 맞추는 작업을 하느라 개인 작업 하는 거에 비해 시간이 빨리 가는 것처럼 느껴지는 게 아닐까 싶다. 그렇다고 합 맞추기 작업을 안하면 더 삐걱댈테니 이것이 팀 작업의 속도인건가 생각이 들기도 한다. | G55: 대기
B56: 7 | C56: 최선동 | D56: 캐릭터 노드 및 무기 성장 시스템을 작성하며 많은 것을 배운 하루였습니다. 특히 개발자에게 기획문서를 준다는 생각에 많이 긴장했었는데 확실히 얻어가는 것이 더욱 많았던 것 같습니다. 기획자들끼리 했을 때보다 훨씬 체계적이고 세부적인 사항들까지 들어가야하는 기획서 작성. 재밌습니다! 행복합니다. | E56: 다들 맡은 바 책임있게 해주시는 분들이라 만족합니다 | G56: 대기
B57: 8 | C57: 예인해 | D57: 기획서 컨펌, 기획서 리뷰, PM과 방향성 회의 등등... | E57: 팀장은... 가장 먼저 출근하고... 가장 늦게 퇴근한다... 분명 도움이 되는데 일하는 밀도가 훨씬 더 큰거 같습니다... | G57: 대기
B58: 8 | C58: 이도민 | D58: 마일 스톤 % 가시화 WBS 일부 기능 자동화 구현 | E58: 승진님과 팀장님 사이에 이슈가 있었습니다. 이슈 내용은 내일 업데이트 드리겠습니다. 일단 해결은 했습니다 ! | G58: 주의
... B75: 10 | C75: 홍태광 | D75: UI에 관한 프로그래머와의 협업, 피그마 및 문서 최적화 | E75: 에셋을 어떻게 정확히 배치해야할지 고민이 많습니다. | G75: 대기
B76: 10 | C76: 정재훈 | G76: 대기
B77: 10 | C77: 한의호 | D77: 적 유닛 시트 수정, 아군 유닛 시트 수정, 유닛 합성 기획 및 시트 작성 | E77: 적 유닛의 단계별 성장을 위한 2차 함수 식을 알아보고 적용하며 스텟을 기획하는 과정이 상당히 어렵게 느껴졌습니다. | G77: 대기
B78: 10 | C78: 정재용 | D78: 플밍팀과 이야기하여 맵 디자인 에셋 확인, 간단한 유닛 밸런스 확인 및 수정 | E78: 다들 너무 친절하시고 건전한 피드백도 많이 해주셔서 제 스스로가 점점 발전하고 있는 것 같은 느낌입니다. 앞으로 더 발전해보겠습니다. 10팀 파이팅! | G78: 대기
B79: 개인 | C79: 김지훈 | G79: 대기
B80: 개인 | C80: 이석훈 | D80: 스토리작업 | E80: 생각보다 텍스트분량이 많다 | G80: 대기
B81: 개인 | C81: 조현일 | D81: 금일 본격적으로 유니티 시작하는 거 같습니다. 소화해야 할 분량이 적지 않을 것으로 예상되어 조금 더 분발하려고 합니다. | E81: 유니티와 고전 중입니다만. 나름대로 노력해 보겠습니다. | G81: 대기

Sheet 0325
B2: 날짜 | C2: 46106
B4: 팀 | C4: 이름 | D4: 작업량 | E4: 한마디 | F4: 비고 | G4: 상태
B5: 1 | C5: 강유민 | D5: {=IF($C5:$C999="","", IFERROR( VLOOKUP( $C5:$C999 & "│" & TEXT($C$2,"yyyy-mm-dd"), SORT({ '설문지 응답 시트1'!$B$2:$B999 & "│" & TEXT('설문지 응답 시트1'!$D$2:$D999,"yyyy-mm-dd"), '설문지 응답 시트1'!$E$2:$E999, '설문지 응답 시트1'!$A$2:$A999 }, 3, FALSE), 2, FALSE ), "" ) )} -> 기획서 검토 및 개발 진행 확인 | E5: {=IF($C5:$C999="","", IFERROR( VLOOKUP( $C5:$C999 & "│" & TEXT($C$2,"yyyy-mm-dd"), SORT({ '설문지 응답 시트1'!$B$2:$B999 & "│" & TEXT('설문지 응답 시트1'!$D$2:$D999,"yyyy-mm-dd"), '설문지 응답 시트1'!$F$2:$F999, '설문지 응답 시트1'!$A$2:$A999 }, 3, FALSE), 2, FALSE ), "" ) )} -> 팀원 스트레스 관리가 필요할 것 같습니다. 해보겠습니다. | G5: 주의
B6: 1 | C6: 이유송 | D6: wbs 업무 파악 및 개발팀 업무 재조정 요청, 마일스톤 일정 변경 공지 및 체크, 팀원 케어 및 내 멘탈케어 | E6: 휴 3일째 이제 조금 감이 잡힘. 어떻게 돌아가는지는 알았으니까 조금만 더 버텨보겠습니다. | G6: 대기
B7: 1 | C7: 이동현 | D7: 강화 시스템 추가된 내용 수정해서 보내드렸고, 데이터 테이블 구조 어느정도 구성했으며, (저녁)캐릭터 스프라이트 공격 모션, 최종 보스 스프라이트 뽑았습니다. | E7: 게임하고 싶어요 | G7: 대기
B8: 1 | C8: 정우경 | D8: 스탯 정리, 스킬 데미지 회의, 데이터 테이블 제작 | E8: 수학적 기준을 세우는 작업은 어렵구나 | G8: 대기
B9: 1 | C9: 김현우A | D9: 3-25 로비=주사위 세계안 스테이지는 포탈로 이동 타일, 장애물, 벽 어떤 타일 쓸지 타일 크기 바닥 타일 숫자 늘리기 | E9: 오늘은 새로운 작업을 했다 | G9: 대기
B10: 1 | C10: 정석현 | D10: UI 리소스 서칭 | E10: 무료 리소스로 UI를 구성하는 것은 극악의 난이도인 것 같다!!! 행복합니다!!! | G10: 대기
B11: 1 | C11: 임소영 | D11: 튜토리얼 기획서 작성 | E11: 튜토리얼 기획서 작성 | G11: 대기
B12: 1 | C12: 박현수 | D12: 플레이어 이미지 시트작업 + 테이블 컬럼 규칙 일부정의 + 시스템 기획서 점검 | E12: 수요일...크아악 | G12: 대기
B13: 2 | C13: 김서현 | D13: 1. 에스트(메인캐릭터) Jump 어색하거나 문제 있는 부분 리터칭 작업 / 스프라이트 이미지 제작 2. 스테이지 1 레벨 디자인 완료 3. 테이블 시트 id값 지정 및 공용으로 사용하는 공통어 명칭 정리 | E13: 소통에 약간의 문제가 있었습니다. 같은 말이지만, 서로 다르게 이해하고 있는 상황이 있었고, 대화로 잘 해결했습니다! 전체적으로 다들 적극적으로 임해주시고, 먼저 의견을 말해주셔서 우선은 순항 중인 것 같습니다. | F13: 소통에 문제가 있었지만, 대화로 잘 해결했다고 하고, 큰 문제는 아니었다고 합니다. | G13: 주의
B14: 2 | C14: 김태환 | D14: 작업 관리, 사운드 기본 작업 세팅 | E14: 프로토타입 빌드를 받았으나... 오늘 정규과정이 끝나고 받게 되었음. 전반적으로 오늘 하려던 내용 대부분이 내일로 이월될 예정. | G14: 대기
B15: 2 | C15: 장윤우 | D15: idle, walk, jump, sit, surprise, sitheaddown, glum 에니메이션 제작 완료 | E15: 킥킥 다시 이 싸움을 하다니... 네 이녀석!!! 이번에야 말로 정복해주겠다 제미나이...! | G15: 대기
B16: 2 | C16: 유해찬 | D16: UI에서 사용되는 텍스트 리스트로 정리 및 번역 / 새로운 기능에 의한 UI 수정 | E16: UI는 끝날때까지 끝나는게 아니다아 | G16: 대기
B17: 2 | C17: 박기은 | D17: 오늘은.. 어제 못 끝낸 나무 이미지를 작업하다가 힘들어서 다른걸 작업했습니다. 열매, 타일, npc, 발판, 장애물 등의 컨셉도 자세히 얘기 나누고 정하고 작업까지 하려했는데... 컨셉 찾다가 하루가 다 갔습니다!!!!! | E17: 스스로의 작업속도가 느리니 마음이 조급해지네요. 이번 주만 화이팅 하겠다는 생각으로~ 화이팅~ | G17: 대기
B18: 2 | C18: 이원홍 | D18: 일본어 로컬라이징 | E18: 고생하셨습니다! | G18: 대기
B19: 2 | C19: 오동건 | D19: 레벨디자인 | E19: 퍼즐 만드는데 지능이 딸려요 | G19: 대기
B20: 3 | C20: 정수진 | D20: 성장 시스템 기획 리뷰, 에셋 관련해서 하기.. | E20: 에셋 작업을 하게 되면서 기존의 에셋의 문제점에 대해서 알게되고, 확정성 오브젝트 배치의 어려움 등 생각한 만큼의 퀄리티가 나오기 힘들거같아서 오래 고민했던거같습니다. 처음부터 에셋을 다 보고나서 컨셉을 잡았더라면 하는...생각이 계속 들어서 스트레스를 받았지만 어지저찌 팀원들을 설득해서 맵에셋을 바꾸기로 했습니다!.. 팀장으로서 성장중인거겠죠.. | G20: 대기
B21: 3 | C21: 우현승 | D21: 작업 진도 파악 후 업무 분배 점검, 변경된 에셋 분류, 변경된 에셋에 따른 맵 디자인 업무 지원 | E21: 에셋을 너무 가볍게 생각하고 첫 업무 분배를 했던게 실수였던것같습니다... 대규모 에셋 변경에 따라서 게임 컨셉이 바뀌고, 몬스터나 무기 등 기존 기획에서도 수정내용이 많이 생겨서 걱정을 했는데 팀원들이 잘 이해해주시고 작업을 진행해주셔서 죄송하고 감사하다. | G21: 대기
B22: 3 | C22: 안성진 | D22: UI 관련 작업 | E22: 없습니다 | G22: 대기
B23: 3 | C23: 김민제 | D23: 오늘은 오전은 에셋회의 + 바뀐 에셋에 맞춰서 기획서 수정을 했고. 오후에는 유니티에서 에셋 찾고 뽑아내는거 하는데 다썼다. | E23: 작업 속도가 너무 느린 것 같다.. 하다 보면 늘겠지 | G23: 대기
B24: 3 | C24: 김영도 | D24: 이벤트 방 설정 보스기획 수정 | E24: 어려운 일은 없던 것 같습니다. | G24: 대기
B25: 3 | C25: 윤동현 | D25: 오늘은 플레이어 레벨 업, 무기 성장 시스템 테이블 등을 제작, 플밍팀장님과 테이블에 대해 계속 얘기하며 수정할 거 수정하고 추가 및 삭제를 진행, 무기 TTK 계산 등을 진행하였습니다 | E25: 드디어 힘들고 고된 작업이였던 시스템 관련 데이터 테이블 작업이 거의 끝나가는 것 같습니다 ... 하지만 현재 던전 맵 2~3개가 기획되고 있는 것으로 알고 있고 보상이나 등등 시스템이 추가될 수도 방심하긴 이른 거 같고, 이제야 슬슬 밸런싱 작업을 할 수 있는 시간이 생길 것 같아 마음이 놓입니다 ... 또한 테이블 관련해서 플밍팀장님과 얘기도 나누고 그러다보니 그래도 생각보다 ? 나름 어느정도 구조는 잘 짜둔 것 같아서 힘들었지만 뿌듯하기도 한 거 같습니다 | G25: 대기
... B53: 7 | C53: 곽용준 | D53: 피그마 PPT 기획서 슬라이드 제작 | E53: 시간이 너무 빠릅니다 | G53: 대기
B54: 7 | C54: 이도건 | D54: 어제 일과를 마치고 남은 작업이 있어서 남아서 작업을 해야하는 상황이었는데 팀원분들께 너무 죄송하게도 몸상태가 너무 좋지 않아 작업을 하지 못하였습니다. 그래서 팀장님인 민수님께서 감사하게도 이해한 내용을 바탕으로 러프하게 대신 수정해주셨습니다. 그런데 아침에 확인한 수정본이 원 기획안과 좀 다르게 수정되어 있어 그 간극을 좁히고 담당 프로그래밍 분과 협의를 하는데에 중점적인 시간들 이었습니다. 이후 협의한 내용을 바탕으로 기획안을 정리 작업중에 있습니다. | E54: 몸이 좋지 않던 이슈로 팀 간의 작업에 간극이 있었다보니 소통하는 과정에서 비효율적인 시간 소모가 많이 된 것 같습니다. 작업을 우선적으로 마무리를 해야했던 잘못이 컸고 이 이후에이런 일이 발생하더라도 소통과정에서 좀더 원활한 방향으로 해보도록 해야함을 매우 크게 느꼈습니다. | F54: 건강 체크 | G54: 대기
B55: 7 | C55: 이균호 | D55: - 전투 시스템 기획서 완성 - 애셋 살펴보기 - 2, 3 스테이지 컨셉 기획 | E55: 오늘은 이런저런 협업과 소통의 어려움이 많았던 날이었다. 플머 분이 오해하신 부분이 있어서 그것 때문에 기획서가 일부 수정될 뻔한 걸 오해를 풀고 수정 없이 그대로 가게 된 사소한 이슈도 있었고 플머 분들이 어디까지 구현이 되었는지를 몰라서 조금 답답했던 부분도 있었는데 개발 중간 점검 시간을 가져서 답답함을 해소하기도 했다. 그런데 개발 현황이 어디까지인지 몰랐던게 왜 답답했던 것인지를 모르겠다... 기획에 있어 영향이 있었던건가? 아니면 그냥 몰라서 답답했던걸까? 모르겠다. | G55: 주의
B56: 7 | C56: 최선동 | D56: 무기 성장 및 노드 시스템 ui 세부 사항 제작 및 데이터 테이블 설계 | E56: 내일은 데이터 테이블 구조화 작업 할 예정입니다! 화이팅 | G56: 대기
B57: 8 | C57: 예인해 | D57: 데일리 스크럼, 기획서 컨펌, 팀내 회의 진행, 프로그래머와 소통. | E57: 다른 팀원의 기획서를 보고, 프로그래머에게 리뷰하는 것을 보면서 문서 작성을 하지 않아도 많은 것을 배우고 느끼는거 같습니다. 다만, 팀장이 말을 할 일이 많다보니 목이 아픈 이슈가 있습니다... | G57: 대기
B58: 8 | C58: 이도민 | D58: PM 회의 / WBS 내용 체크 및 수정 | E58: 없습니다 ! | G58: 대기
B59: 8 | C59: 김시온 | D59: 퍼즐 생성 시스템이 드디어 컨펌 완료됐고, 데이터테이블 가이드 수정작업중입니다. | E59: 시간이! 또! 없어요! 시스템은 짜는 게 어렵기도 하지만, 계속 컨텐츠가 나오고 구현 상황에 따라 바꿔야하는데 머릿속에 그 구조가 모두 있어야 빠르게 바꿀 수 있다는 게 어려운 것같습니다.... 시스템과 데이터 테이블 기획이 안 바뀌면 좋겠어요... | G59: 주의
B60: 8 | C60: 이준혁 | D60: 데이터테이블 헤메고 회의 질질 끌려다니기. 구조파악, 테이블 작성, 구조 개선 etc | E60: 인간 통나무가 되었어요~ | G60: 대기
B61: 8 | C61: 이승진 | D61: 회고 | E61: 문제 - 보상 구조 미정 - 협의 대상 많음 - 병목현상으로 인한 과부하 발생 행동 - 전투기획 / 전투시스템과 협의해서 보상 구조 병목 해결 - 감정 터지기 전에 PM에게 상황 공유 - 에셋 정하기는 튜토리얼/시나리오 파트에게 결정권 위임 - UI에 집중하겠다고 역할 범위 선언 판단 - 피드백은 하되 결정권은 역할에 맡게 분리해야 한다. - 겹치는 영역에서는 월권 가능성이 구조적으로 발생하므로, 판단 기준과 역할 범위를 명확히 해야 한다. - 리스크는 사전에 차단하는것도 중요하지만, 상황 발생시 빠르게 공유하고 흘려보내는게 더 중요하다. 일련의 흐름과 제가 당시 했던 판단, 행동은 기록해두는게 좋을거 같아서 오늘은 작업이 따로 없었음에도 회고를 진행했습니다. 사실 작업은 없었지만 디스코드를 통해 소통은 조금 하긴 했습니다. 기획서를 전달하는 방향에 있어서 수정된 사항은 반드시 공유해달라는 플밍반의 요청이 있기도 했고요. 그래서 수정된 기획서를 전달하는 방법에 있어서 고민을 하고 담당자와 이야기를 좀 나누기도 했습니다. 내일을 위한 준비는 슬슬 마무리 단계네요. 오늘 하루도 감사했습니다. | F61: 지속적인 멘탈 체크 필요 | G61: 주의
B62: 8 | C62: 김윤규 | D62: 에셋 정리 마무리, 이벤트 보상 네러티브 완료 | E62: 나는 행복합니다. | G62: 대기
B63: 8 | C63: 김범진 | D63: 데이터 테이블 시트 작성 | E63: 지금 근황 너무 편하고 좋습니다. 편안합니다. | G63: 대기
B64: 8 | C64: 배주빈 | D64: 03/25 오늘 해야할 일 컨셉팀 에셋 리스트업 및 사이즈 분석 작업 합류 데이터 테이블 짜기 에셋 정리할 떄 스탠딩 이미지 작업도 포함 WBS 데일리스크럼 갱신 팝업창 텍스트의 화자가 누구인지, 해골의 머리이미지 오전 착수 작업. 에셋 리서치 및 슬라이드 정리 1:10~4:43 오후 동안 병원일정 오후 착수 작업 HP바 상단에 방어 UI를 덮는? 아이디어 내일 해야할 일 1. 오전까지 에셋 작업완료하기 2. 튜토리얼 퍼즐 어디를 조작해야하는지 시온님이 만들어오신 걸로 데이터 짜기? 퍼즐찍기 | E64: 오늘의 배운 점. 에셋은 험난하다... | G64: 대기
B65: 9 | C65: 서진호 | D65: 오늘도 몸상태가 그렇게 엄청 좋진 않았습니다 금일 오전엔 컨텐츠에 대해서 컨셉 기획을 제외하곤 작성된 문서가 하나도 없다보니 해당 부분에 대해서 다들 획일화 작업을 하는 회의를 진행했습니다. 원래는 어제 하려고 했는데 건강이슈로 하지 못했습니다 작성하는 지금도 열이 37.4도긴 한데 내일이면 그래도 많이 나아지겠네요 PM님과의 소통을 통해 작업 재분배 작업이 1차적으로 들어갔고, 문서가 나오는 거에 따라 2차 작업을 진행할 예정입니다. 그 외에는 동균님의 문서를 컨펌작업을 했고, 전체적으로 업무 모니터링을 했습니다. 프로그래밍팀 분들께서 구현을 열심히 해주고 계셔서 안심입니다. 저 보단 PM님과 소통하는 일이 많은 상황인데 저도 좀 들어보도록 해야겠습니다. 지금 확인해 보니 제출 버튼을 누르지 않아서 늦었네요... | E65: 경민님께서 합류가 조금 늦으셨는데 그래도 계속 하려고 하시는 모습이 보여서 다행입니다 좀 세세한 프로듀싱이 필요할 것 같은데, 그 부분을 좀 더 열심히 해보겠습니다 내일은 건강한 모습으로 뵐 수 있으면 좋겠네요 | G65: 대기
B66: 9 | C66: 강태성 | D66: 컨텐츠 방향성 회의, PM 회의, WBS 재산정, 기획서 리뷰, 회의록 기록 | E66: 뇌가 녹을 것 같다 | G66: 대기
B67: 9 | C67: 박민규 | D67: 오늘은 기획 방향성 회의 , 플로우 차트 제작 , 평판 이벤트 플롯을 작성했습니다 | E67: 저는 5분 대기조 입니다 | G67: 대기
B68: 9 | C68: 김경민 | D68: 인게임 플로우 차트 | E68: 개발 시간까지 생각을 해야니 시간이 너무 촉박해서 걱정됩니다. | G68: 대기
B69: 9 | C69: 박원우 | D69: 팀 방향성회의 이후 콘텐츠 기획서와 이벤트기획서 테이블 구조 정리본 작성 | E69: 좋아요 좋아요 | G69: 대기
B70: 9 | C70: 고승주 | D70: 게임 시스템 규칙 통일을 위한 회의 및 규칙 작성, 콘텐츠 기획 단계 전 컨셉 재확인, 타이머 시스템 기획서(루프 시스템 기획서) 작성 | E70: 내일부터는 작업 하기 전에 미리 교시별 작업 계획서를 작성하고 매 쉬는 시간마다 체크하는 방식으로 해야겠습니다. 뭘 하다가 작업이 밀렸고 늦어졌는지가 기억이 안나서 능률이 나지 않는 것 같습니다. | G70: 대기
B71: 9 | C71: 임동균 | D71: 오늘은 손님 기획서 내용 수정 및 상세 내용 - 손님 행동 이벤트 기획을 완성했다. | E71: 무슨 시스템이 필요할지, 이런걸 정하는게 어렵다. 카테고리를 나누는 것부터 시스템기획인데 구체적인 수치를 여기에 정의를 해야하나? 뭐 손님이 스폰되는 시간이 0초부터 60초까지라면 60초는 임의로정한거고 컨텐츠나 밸런스에 맞춰서 수정할 사항인데, 이걸 왜 60초로 썼는지 적어달라는 피드백이오면 그냥 임의로 적당한 숫자 적었습니다. 밖에 안되는 것 같습니다.. | F71: 기획에 구체적인 수치를 입력해달라는 피드백을 받았다고 함. 방향성 잡아줄 필요 있음 | G71: 주의
B72: 10 | C72: 장호윤 | D72: 에셋 찾기, 도트 찍기, 기획서 찐찐막 체크하기, 교통정리 하기, 멘탈 터진 팀원 다독이기... | E72: 오늘 열심히 에셋 찾다가 쉬었음 청년 되버렸습니다 왜 저는 팀장이 되어서도 아트를 찍어내는 공장장인걸까요? | G72: 주의
B73: 10 | C73: 천영현 | D73: WBS, 원페이지 기획서, 사운드 에셋 체크, 인원 일정체크 및 계획 | E73: 아무래도 후반부 가니깐 집중력이 살짝 흐려지네요 ㅠㅠ.. 사실... 사운드 작업할게 너무 많아서.. 그럴지도.. ㅠ.ㅠ | G73: 대기
B74: 10 | C74: 이영우 | D74: 결과창 시스템 기획했습니다. SFX, BGM 에셋을 찾고 있습니다. | E74: 사운드 담당자 구인합니다. | G74: 대기
B75: 10 | C75: 홍태광 | D75: 유니티 꾸미기(UI 에셋을 이용하여 화면에 배치 후 담당 프로그래머께 인수인계) | E75: 화면 내에 표시할 정보를 어떻게 배치해야할지 고민하는게 많이 어려웠습니다. | G75: 대기
B76: 10 | C76: 정재훈 | D76: 오전에 기초 시스템 기획서 작성을 마무리하고 아트 작업으로 넘어갔습니다. | E76: 이번 프로젝트는 에셋이 있어서 아트를 안할줄 알았더니... 결국 아트를 다시 잡게 되고 말았습니다..... 그래도 툴 에셋이 있어서 완전 처음부터 제작하는건 아니라 다행이긴하네요 | G76: 대기
B77: 10 | C77: 한의호 | D77: 맵 컨셉 기획, 데이터 테이블 수정 | E77: 에셋에 존재하는 타일 만으로 원하는 느낌의 맵을 완전히 재현하지 못한다는 것에 어려움을 느꼈습니다. | G77: 대기
B78: 10 | C78: 정재용 | D78: 유니티에서 맵 에셋을 열어 맵 프로토타입(배경 등) 작업, 수정 요청 들어온 데이터 테이블 수정 | E78: 다들 열심히 작업을 진행하고 있습니다. 다들 컨디션 조심하면서 힘내줬으면 좋겠습니다. 파이팅! | G78: 대기
B79: 개인 | C79: 김지훈 | G79: 대기
B80: 개인 | C80: 이석훈 | D80: 스토리 코어분기 작성 | E80: 생각보다 분량이 많다 | G80: 대기
B81: 개인 | C81: 조현일 | D81: 캐릭터 스프라이트를 아예 갈아엎었으나 화질 열화 문제로 인하여 제작에 난항이 있어 아쉬운 거 같습니다. | E81: 조금 더 수월하길 바랬으나 쉽지 않은 거 같습니다. 정진하겠습니다. | G81: 대기

Sheet 0326
B2: 날짜 | C2: 46107
B4: 팀 | C4: 이름 | D4: 작업량 | E4: 한마디 | F4: 비고 | G4: 상태
B5: 1 | C5: 강유민 | D5: {=IF($C5:$C999="","", IFERROR( VLOOKUP( $C5:$C999 & "│" & TEXT($C$2,"yyyy-mm-dd"), SORT({ '설문지 응답 시트1'!$B$2:$B999 & "│" & TEXT('설문지 응답 시트1'!$D$2:$D999,"yyyy-mm-dd"), '설문지 응답 시트1'!$E$2:$E999, '설문지 응답 시트1'!$A$2:$A999 }, 3, FALSE), 2, FALSE ), "" ) )} -> 기획서 검토 및 1차 마일스톤(1차 빌드) 확인. | E5: {=IF($C5:$C999="","", IFERROR( VLOOKUP( $C5:$C999 & "│" & TEXT($C$2,"yyyy-mm-dd"), SORT({ '설문지 응답 시트1'!$B$2:$B999 & "│" & TEXT('설문지 응답 시트1'!$D$2:$D999,"yyyy-mm-dd"), '설문지 응답 시트1'!$F$2:$F999, '설문지 응답 시트1'!$A$2:$A999 }, 3, FALSE), 2, FALSE ), "" ) )} -> 하... 스트레스 받네요. | F5: 스트레스 받는다고 함. 멘탈 체크 필요 | G5: 주의
B6: 1 | C6: 이유송 | D6: 1차 마일스톤 확인, 팀원 진행상황 체크, 업무 조율 등등 뭐 많이 했는데 티는 하나도 안나쥬? 하.......정신없네요 | E6: 큰 문제 없습니다. 다만 개발팀 태성님의 작업이 늦어질거 같아 해당 부분이 걱정됩니다. 아이템 기획서가 늦어져서 ui쪽 파트만 맡으셨다고 생각했는데, ui 일부와 아이템 맡고 계시다는 걸 오늘 팀장회의 때 인지했습니다. 현재 컴퓨터도 교체하러 학원에 방문해야해서, 내일 오후부터 작업 가능하다고 전달받았습니다. 개발팀장님께서 아이템 관련 작업은 중요도 순으로 우선 처리해달라고 요청주신 상태이며, 해당 부분은 인지하고 있습니다. 현재 상황이 잘 정리되어 태성님이 작업을 잘 마무리했으면 좋겠습니다. | G6: 대기
B7: 1 | C7: 이동현 | D7: 데이터 테이블 구조화, 플레이어 공격 스프라이트 리터칭 | E7: A스프라이트는 신이야! | G7: 대기
B8: 1 | C8: 정우경 | D8: 데이터 테이블 작업이 오래 걸려서 다른 것을 못했다. 아,,,,, 계획했던 것들을 마무리 하자 | E8: 다 열심히 하고, 다 잘하고 있는데, 나만 못하고 부족한 느낌이 든다. 정신차리고 잘하자. | G8: 대기
B9: 1 | C9: 김현우A | D9: 3-26 스테이지 별 보스 격파 드랍 상자 오브젝트 지정해서 기회서 추가 튜토리얼 방 추가 상점 오브젝트? 상점과 강화 보류 | E9: 전보다 탈력을 받은 느낌이다 | G9: 대기
B10: 1 | C10: 정석현 | D10: UI 리소스 서칭 | E10: 난 파일 관리를 정말 못하는 것 같다. 리소스 팩들의 이름을 정리하지 않았는데 이렇게 많은 파일이 쌓일거라곤 예상 못했다... 지금이라도 정리 좀 하면서 해야겠다 🥹 | G10: 대기
B11: 1 | C11: 임소영 | D11: 튜토리얼 기획서 작성 | E11: 튜토리얼 기획서 작성 | G11: 대기
B12: 1 | C12: 박현수 | D12: 테이블 작업했습니다 장정 13시부터 2시까지 13시간의 긴 대장정! | E12: 어쩌다가 테이블을 맡게된거지...(내가 하겠다고함) | G12: 대기
B13: 2 | C13: 김서현 | D13: 캐릭터 스프라이트 일부 편집 및 도움, 스테이지 2 맵 구상, 테이블 시트 수정 및 작성릭터 스프라이트 일부 편집 및 도움, 스테이지 2 맵 구상, 테이블 시트 수정 및 작성, 열매 오브젝트 제거 후 메시지 출력하는 연출 목업 제작 등... | E13: 태환님이... 없으셔서 태환님의 빈자리를 크게 느꼈습니다. 해찬님의 경우에는, 워낙 이전에 열심히 작업해주신 덕에 이미 하실 것이 거의 끝난 상황이라 큰 문제가 없었습니다. 그 외에는 다른 큰 이슈는 없었습니다! | G13: 대기
B14: 2 | C14: 김태환 | F14: 작일 야근으로 지각. 컨디션 체크 필요 | G14: 주의
B15: 2 | C15: 장윤우 | D15: Idle, Jump, walk, glum, hard, sitheaddown, sleep, wakeup, surprise, up, Push_idle 스프라이트 제작 완료, NPCtalk 테이블 시트 튜토리얼 파트 제작 완료. | E15: 히히... 작업 맛있당... 히히... | G15: 대기
B16: 2 | C16: 유해찬 | F16: 작일 응급실 다녀옴. 건강 체크 필요 | G16: 주의
B17: 2 | C17: 박기은 | D17: 오늘은 자잘한 이미지들을 완료했습니다!! npc의 다른 포즈나 다른 표정, 바닥 타일 등등.. | E17: 화이팅~ | G17: 대기
B18: 2 | C18: 이원홍 | D18: 기획서 다시 확인하기 | E18: 수고하셨습니다. | G18: 대기
B19: 2 | C19: 오동건 | D19: 레벨디자인 수정 | E19: 우리 팀은 순항중인 것 같다 | G19: 대기
B20: 3 | C20: 정수진 | D20: 에셋 찾기, 2차 기획서 검토 진행, 플밍반 수정 사항 반영 | E20: 많은 일들이 있었지만 이제는 개발을 기다리는 단계입니다! | G20: 대기
B21: 3 | C21: 우현승 | D21: 2차 기획 작업 분배, 맵 디자인 업무 지원 | E21: 1차 기획이 끝나고, 일부 인원은 필요한 에셋 매칭을 하고 나머지는 2차 기획을 시작했다. 개발속도에 따라서 2차 기획의 속도를 조절해야 하는데 어느 정도의 분량을 생각하고 기획해야 할지 예측이 아직은 안되서 조금 붕 떠있는 상태라고 느껴진다. | G21: 대기
B22: 3 | C22: 안성진 | D22: UI 제작 및 에셋 검수 | E22: 없습니다 | G22: 대기
B23: 3 | C23: 김민제 | D23: 오늘은 아이템 기획서를 작성했으며, 70% 정도 완료됐다 | E23: 3차까지 프로젝트를 하면서 느꼈는데, 본인의 경우, 작성해놓은 기획서가 뒤집어지거나 삭제 되는것에는 신기할만큼 거부감이 적다는 것을 알게 되었다. 보다 더 좋은 게임을 만들기위해 충분히 있을 법한, 있으면 오히려 좋을 경우도 있다고 생각하기 때문이다. 하지만, 요청받은 대로 작업을 했는데, 응? 이걸 왜 이렇게 하셨죠? 이러면 좀 거부감이 생기는 것을 느꼈다. 물론 pd pm입장에서 여러 기획서를 읽고 지시를 하다보면 잊어버리는 경우도 당연히 있다고 이해는 하나, 조금 지나고 나서 생각 가능한 일이다. 사고의 속도를 높이고 싶다. 오늘은 어제보다는 작업 속도가 조금은 더 만족스러웠다. 오늘은 fgt를 해야 돼서 저녁 식사 이후에 추가 작업은 한 두 시간 정도밖에 못할 것 같긴 하다. 아예 안할수도 있다 ㅎㅎ… 그러면 내일 아침에 조금 일찍 일어나서 해야겠다 | G23: 주의
B24: 3 | C24: 김영도 | D24: 보스 패턴 보스 컨셉 설계 기획 | E24: 보스가 각 특색이 한정된 애셋 안에서 각자 개성 있게 달라야 한다는 점이 좀 힘들었습니다 | G24: 대기
B25: 3 | C25: 윤동현 | D25: 오늘은 몬스터 로직 시트 내 컬럼 변경, 웨폰, 몬스터 베이스 스탯, 퍼센트, 스폰, 경험치 등 밸런싱 작업을 진행하였습니다 | E25: 시스템적으로 시트를 얼른 마무리하고 밸런싱 작업에 힘을 쏟고 싶은데 시간적으로 여유가 안되어서 어림 잡아 밸런싱을 하게 되는 상황이 생길 것으로 우려되긴 합니다... 그래도 최대한 시스템 작업을 하면서 밸런싱을 의도에 맞게끔 할 수 있도록 노력해야할 것 같습니다 | G25: 대기
B26: 3 | C26: 권수빈 | D26: 맵 디자인 | E26: 열심히 하겠습니다 | G26: 대기
B27: 4 | C27: 장근혁 | D27: 부족한 부분 파악 밑 작업분배요소 파악 | E27: 잠시 브레이크가 걸렸다. 진행중인 모든 작업을 마무리하고 세부적으로 들어가야겠당 | G27: 대기
B28: 4 | C28: 권현민 | D28: 업무산정,작업현황보기 | E28: 구체적인 개발 상황을 더 구체적으로 파악할 수 있도록 해야겠단 생각을 했습니다. | G28: 대기
B29: 4 | C29: 조준현 | F29: 작일 조퇴. 건강 체크 필요 | G29: 주의
B30: 4 | C30: 한재환 | D30: 데이터 테이블, 플로우 차트 작성 | E30: 화이팅!! | G30: 대기
B31: 4 | C31: 김현우B | D31: UI 기획 수정 | E31: 앞으로할때는 모든 버튼의 크기의 변화 규칙이나 획일화해야 작업이 많이 줄어들것 같습니다 | G31: 대기
B32: 4 | C32: 김흥규 | D32: 회의, 기획서 작성, 기획서 리뷰, 리소스 뽑기 | E32: 원하는 리소스 뽑기 너무 어려운 거 같아요~ | G32: 대기
B33: 4 | C33: 오종호 | D33: 리소스 작업하다 리소스 기획 작업으로 전환 | E33: 리소스를 뽑다가, 리소스에도 많은 기획이 필요한걸 느꼈다 | G33: 대기
B34: 4 | C34: 주재형 | D34: 번역 작업/fish data와 recipe data item 추가 | E34: 편안합니다 | G34: 대기
B35: 5 | C35: 이형진 | G35: 대기
B36: 5 | C36: 승정하 | D36: 기획팀 자체 리뷰회 참석 및 최종 컨펌 개발팀 리뷰회 회의록 작성 기획 2차 마일스톤 마감 점검 UI 리뷰회 진행 | E36: 리뷰회에서 구현 난이도 때문에 기획 수정이 필요한 상황이 나왔습니다. 초기에 기획한 것을 구현하지 못한것은 아쉽지만, 오히려 소통이 잘되고 있고, 구현에 있어서 현실적이고 생산적인 공수 계산이 개발팀에서 되고 있다는 것을 느꼈습니다. 역시 소통을 많이 하고, 결정된 사안에 대해서 문서화하는것에 대한 중요성을 느꼈습니다. | G36: 대기
B37: 5 | C37: 이가현 | D37: 에셋 리소스 조사 및 컨셉 기획 | E37: 시스템이 끝나니 긴장이 확 풀려서 머리가 안 돌아갔습니다. 균등한 집중력과 업무 속도를 유지 할 수 있도록 마인드 컨트롤이 중요하다고 생각했습니다. | G37: 대기
B38: 5 | C38: 윤유나 | D38: 오브젝트 시스템 기획서 최종 | E38: 타이트 하지 않게 일정을 짜주셨음에도 불구하고 제대로 따라가지 못하는 것 같아서 팀원들에게 미안함 | G38: 대기
B39: 5 | C39: 김재환 | D39: 오늘도 즐거운 레벨 디자인 중 입니다 드디어 오늘인가 내일 시스템이 확정이 되서 진정한 레벨 디자인으로 갈 수 있겠군요 | E39: 오브젝트랑 타일이 확정이 안나서 확정이 날 때 까지 확정 된 것들로 연습 중이였지만 많이 어렵네요 경험 기획 타일, 오브젝트 배치 데드락 확인 공략법 작성 등 할 일이 너무 많아용 살려주세요 | G39: 대기
B40: 5 | C40: 이동우 | D40: 오늘은 어제 분석했던 게임을 바탕으로 우리 게임의 스테이지별 난이도 설정과 그에 맞는 기획의도를 작성하는 시간을 가졌다. | E40: 행복합니다. 화이팅 | G40: 대기
B41: 5 | C41: 신석균 | D41: 오브젝트 시스템 통합 정리 및 수정 | E41: 시간이 ..... | G41: 대기
B42: 6 | C42: 손호진 | D42: 오늘도 플밍반에서의 변동이 어느정도 있어서, 일정 조정을 염두에 두고 작업했습니다. 추가로 이후에 있을 QA와 마케팅에 관해서도 어느 정도 준비를 했습니다. | E42: 일단은 기획반에서 할 수 있는 최대치를 해서 플밍반의 부담을 덜어내는 게 최우선 목표라고 생각합니다. | G42: 대기
B43: 6 | C43: 박영성 | D43: 팀의 이슈 대응에 집중 및 프로그래밍 반 진행 상황을 판단했습니다 | E43: 플밍반에서 인원이 많이 빠져나갔습니다. 25일자 기획팀장이 나가시고, 26일자 한분이 더 나가셔서, 구현 일정에 무리가 안계실지 걱정이 크고 이에 대해 대비해나가려 하고 있습니다... | G43: 대기
B44: 6 | C44: 맹지훈 | D44: 마케팅 논의, 게임 로고 시안 작업, 영상 아이디어 구현 가능성 확인 후 전달. | E44: 상황이 점점 어려워 지는 것 같지만 끝까지 해보겠습니다. 이전 프로젝트에서 시도해본 경험들을 오늘 양껏 활용한 것 같습니다. | G44: 대기
B45: 6 | C45: 김태훈 | D45: UI 와이어프레임 계속 수정. 팀과의 대화 | E45: 화이팅하겠습니다 | G45: 대기
B46: 6 | C46: 송아영 | D46: 장비리소스ㅎㅎ | E46: 살려주세요!살려주세요!살려주세요!살려주세요!살려주세요!살려주세요!살려주세요!살려주세요!살려주세요!살려주세요!살려주세요!살려주세요!살려주세요!살려주세요!살려주세요!살려주세요!살려주세요!살려주세요!살려주세요!살려주세요!살려주세요!살려주세요!살려주세요!살려주세요!살려주세요! | F46: 지속적인 멘탈 체크 필요 | G46: 주의
B47: 6 | C47: 이찬규 | D47: 마케팅 초기 구상, itch.io에 필요한 내용 정리, 최악의 상황에 대비하기 | E47: 파괴의 미학 실현 | G47: 대기
B48: 6 | C48: 한지우 | D48: 기획서 수정안 마무리작업과 장비 관련 대응준비 | E48: 대응하는건 자신이 없지만 예상질문 추려내는것도 사람마다 달라서 잘모르겠습니다 | F48: 미진자 지속 체크 필요 | G48: 주의
B49: 7 | C49: 김민수 | D49: 오늘 논의를 했습니다 이제 슬슬 기획 할 일이 적어지는데 어떤 것을 진행할지 고민해야겠습니다 | E49: 팀장이라는 무게가 무거운 거 같습니다.. 제가 잘하고있는지 모르겠습니다 | G49: 대기
B50: 7 | C50: 이정헌 | D50: 프로그래밍반과 논의, 기획문서에 공통적으로 반영되어야 할 것 추가 및 공지하기, 팀장과 팀방향성 및 프로젝트 방향성 논의하기. | E50: 정말 소통이 중요한 프로젝트 같습니다. 어떻게 소통하냐에 따라서 분위기나 문서작성비용, 의사소통비용 모두 엄청차이가 나는것 같습니다. | F50: 플밍에게 전달하는 방식에 대한 자신감 하락 | G50: 주의
B51: 7 | C51: 이승구 | D51: 와이어프레임 작성 연출 피드백 보스 디자인 문서 V2 | E51: 심란한 하루였습니다. | F51: 플밍에게 전달하는 방식에 대한 자신감 하락 | G51: 주의
B52: 7 | C52: 채지형 | D52: 데이터 테이블 작성, 기획리뷰, 플밍분들과의 소통? | E52: 데이터 테이블 작성, 팀 내에서 피드백이 확실해서 편합니다. | G52: 대기
B53: 7 | C53: 곽용준 | D53: UI 기획서 피그마 PPT 작성 | E53: 연출-곽용준 와이어 프레임-이승구님 으로 나눠서 작업 | G53: 대기
B54: 7 | C54: 이도건 | D54: 오늘은 프로그래밍 담당 인원분에게 전달해드릴 데이터테이블 작업을 시작했습니다. 데이터 테이블이라는 부분에 대해서 처음 작업하다보니 솔직히 조금 막막했습니다. 하지만 프로그래밍 인원분과 이야기를 나누고 방향성에 대해서 들으니 조금 알 것 같아 잘 만들지는 못하지만 작업 중에 있습니다. | E54: 매일 매일이 처음 같은 작업들이어서 조금 힘에 부치긴 하지만 마지막까지 최선을 다하겠습니다. | G54: 대기
B55: 7 | C55: 이균호 | D55: - 스테이지 컨셉 기획 - 스테이지에 사용될 애셋 리스트업 | E55: 오늘은 정말 하루 죙일 유니티에서 애셋만 뒤져봤다. 눈이 빠질 거 같다... | G55: 대기
B56: 7 | C56: 최선동 | D56: 너무 힘들었다. 시스템을 설계하는데 모든 테이블을 하나의 테이블로 연동시켜야하는 작업이 필요해서 그거에 대한 논의에 시간을 굉장히 많이 사용했다. 시스템은 아무리 완벽하게 하려고 노력해도 결국에는 필요한 부분이 생기는 것 같다고 느꼈다. | E56: 내일 불금~! 화이팅 하겠습니다! | G56: 대기
B57: 8 | C57: 예인해 | D57: 기획서 컨펌 및 팀내 회의. 작업 배분, 기획서 리뷰. | E57: WBS보면 마음이 편해집니다. 1차 마일스톤이 내일까지였는데 오늘 전부 완료가 되었읍니다. 야근 없이!(메카 시온님 빼고) | G57: 대기
B58: 8 | C58: 이도민 | D58: UI 기획 진행 상황 체크 / 프로토타입 개발 진행 상황 체크 / Notion 작업 현황 업데이트 | E58: 없습니다 ! | G58: 대기
B59: 8 | C59: 김시온 | D59: 데이터 테이블 가이드 업데이트. 데이터 흐름 기획서 작성 완료. | E59: 드디어! 시스템 기획서가 1차로 끝났습니다! 와! 쓸 때 힘들긴 했지만 작성된 문서를 보니 뿌듯하네요 ㅎㅎ | G59: 대기
B60: 8 | C60: 이준혁 | D60: 테이블작성, 무한밸런싱 | E60: vs 튜토리얼 30,000전 / vs 1스테이지 40,000전 / vs 2스테이지 80,000전 / vs 3스테이지 100,000전 | G60: 대기
B61: 8 | C61: 이승진 | D61: UI 와이어프레임 작업 | E61: 요며칠 과부하 걸릴 정도로 프로젝트에 몰두하면서 상대방을 배려하지 못했던거 아닌가 같은 생각이 많이 들었습니다. 알게모르게 절 기피하는 팀원이 있는거 같기도 하면서도, 제가 너무 민감하게 생각하는거 아닌가 같기도 하고 그렇네요. 한가지 확실한건 제 의견을 조금 피곤하게 여기거나, 저를 대하는걸 조금 어렵게 여기는건 맞는거 같아서 오늘은 제 기준을 최대한 낮추고 최대한 부드럽게 소통하려고 노력했습니다. 하지만 그렇다보니 다시 예전처럼 말수가 적어지게 되네요. 말을 최대한 고르고, 다시 고르고 하다보니 어쩔수가 없지만요. UI 작업은 이번이 처음이나 다름없는데 간단하게 와이어프레임 구조만 잡아도 고려할게 산더미라 굉장히 어렵다고 느끼고 있습니다. 재료가 전부 주어지는 피그마 UI 실습과 유니티 UI 실습보다 좀 더 근본적으로 파고들어야해서 만만찮은거 같습니다. 기획서를 전달하는 방향에 대해서도 부족함을 많이 느끼면서도 많이 배웁니다. 수정사항을 어떻게 전달해야하는가? 이게 생각보다 매우 중요한 고민이더라고요. 기획서 버전업 할때마다 일일히 다시 처음부터 읽어달라고 할순 없으니까요. 더불어 잘게 쪼개지다못해 파편화된 기획을 플밍에게 전달하는것도 참 어려운거 같습니다. 더불어 플밍반은 플밍 작업 특성상 그런지는 모르겠는데 서로간의 소통이 좀 적은 편인거 같습니다. 그래서 뭔가 소통할때마다 말을 해석하기 어렵다고 할까요? 명확하게 해달라는거 같은데 그 말 자체가 저에게 되게 추상적으로 다가와서 뭘 명확하게 해달라는건지 감을 못잡겠어서 소통하다보면 정말 많은 생각이 들게 합니다. 개인적으로 이번 프로젝트 하면서 제 약점과 강점이 이제야 좀 명확하게 보이는거 같습니다. 저는 생각보다 말을 그렇게 못하는 사람도 아니지만 감정 조절이 좀 안되는 성향이긴 하더라고요. 화가 나든, 멘탈이 나가든 한번 감정이 오르면 회복되는데 시간이 너무 오래 걸립니다. 자책하는 경향이 심한건 저 스스로도 인지하고 있습니다. 하지만 쉽게 고쳐지진 않네요. 기획자를 지망하는 사람으로서는 아직도 부족한 점이 산더미 같습니다. 벌써 네달이 지나갔는데 기획서를 작성하는게 아직도 많이 어렵네요. 그래도 하루하루 배우는것도 많고, 깨우치는 것도 많아서 이러한 경험 자체가 참 귀중합니다. 내일은 내일대로 난관에 봉착하겠지만 그래도 내일은 좀 더 잘할수 있을거 같기도 해요. 다음 면담때는 좀 더 준비된 모습 보여드리고 싶지만 그럴진 모르겠네요. 지난번처럼 아무런 진로조차 없이 과정에 대한 소감만 늘어놓진 않겠지만 제가 정한 진로 자체가 그렇게 특별하진 않습니다. 진로에 따른 포트폴리오는 아직 하나도 준비되지 않았고 어느 회사를 목표로 할건지도 사실 명확하진 않습니다. 그저 지난 면담보다는 그래도 좀 더... 제 지향점을 좀 더 편하게 들려드릴순 있겠다 정도네요. 아직은. 이야기가 너무 멀어졌는데 다시 프로젝트에 집중하겠습니다. | F61: 응원 필요 | G61: 주의
B62: 8 | C62: 김윤규 | D62: 에셋 작업 마무리, 스테이지별 내러티브 완성, 연출 기획서 작성 | E62: 살자 제발 | G62: 대기
B63: 8 | C63: 김범진 | D63: 테이블 시트 작성 및 수정, 맵 리소스 그리기 | E63: 오늘도 무사히 하루를 마쳤습니다. 감사합니다. | G63: 대기
B64: 8 | C64: 배주빈 | D64: 03/26 오늘 해야할 일 1. 에셋 작업 마무리 (오전까지) 2. 연출 계획서 작성 3. 오전 착수 작업 순서 1. 에셋 마무리 작업 1-1. 사신 버프&디버프 레퍼런스 정리 1-2. 가로 500 X 세로 700 1-3. 이벤트 보상 아이콘을 픽셀풍으로 이미지 생성 a. 지피티 -> 재미나이 -> 안티그래비티 순으로 토큰을 전부 소모 후 다음 ai로 넘어감. 2. 연출 기획서 작업 (12:52부터 시작) 1-1. 각씬의 연출 오후 착수 작업 순서 1. 최종보스 연출 기획서(내일까지 천천히) 1-1. 보스별 연출 슬라이드 제작 1-2. 연출 아이디어 슬라이드 추가 및 2. 보스별 SFX 제작 2-1. 웨어울프 9종 (일부 직접 녹음) 2-2. 사신 15종 내일 해야할 일 1. 연출 기획서 작성 2. 고정된 퍼즐 위치&튜토리얼 데이터 테이블 찍기 | E64: 오늘도 마무리되었네요 | G64: 대기
B65: 9 | C65: 서진호 | D65: 오늘은 37.3도로 많이 나아졌습니다. 그냥 열이 좀 느껴지고 그런 정도로 그쳐서 다행이네요 진행한 작업은 프로그램팀 분들과 좀 더 소통을 했고, 팀 분들과 소통 그리고 승주님 문서의 피드백, 원우님 피드백은 짧게 진행했으며 오후 마지막 시간에는 잘게 쪼개져있던 파일들을 하나의 파일로 병합하는 작업을 하고 있습니다. 그리고 내일은 서로간에 작성했던 기획서를 리뷰하는 시간을 가지며 현재 구현된 기능의 QA를 간단하게 작업, 2차 마일스톤 선정, 업무 분담 등의 작업을 할듯 합니다. 그리고 금일 업무 외의 시간에 간단한 QA용 테스트 케이스를 작성할 예정입니다. | E65: 걱정했던 것과 달리 경민님께서 감을 잡고 계십니다. 아마 조만간 좋은 결과물을 만들어주시지 않을까 생각합니다. 팀 분들께 항상 감사하고 죄송한 기분입니다. 정말 수고 많으셨습니다. | G65: 대기
B66: 9 | C66: 강태성 | D66: 데일리 스크럼, 원우님과 소통, 2차 마일스톤 및 WBS 산정 준비, 내일 일정 전파, 테스트 케이스 전달 | E66: 한 5일 동안 저녁 밥을 매우 천천히 먹게 될지도... | G66: 대기
B67: 9 | C67: 박민규 | D67: 오늘은 어제 작성한 플로우 차트에 대해 설명서를 적는 작업을 했습니다. | E67: 오늘은 특이사항 없습니다 | G67: 대기
B68: 9 | C68: 김경민 | D68: 플로우 차트 작성, UI구조도 작성 | E68: - | G68: 대기
B69: 9 | C69: 박원우 | D69: 총괄기획서 재정립 회의후 기획서 취합 | E69: 화이팅 | G69: 대기
B70: 9 | C70: 고승주 | D70: 타일맵 기획서 v1.1.0, v1.2.0 타이머 기획서 v.1.1.0 게임 구조에 대한 파악, 플머팀 진행상황 및 개념 통일 차원 회의 진행 | E70: 시스템 기획을 위해 프로그램에 대해 얼마나 알아야 하는지, 만약 아는 정도가 프로그래머와 다르다면 어떻게 해야하는 지에 대해 고민했습니다. 기획서를 쓰기 위해 틀이 되는 구현도가 갖춰져 있어야 하는 줄 알았는데, 플머분들은 제 기획서를 바탕으로 틀을 구성하고 계셨더군요, 빈틈 없고 구체적이고 느낌이라고 하더라도 전부 제대로 전달해야 함을 깨달았습니다. 더 자세한 표현과 느낌을 주석에 달아 기획서에 남기고 있습니다. | G70: 주의
B71: 9 | C71: 임동균 | D71: 평판 시스템 정리하고, 세부 시스템들을 나눠서 작성하였다. 기존 작성한 시스템들도 양식 통일하고, 내용 최신화하고, 중복되거나 서로 충돌되는 내용을 검토하였다. | E71: 바쁜데 머리도 아프니 정말 힘들었다.. 그래도 할 수록 재미는 있는데, 기획이 너무 불완전해서 프로그래밍반 동료분들께 너무 미안한 마음이 들었다.. 조금이라도 빨리 기획을 시작했다면, 혹은 조금 더 쉬운 기획이었다면 하는 맘도 들지만 이것도 성장을 위한 경험치라 생각하고 더 열심히 해야겠다 생각했다. 특히 타이쿤이 뭔가..시스템을 나누는게 너무 방대하고 어렵고 그런거같다..ㅠㅠ | F71: 기획에 대한 불안감이 있음. 내일 면담 고려 | G71: 주의
B72: 10 | C72: 장호윤 | D72: 오늘은 신나는 도트 찍기와 게임 내 사운드, 아트, UI 등 컨펌 시간을 가졌습니다 | E72: 강사님과 매니저님 TS 뽑을 생각에 너무 행복합니다 | G72: 대기
B73: 10 | C73: 천영현 | D73: WBS, 원페이지 기획서 최신화 아트, 사운드 작업 마무리 단계 | E73: 팀별로 데이터 시트를 최종적으로 담당하는 사람이 필요 -> 혼자하니 업무량이 많아서 감당이 안됌 | F73: 팀의 업무 과다로 보임. 피로도 체크 | G73: 주의
B74: 10 | C74: 이영우 | D74: 사운드 에셋 찾았습니다. | E74: 작업하고 싶습니다. 에셋 그만 찾고 싶습니다. 너무 힘듭니다. 기획서 쓰고 싶습니다. 젭에서 화면 공유를 하면 유니티 소리가 공유되지 않습니다. | F74: 팀의 업무 과다로 보임. 피로도 체크 | G74: 주의
B75: 10 | C75: 홍태광 | D75: 시작 화면, 로비 화면, 와이어프레임 작업 후 유니티 UI 작업 | E75: 체력이 조금씩 떨어지는게 느껴지는 하루였습니다.. | F75: 팀의 업무 과다로 보임. 피로도 체크 | G75: 주의
B76: 10 | C76: 정재훈 | D76: 아트작업, 도트찍기 | E76: 수많은 에셋이 있음에도 에셋이 부족하군요 으윽 3d 디펜스겜을 했어야하나 싶은 생각입니다 | G76: 대기
B77: 10 | C77: 한의호 | D77: 캐릭터 이펙트 선정 | E77: 제한된 에셋 내에서 컨셉에 맞는 이펙트를 고르느라 시간이 너무 오래 걸렸습니다. 아트 팀의 존재가 얼마나 중요한 존재인지 뼈저리게 느껴집니다. | G77: 대기
B78: 10 | C78: 정재용 | D78: 맵 컨샙 마무리, 직업 별 SFX 에셋 확인 및 검토 | E78: 직업 별 SFX를 찾고 이야기 하는데 시간이 꽤 많이 잡아먹혔네요.. 그래도 아직은 여유 있고 괜찮다고 하시니까 믿고 따라가 보는 수 밖에 없는 것 같습니다. 10팀 파이팅! | G78: 대기
B79: 개인 | C79: 김지훈 | D79: 우분투가 작업 내용이 날라가는 오류가 있어, 아무리 세팅해도 되지않아, 다시 윈도우로 옮기고 있다.. | E79: 거듭 쌓인 스트레스와 피로 때문에 집중력이 낮아진 거 같다. 좀 쉬어야겠다 | G79: 대기
B80: 개인 | C80: 이석훈 | D80: 옆팀 데이텉테이블 도와주기 | E80: 어려운건가? | G80: 대기
B81: 개인 | C81: 조현일 | D81: 여전히 스프라이트와 이벤트 씬 CG로 고전한 날입니다. 다만 유니티 안에서 넣고 시험 구동하며 유의미한 결과를 얻은 날인 거 같습니다. | E81: 아마 곧 들어가는 DB작업에서는…. 열정을 불태워야 할 거 같습니다. | G81: 대기

Sheet 0327
B2: 날짜 | C2: 46108
B4: 팀 | C4: 이름 | D4: 작업량 | E4: 한마디 | F4: 비고 | G4: 상태
B5: 1 | C5: 강유민 | D5: {=IF($C5:$C999="","", IFERROR( VLOOKUP( $C5:$C999 & "│" & TEXT($C$2,"yyyy-mm-dd"), SORT({ '설문지 응답 시트1'!$B$2:$B999 & "│" & TEXT('설문지 응답 시트1'!$D$2:$D999,"yyyy-mm-dd"), '설문지 응답 시트1'!$E$2:$E999, '설문지 응답 시트1'!$A$2:$A999 }, 3, FALSE), 2, FALSE ), "" ) )} -> 기획서 검토 및 빌드 현황 파악. 업무 재분배 및 일정 조율 | E5: {=IF($C5:$C999="","", IFERROR( VLOOKUP( $C5:$C999 & "│" & TEXT($C$2,"yyyy-mm-dd"), SORT({ '설문지 응답 시트1'!$B$2:$B999 & "│" & TEXT('설문지 응답 시트1'!$D$2:$D999,"yyyy-mm-dd"), '설문지 응답 시트1'!$F$2:$F999, '설문지 응답 시트1'!$A$2:$A999 }, 3, FALSE), 2, FALSE ), "" ) )} -> 팀의 소음을 잠재우기 위해 1차 빌드 일정을 당겼었습니다. 효과적이었습니다. 평화로운 날이 왔네요. 거봐 괜찮다니까 ㅠ 하지만 혹시 모르니 다음 이슈를 대비해야겠습니다. | G5: 대기
B6: 1 | C6: 이유송 | D6: 회의 진행, 작업 진행 현황 체크, 대본 로컬라이징 작업 | E6: 기억 나지 않습니다만 금요일이라서 기분이 좋았습니다. | G6: 대기
B7: 1 | C7: 이동현 | D7: 데이터 테이블 구조 정리 및 장비, 강화 등 각종 테이블 컬럼 작성 | E7: 감기는 나의 원수, 감기를 없앱시다. | F7: 감기 이슈 체크 | G7: 주의
B8: 1 | C8: 정우경 | D8: 스킬 상세 조정, 데이터 테이블 작업 | E8: 소통이란 어려운 것이다. 사람을 대하는 것도 쉽지 않은 것이다. 더 잘하고 싶다면 끊임없이 나를 돌아봐야 할 것이다. | G8: 대기
B9: 1 | C9: 김현우A | D9: 3-27 아이콘 수정 완료 업데이트 완료-크기, 누끼따기(배경재거) 완료 서현님 하고 ui 아트생성 상점 판매 아이템 동현님과 협의 필요 ui 작업 에셋 필요ui 레벨업 후 선택지 데이터 테이블? 레벨업 후 선택지 백그라운드 ui 게임 이용할 폰트 영어, 숫자 폰트 위주 한글 고려 안해도 어떤 느낌의 나눔고딕 도트 느낌의 폰트 추천 영문 https://www.dafont.com/early-gameboy.font https://assetstore.unity.com/packages/2d/fonts/pixel-font-tripfive-64734 한글 https://noonnu.cc/font_page/800 갈무리9 선택지 전용 ui 폰트 필요-한글 폰트 폰트 선택후 드라이브 넣기 -------------------------------------------------------------------------------------------- 최종보스 방 기회서 최종 보스패턴 설계 공격패턴 컨셉이미지(이미 있음) 스킬 기회서 비슷하게 작성 공격 패턴 앨리트보스 몹 스킬-4개 그중 3개는 던전 고유 보스 스킬 사용 마지막 1~2~4 개만 설계 보스 패턴 나오면 프로토 타입을 만들어야 하니 자세한 설명이 필요 컨셉이미지 참고 | E9: 개발에 속도가 나오고 있다 | G9: 대기
B10: 1 | C10: 정석현 | D10: UI 리소스 서칭 로딩 화면 프로토타입 제작 튜토리얼 룸 UI 구현 (진행중) | E10: 피그마에서 텍스트에 애니메이션을 입히는 법을 배우려했는데 그냥 플러그인을 쓰기로 했다. 분명 그대로 따라한거같은데 왜 안될까!!!!!! 플밍반 분들의 성과를 보니 다시 힘이 나는 것 같다. 화이팅~~~~~~~~~ | G10: 대기
B11: 1 | C11: 임소영 | D11: 튜토리얼 기획서 작성 | E11: 튜토리얼 기획서 작성 | G11: 대기
B12: 1 | C12: 박현수 | D12: 스킬테이블 회의관련해서 4시간은 쓴거같네요... 어렵읍니다 정규화.... 그치만 재미가있다고 느껴지는데 이상한건아니겠죠? | E12: 작업에 집중하다보니 시간이 삭제가 되네요 좋은결과물 나왔으면 좋겠습니다 | G12: 대기
B13: 2 | C13: 김서현 | D13: 스테이지 3 제작 진행 (동건님께 인수인계) 동건님 레벨 디자인 기획서 피드백 해찬님 UI 기획서 피드백 시드콩(NPC) 애니메이션 및 스프라이트 작업 (Idle) | E13: 마찬가지로 각자의 위치에서 최선을 다해주고 계신 것 같아서 좋습니다. 할 일을 달라고 하지 말았어어야 했다... 레벨 디자인을 동건님께 드리고 도울 일을 찾았는데 ㅠㅠ 애니메이션을 도와드리게 됐습니다.. 화이팅... | G13: 대기
B14: 2 | C14: 김태환 | D14: 작업 정리, 사운드 제작 | E14: 슬슬 작업이 밀리는 느낌. AI 쉐이딩작업이 갑자기 추가되어서 어떻게 될지 모르겠음... 이거까지 해야 게임이 예뻐보일거 같긴한데... | G14: 대기
B15: 2 | C15: 장윤우 | D15: 에스트 wakeup1, wakeup2, 시드 idle, walk, sit_idle, standup, 스프라이트 제작 | E15: 슬슬 궤도에 올라가는 것 같습니다 2팀 최고야! | G15: 대기
B16: 2 | C16: 유해찬 | D16: 로비,인게임 사운드 종류선택 가능하게 변경, 팀로고 추가 | E16: 하루빠졌더니 아무것도모르게따! | G16: 대기
B17: 2 | C17: 박기은 | D17: 오늘은 타일, 나무, 장애물, 핑의 작업을 끝냈습니다. | E17: 와 금요일이다~!! | G17: 대기
B18: 2 | C18: 이원홍 | D18: 기획에 대하여 생각해보기 | E18: 수고하셨습니다. | G18: 대기
B19: 2 | C19: 오동건 | D19: 2스테이지 레벨디자인 최종본 완성 3스테이지 레벨디자인 시작 | E19: 도화지가(맵이) 넓어지니까 백지 상태에서 레벨디자인을 시작할 때 뇌정지가 온다... | G19: 대기
... B22: 3 | C22: 안성진 | D22: 밸런스 테이블 컬럼 확정 | E22: 없습니다 | G22: 대기
B23: 3 | C23: 김민제 | D23: 일단 1차 기획서는 오늘로써 마무리 되었고 주말 + 월요일날 sfx 를 찾기로 하였다. | E23: 게임의 컨셉이 자꾸 바껴서 그런지 아직도 제목이 없다... | F23: 계속 바뀌는 내용에 대한 불만이 약간 있음 | G23: 주의
B24: 3 | C24: 김영도 | D24: 오늘 3스테이지 보스 기획이랑 에셋 찾아봤습니다. | E24: 없습니다 | G24: 대기
B25: 3 | C25: 윤동현 | D25: 오늘은 소모품 시트 추가 및 테이블 전체적인 컬럼 수정 및 추가 작업을 진행하였습니다 | E25: 드디어 시스템적인 테이블 시트 작성은 거의 끝이 난 거 같고 .... 앞으로 게임이 나오면 밸런싱 작업을 추가로 해야하는데 벌써부터 막막한 것 같습니다 ... 이번 프로젝트에서의 밸런싱 작업을 제대로 해보며 더 진하게 경험해보고 싶습니다 | G25: 대기
B26: 3 | C26: 권수빈 | D26: 맵 디자인, 기획서 작성 | E26: 열심히 하겠습니다. | G26: 대기
B27: 4 | C27: 장근혁 | D27: 2차 마일스톤 구체화 | E27: 머리가 뜨끈뜨끈허이 장난이 아닙니다 | G27: 대기
B28: 4 | C28: 권현민 | D28: 업무/일정관리 | E28: PM이 되는 길은 멀고도 험한 것 같습니다.. | G28: 대기
B29: 4 | C29: 조준현 | D29: 오늘도 물고기와 음식을 만들다 | E29: 야다.. | G29: 대기
B30: 4 | C30: 한재환 | D30: 데이터 테이블 수정 | E30: 어렵네요... | G30: 대기
B31: 4 | C31: 김현우B | D31: 게임제목, 게임개요 UI 피드백 수정, 회의 | E31: 열심히하겠습니다. | G31: 대기
B32: 4 | C32: 김흥규 | D32: 회의, 기획 리뷰, 기획서 수정 | E32: 비법소스보다 리소스! | G32: 대기
B33: 4 | C33: 오종호 | D33: 연출 기획서를 만드는 중이다 | E33: 연출 기획이 이 정도로 많은 고민과 생각을 해야하는 줄 몰랐다. 전 프로젝트들 처럼, 리소스 뽑고 프로그래머들한테 넘기고 궁금한거 질문 받는 정도로 생각한건 큰 오산이었다. | G33: 대기
B34: 4 | C34: 주재형 | D34: localization 완료/밸런스 기획 시작 | E34: 팀 내 작업 노선의 정리가 필요한 거 같습니다. | G34: 대기
B35: 5 | C35: 이형진 | D35: 레벨디자인 가이드 문서 폴리싱, 리소스 탐색, 세계관 피드백 오늘은 조금 평탄하게, 휴식기를 가졌습니다. | E35: 오늘은 잘 쉬었습니다. | G35: 대기
... B47: 6 | C47: 이찬규 | D47: 이슈 대응, 아트 리소스 리스트업 관리 | E47: 내일은 내일의 태양이 뜰 테니까 | G47: 대기
B48: 6 | C48: 한지우 | D48: 플밍팀의 구현을 기다리며 제가 기획한 부분을 읽으며 대응 준비중입니다 | E48: 질문이 많이 들어올까봐 떨립니다 ㄷㄷㄷ | F48: 미진자 | G48: 주의
B49: 7 | C49: 김민수 | D49: 논의가 길었습니다 프로젝트가 완수되지 못했을 때의 대비책을 생각했습니다 | E49: 기획서에 한글자한글자 필요한 정보만 잘 담아야ㅎ겠다는 생각이들었습니다 캐릭터라는 3글자가 논의시간 1시간을 빼먹었습니다 | G49: 대기
B50: 7 | C50: 이정헌 | D50: 팀장님과 프로젝트간 향후 방향성 논의하기, 강사님과 상담?하기 | E50: 제가 가진 고민이나 어려움이 엄살이나 투정처럼 보여지지 않을까 하는 생각에 여러움에 대해 강사님들께 도움을 요청하지 못하는 부분이 있는것 같습니다. 실제 그렇게 생각하시지 않으리라 믿어 의심치 않지만, 뭔가 묘하게 마음이 불편한 부분이 있습니다. | F50: 2차 면담 우선 대상으로 올려두겠습니다. | G50: 대기
B51: 7 | C51: 이승구 | D51: 1. UI용 애셋 RnD 및 배치 2. 1스테이지 보스 애셋 전달 | E51: 잘 모르겠습니다. | G51: 대기
B52: 7 | C52: 채지형 | D52: 타일맵 학습, 타일맵을 통한 에셋 조합, 데이터테이블 | E52: 서로 소통 열심히하기, 모호하게 하지말고 확실하게 전달하기 | G52: 대기
B53: 7 | C53: 곽용준 | D53: 기획서 피드백 반영 | E53: 주말입니다! | G53: 대기
B54: 7 | C54: 이도건 | D54: 오늘 몬스터 디자인, 컨셉 디자인을 진행하였습니다. 이후에는 프로그래밍 반 쪽에서 에셋을 추출하는 것이 우선이라고 말씀해주셔서 에셋 추출하는 작업을 진행하였습니다. | E54: 마지막 시간에 프로그래밍반 작업 내용 공유를 들으면서 구현 관련 질문을 해주셨는데 그 부분에서 시작되어 긴 이야기를 나누다보니 저희 기획에 구현에 있어서 오류가 있는 기획 부분이 있다는 것을 알게되었습니다. 그래서 추후 다시 협의 후 제대로 수정하여 의견을 취합한 후 빠르게 전달드릴 것을 말씀드렸습니다. 예상보다 훨씬 긴 시간 동안 얘기하며 보냈지만 마지막엔 저희 모두가 수긍한 점은 이런 시간이 없었으면 나중에 더 돌아갔을 것이다라는 점이었습니다. 더해서 앞으로는 정말 작게 돌아가는 것도 시간상 여유가 없으니 아주 조그마한 변경이 발생하면 그에 대해 공유하고 소통하자는 의견으로 오늘 하루가 마무리 되었습니다. 확실히 팀간의 소통이 매우 중요하구나 다시금 느낀 하루였습니다. | G54: 대기
B55: 7 | C55: 이균호 | D55: - 벽 애셋 리스트업 - 방 시스템 기획서 작성 | E55: 오늘 마지막 교시 때 큰 사건이 있었다. 소통의 오류로 하마터면 크게 돌아갈 뻔한 해프닝이 있었다. 변경된 기획을 제대로 전달 못해줘서 생긴 간극이었다. 거의 30분의 이야기가 오간 끝에 겨우 그 간극을 메꿀 수 있었다. 팀 구성원이 모두 같은 방향을 보는 건 정말 중요하다. 그리고 그게 바로 가장 어려운 일이다. | F55: 마지막 교시에 김민수 학생이 잘 정리해서 해결했습니다. | G55: 대기
B56: 7 | C56: 최선동 | D56: 기획서 수정 및 추가 + 에셋 작업 | E56: 힘들지만 화이팅하겠습니다. 프로그래머에게 이해가 되기 쉬운 기획서를 작성할 수 있도록 | G56: 대기
B57: 8 | C57: 예인해 | D57: 마일스톤 마감 확인 및 기획서 리뷰, 컨펌, 회의 진행 | E57: 생각한 것 대로 일정이 딱딱 맞아 떨어져서 굉장히 만족중입니당 | G57: 대기
B58: 8 | C58: 이도민 | D58: WBS 최신화 / 기획·개발 건강 및 일정 체크, 팀 내 불만 및 개선 사항 체크 | E58: 없습니다 ! | G58: 대기
B59: 8 | C59: 김시온 | D59: 리소스 찾기, 데이터 테이블 수정하기 | E59: 행복합니다. | G59: 대기
B60: 8 | C60: 이준혁 | D60: 밸런싱 | E60: 마일스톤 상 1차 목표치에 도달한 뒤, 조금 루즈해졌습니다. 주말엔 다른 팀 작업이라도 도와볼까 합니다. | G60: 대기
B61: 8 | C61: 이승진 | D61: UI와이어프레임 설계 및 기획리뷰 | E61: 오늘은 작업도 작업이지만 관계회복에 힘쓰려고 노력을 많이 한거 같습니다. 최대한 상대방의 의견을 존중하면서도 방향이 맞는지 조심스럽게 체크하는 방향으로 의견을 나눴죠. 근데 PM과 상담한 결과 제가 우려했던것만큼 팀원들과 사이가 나빴던건 아닌거 같아서 한시름 놓기도 했습니다. 기획리뷰는 수정사항을 정리한다음 진행했다보니 수월했습니다. 더불어 말로 나눈 대화는 휘발될수밖에 없기때문에 수정사항은 플밍분께 따로 전달하기도 했습니다. 기획서를 잘 쓰는것 만큼이나 전달하는것도 정말 중요하지 않을까 생각합니다. 더불어 플밍이 요구하는 사항에 대해서도 잘 귀담아듣고 판단하는게 중요할듯 싶었네요. 그래도 매일 한걸음 나아가고 있는거 같기도 합니다. 기획이 되었든, 소통이 되었든 확실히 늘고 있다는게 스스로도 체감됩니다. 필연적으로 발생할수밖에 없는 마찰을 방지하는것도 중요하지만, 그보다 더 수습하는게 중요하다는걸 이번 프로젝트에서 배우고 실천한것만으로도 많이 나아갔다 생각하네요. 늘 신경써주셔서 감사합니다. | G61: 대기
B62: 8 | C62: 김윤규 | D62: 연출 기획서 마무리, 에셋 완료 | E62: 행복해요 | G62: 대기
B63: 8 | C63: 김범진 | D63: 지도 리소스, 캐릭터 리소스 그렸습니다. | E63: 오늘 하루도 행복하시길 바랍니다. ㅎㅎ | G63: 대기
B64: 8 | C64: 배주빈 | D64: 오늘은 내 생일~! 오늘 해야할 일 1. 연출 기획서 마무리하기 2. 튜토리얼 고정된 퍼즐 위치 찍기 3. 튜토리얼 고정된 퍼즐 위치 데이터 테이블 찍기 데일리 스크럼 1. 버프&디버프별 에셋 아이콘 ->전투 UI와 일반 UI로 문서 분할 오전 작업 착수 순서 1. 연출 기획서 작성 1-1. 문서의 몬스터의 스킬명은 게임에 출력되지않음 1-2. 약공격 - !, 강공격 - !!, 필살기 - !!! 식으로 느낌표의 수로 표현 -> 몬스터의 스킬명을 느낌표로 화면에 출력 2. 보스 스테이지별 공격모션 캡쳐 오후 작업 착수 순서 1. 연출 기획서 마저 작성 1-1. 보스별 전투연출 1-2. 스테이지별 전투연출 1-3. 망국의 왕 전투모션 2. 튜토리얼 고정된 퍼즐 위치 찍기 1-1. 시온님께서 찍어 놓으신 퍼즐판 차용 1-2. 튜토리얼 설계 문서에 '튜토리얼 고정 퍼즐 위치'으로 슬라이드 작성 3. 연출 기획서 1차 컨펌 4. 튜토리얼 고정된 퍼즐 위치 1차 컨펌 5. 튜토리얼 고정된 퍼즐 위치 2차 컨펌 6. 튜토리얼 고정된 퍼즐 위치 3차 컨펌 7. 연출 기획서 2차 컨펌 8. 공용 리소스 한글명을 영어명으로 변경(윤규님과 함께 진행) 2-1. 변경 목록 에셋 목록 데미지 스킨 - Demage Skin 퍼즐 아이콘 - Puzzle Icon 이벤트 보상 아이콘 - Event reward Icon 오크족 배경 - ORC BG 사신 - Sasin BG 유물 보상 에셋 - Relics Reward 고전풍 UI 에셋 - UI2(Gogan) 픽셀풍 UI 에셋 - UI 1(Pixel) 몬스터 및 개릭터 에셋 - Monchac Asset 외부에셋목록 - Webuasset 미생체 폰트 - Missang 오후 데일리 스크럼 1. 연출 기획서 1-1. 모션별 지속시간 내일 해야할 일 1. 연출 기획서 - 지속시간 명시 2. 고정된 튜토리얼 퍼즐 위치 데이터 테이블 찍기. 손목 아령 스트레칭 1. 손목을 위로 아래로 2. 팔목을 뒤집어서 위아래로 3. 다시 원래대로 뒤집어서 양옆으로 돌리기 | E64: 생일에 맞춰 주말이라 행복합니다 | G64: 대기
B65: 9 | C65: 서진호 | D65: 금일은 WBS 2차산정 및 2차 기획 역할배분을 했습니다. 아마 전 다음엔 팀장을 하면 안되겠다 싶습니다.... 시스템 기획 문서 병합 및 검수 작업을 했습니다. | E65: 솔직히 아직도 우유부단하기도 하고 몸상태도 안좋고 전체적으로 총체적 난국이네요 팀장으로서 결정권을 가지고 있는데도 의견을 좀 들어보겠다고 이야기를 나누는데 좀 단호하게 하는게 맞다고 생각하는데 갱각이 많아지네요 일단 금일은 다른 날 보다 단호하게 결정하는 경우가 많았는데 다른 팀원분들의 생각이 어떤지 모르겠네요 마지막 시간에 제가 현실 문제로 잠깐 자리를 비운 사이에 시스템 기획을 저에게 상의하지 않고 삭제하자 하는 결정을 내리시는 문제가 있었어서 월요일에 좀 이야기 드리려고 합니다. 뭐 여기에 잠깐 적자면 제가 전달하려고 하는 내용은 해당 기능을 삭제를 했을 때 조작적인 측면에서 크게 변화가 될텐데, 대체할 기능의 조작이 게임과 어울리는지 검토도 필요하고 그걸 실패하면 실패한경우 좋지 않은 UX로 이어지기 때문에 우선은 보류를 하기로 했습니다. 만약 하실 거라면 대체할 기능/조작을 잘 생각하고 했으면 좋겠습니다. 삭제를 하는건 PD가 해야합니다 그리고 그 리스크는 제가 짊어져야합니다. 라고 하려고 합니다. 고민이 많네요... 일단 에셋 준비를 좀 하고 해야하는데 생각이 많네요 상담을 좀 받아야겠습니다. | F65: 팀장으로서 부담감 | G65: 주의
B66: 9 | C66: 강태성 | D66: 데일리 스크럼, 기획 리뷰, PM 회의, 파트 재분배 관련 회의, 2차 마일스톤 산정, 간단한 QA | E66: 아 죽겄다... 내일은 아무것도 하지 말아야지... | G66: 대기
B67: 9 | C67: 박민규 | D67: 오늘은 플로우 차트 설명서 수정과 게임 프로토 타입 QA , 그리고 튜토리얼 파트 플로우 차트까지 만들었습니다. | E67: 시간이 참 빠르군요 | G67: 대기
B68: 9 | C68: 김경민 | D68: 목업/ 플로우 수정/ 기획서 수정 | E68: - | G68: 대기
B69: 9 | C69: 박원우 | D69: 세부기획서 제작 방향성회의 | E69: 회의가 더욱 원할하게 소통되는 방향으로 진행되어서 만족스럽습니다 | G69: 대기
B70: 9 | C70: 고승주 | D70: 통합 시스템 기획서 검토 및 충돌부분 점검, 2차 개발 기간 역할 분담, 시설 설계도 작성 및 기능 최적화 | E70: 써놓은 기획서가 너무 중구난방이라 원하는 기능을 어디서 확인해야 하는지 알기 어려운 것 같습니다. 항상 다른 기획서와 연계되는 부분에 링크를 걸고, 수정을 하도록 해야겠다고 생각했습니다. | G70: 대기
B71: 9 | C71: 임동균 | D71: 2차기획 새로운파트 분배받고, 스폰 시스템 작성하고, 평판 시스템 같이 손보고, 시설 배치 설계도나 이런것들 작성했다. 그러면서 프로그래밍반 분들에게 질의응답조금 받고 어느정도 빠르게 질문에 답해드리면서 노력했다. | E71: 뭔가 서로 너무 조심스러워서 편하게 질문하셔도 되는데 어려워하시는 부분도 있는 것 같았다. 그리고 정말 예외처리가 너무 어렵다고 느꼈다.. | G71: 대기
B72: 10 | C72: 장호윤 | D72: 기획서 최종본 검토 및 수정, 2주차 일정 회의, 유닛 도트 스프라이트 작업, 캐릭터 디자인, 마지막으로 팀원들과 즐거운 시간을 보냈습니다... | E72: 벌써 한주가 끝났다니 말도 안됩니다 전반전 연장시간 주세요ㅠㅠ | G72: 대기
B73: 10 | C73: 천영현 | D73: WBS, 원페이지 기획서 최신화 다음주 일정 재정립 했습니다! | E73: 우리팀 화이팅!! 오늘도 빠르게 퇴근! | G73: 대기
B74: 10 | C74: 이영우 | D74: 스킬 기획 작성, UI 사운드 정리 완료 | E74: 기획은 너무 행복합니다. | G74: 대기
B75: 10 | C75: 홍태광 | D75: 로비화면 UI 에셋 작업 및 기능 설명 기획서 작성 | E75: UI가 고려해야 할 것들이 생각보다 많은 것 같습니다... | G75: 대기
B76: 10 | C76: 정재훈 | D76: 오늘도 적유닛에 쓸 아트 리소스 생성 | E76: 프로젝트를 하면서 슬슬 이정도 기간의 프로젝트면 어느정도까지 진행이 가능하구나 체감이 약간 오는것같습니다. | G76: 대기
B77: 10 | C77: 한의호 | D77: 유닛 스킬 기획, 유닛 이펙트 제작 및 선별 후 테이블 정리 | E77: 시간이 너무 빨리 갑니다... 왜 벌써 금요일일까요... | G77: 대기
B78: 10 | C78: 정재용 | D78: SFX 마무리, 웨이브 데이터 시트 작업 | E78: 남은 일주일 더 힘내보겠습니다! | G78: 대기
B79: 개인 | C79: 김지훈 | G79: 대기
B80: 개인 | C80: 이석훈 | D80: 스토리 작업 | E80: 이슈없음 | G80: 대기
B81: 개인 | C81: 조현일 | G81: 대기

Sheet 0330
B2: 날짜 | C2: 46111
B4: 팀 | C4: 이름 | D4: 작업량 | E4: 한마디 | F4: 비고 | G4: 상태
B5: 1 | C5: 강유민 | D5: {=IF($C5:$C999="","", IFERROR( VLOOKUP( $C5:$C999 & "│" & TEXT($C$2,"yyyy-mm-dd"), SORT({ '설문지 응답 시트1'!$B$2:$B999 & "│" & TEXT('설문지 응답 시트1'!$D$2:$D999,"yyyy-mm-dd"), '설문지 응답 시트1'!$E$2:$E999, '설문지 응답 시트1'!$A$2:$A999 }, 3, FALSE), 2, FALSE ), "" ) )} -> 2차 빌드를 위한 개발진행 상황 확인 및 폴리싱 | E5: {=IF($C5:$C999="","", IFERROR( VLOOKUP( $C5:$C999 & "│" & TEXT($C$2,"yyyy-mm-dd"), SORT({ '설문지 응답 시트1'!$B$2:$B999 & "│" & TEXT('설문지 응답 시트1'!$D$2:$D999,"yyyy-mm-dd"), '설문지 응답 시트1'!$F$2:$F999, '설문지 응답 시트1'!$A$2:$A999 }, 3, FALSE), 2, FALSE ), "" ) )} -> 아... 쉽지 않습니다 | G5: 대기
B6: 1 | C6: 이유송 | D6: 작업 진행 현황 체크 및 리소스 관리 | E6: . | G6: 대기
B7: 1 | C7: 이동현 | D7: 업무 진행 상황 파악, 데이터 테이블 보강, 플레이어 스프라이트 리소스 전달 | E7: 협업은 참 어려운 것 같습니다 | G7: 대기
B8: 1 | C8: 정우경 | D8: 회의, 몬스터 데이터테이블 정리, 데미지 공식 정리, 경제시스템설계 안내, | E8: 팀원을 잘 생각하고 배려하는 마음을 항상가지자. 팀원과의 상담이 나에게 많은 배움을 주었다. 나는 팀원을 항상 완벽히 배려하고 소통하고 있어. 이것은 오만이다. 모든것을 완벽하게 할 수 없다. 내가 할 수 있는 만큼, 그리고 팀원들과 함께 목표를 이룰 수 있도록 최선의 노력을 하자. | G8: 대기
B9: 1 | C9: 김현우A | D9: 3-29 스프라이트 이미지 용어 정리 보스 컨셉-전투 스킬 기획서 이후 컨셉 정의 기획서 지위: 신 성격: 게으름, 장난을 좋아함, 선악 구분 존재하지 않음 캐릭터 테마: 주사위, 운, 조월적 존재 스토리: 언재 뭐가 나가고 그것을 지정 필요 초반 1@ └ 맵 유형 세부 설계 (로비 등)-튜토리얼 추가 필요 2@ 맵 레이아웃 및 상호작용-무슨 문서?(작성 취소) 3@ └ 환경 및 타일셋 (맵 구분 제작)-?(작성 취소) 4@ └ 타격 / 스킬 이펙트-?(작성 완료)(플레이어나 적 이 공격에 피격 됬을때 발생하는 타격의 임팩트 기획서?) 플레이어 캐릭터 전투 방식 기획서 5 ? -레벨업 콘텐츠 다일 기획서(추가)-보상 내용 동현님 작성한 문서의 4번 만 각고 오면 됨 허수아비, 포탈X2, 튜토리얼 재시작 용 오브젝트, 목 나가는 공간(울타리도 가능) 동현님 작성 한거 구채적인 로직 방법 설명 4번 항목 레벨할떄마다 무슨 보상이? 선택=플레이어 스탯 최종보스 스킬 최종보스 컨셉 정의 튜토리얼기획서 현재 추가해야할 정보 | E9: 초반애 비해서 많이 작업이 낳아진거 갔지만 아직 잘 모르겠다 데이터 테이블 작업 관련 회의할때 나 때고 하던대 이유가 있겠지만 역시 불안하다 내 작업이 많이 나쁜가 지금 내가 기획자로서 재대로 된 능력을 가추어 나가고 있는건가? 모르겠다 나는 시스템, 콘텐츠 디자인을 하고 싶은대 뭔지 모르겠다 | G9: 대기
B10: 1 | C10: 정석현 | D10: UI 리소스 파일명 일괄 수정 리소스 패키징 장비, 스킬 설명 UI 결산창 UI | E10: 담당 업무가 끝나면 무슨 일이 일어나나요? 새로운 담당 업무가 생긴다. 갈수록 바빠지는 일정 속에서 컨디션 관리를 해야한다는 것은 너무 어려운 일인 것 같다... | G10: 대기
B11: 1 | C11: 임소영 | D11: 아이템 리스트화 및 상호작용 | E11: 아이템 리스트화 및 상호작용 | G11: 대기
B12: 1 | C12: 박현수 | D12: 몬스터 기획서 마무리를 지었습니다 | E12: 마무리를 준비하는... | F12: 팀 이탈관련하여 면담 진행했음 아마 이석훈 학생 이야기 후, 이석훈 학생과 프로젝트 하는 것이 본인 성장에 도움 될 것이라 판단한 듯 | G12: 비상
B13: 2 | C13: 김서현 | D13: [에스트 아이들, 에스트 워크, 에스트 점프] 애니메이션 규격화 및 리터칭 [시드콩 클리어] 애니메이션 제작 동건님 레벨 디자인 문서 피드백 | E13: 조용히 지나간 하루인 것 같습니다. ^_^! 모두 작업 마무리에 집중하신 것 같습니다. | G13: 대기
B14: 2 | C14: 김태환 | D14: 마일스톤 및 작업 공정률 체크 / 작업 재분배 | E14: 프로젝트가 길어짐에 있어서 컨디션 이슈가 여러곳에서 발생하고 있는 것 같음. 전반적인 분위기가 초기에 비해 많이 다운되어있는 모습. 제발 야근하지 말라고요~~~~~~~~ | G14: 대기
B15: 2 | C15: 장윤우 | D15: 시드 꽃 idle, walk, hand, goodbye, 에스트 sleep, 시드 back, 일부 스프라이트 재수정 작업을 진행했습니다. | E15: 감기에 걸렸습니다. 오늘은 그냥 푹 자야겠네요... | F15: 건강 체크 | G15: 대기
B16: 2 | C16: 유해찬 | D16: 시나리오테이블 번호 정리 | E16: 아프기전에 할일을 마무리해서 다행이다. | F16: ㅠㅠ | G16: 대기
B17: 2 | C17: 박기은 | D17: 와!!!!! 드디어 길고 길었던 아트 작업이 끝났습니다!!!!!!! 아직 조금 남았지만 진짜 조금 남았습니다!!!! 아무튼 지금까지 작업은 다 팀장님께 오케이 받아서 마음이 한결 편합니다ㅎㅎ 확정된 이미지를 팀원 분들께 공유드리고 이미지 규격에 따라 시트에 정리하는 일을 했습니다~ 그리고 애니메이션 색 반전 작업을 했습니다. | E17: 화이팅 | G17: 대기
B18: 2 | C18: 이원홍 | D18: 추가 기믹 구상해보기 ^^ | E18: 레벨디자인이라는 파트를 맡았는데 실제로 사용되는건 팀장님께서 따로 기획하신 레벨디자인 기획서였고 그 사실을 3월 30일인 오늘이 되서야 알았는데 이렇게되면 이 프로젝트에 이름이 올라가는것 자체가 손해라는 생각이 들긴합니다. | G18: 주의
B19: 2 | C19: 오동건 | D19: 3스테이지 레벨디자인 | E19: 이 퍼즐로 만들 수 있는 기믹이 많이 있을 것 같은데 머리가 안돌아가요.... | G19: 대기
B20: 3 | C20: 정수진 | D20: QA시트를 이용하여 QA 작업, 및 버그 발견 / 에셋 리스트 작업 | E20: 에셋에 사소한 이슈는 있었지만 전체적으로 어려운 점은 없었습니다! | G20: 대기
B21: 3 | C21: 우현승 | D21: 이번 주 작업 리스트 우선순위 선정, 프로토타입 QA 및 버그 제보 | E21: 드디어 프로토타입이 나왔다. 시간이 부족해 많은 컨텐츠들을 포기했지만 게임이 조금씩 형태를 갖추어 가는 모습이 시각적으로 보이니까 기분이 좋았다. 남은 시간 내로 무탈하게 완성시키고 싶다. | G21: 대기
B22: 3 | C22: 안성진 | G22: 대기
B23: 3 | C23: 김민제 | D23: SFX 찾고 정리하는 작업. 내일 다 끝날 것 같다 | E23: 2월의 공휴일 때도 프로젝트를 하느라 쉬지 못했다. 정신적으로 피로가 쌓인 느낌이다. 다음 연휴 때는 무조건 푹 쉬리라. | G23: 대기
B24: 3 | C24: 김영도 | D24: 에셋 찾기 | E24: 시간이 빨리 갔습니다 | G24: 대기
B25: 3 | C25: 윤동현 | D25: 몬스터 확률, 종류 컬럼 추가 및 밸런싱 작업 및 QA진행 | E25: 이제 어느정도 게임이 하나둘 구현이 된 거 같아서 기분은 좋지만 당장 버그나 밸런싱 작업을 해야할 거 생각하니 기간 안에 가능할까라는 생각이 듭니다 ... 확실한 건 밸런싱은 저랑 안 맞는 것 같습니다 이놈을 수정하자니 저놈이 애매하고 저놈을 수정하자니 이놈이 애매하고 .. ㅎㅎㅎ 파충류가 될 것 같기도 합니다 | G25: 대기
B26: 3 | C26: 권수빈 | D26: 1차 QA | E26: 열심히 하겠습니다. | G26: 대기
B27: 4 | C27: 장근혁 | D27: 전체적인 기획서 정리 및 리소스 편집 작업 | E27: 살려주세요 | G27: 대기
B28: 4 | C28: 권현민 | D28: 일정관리,이미지리터치 | E28: 팀원분들이 되려 응원을 해줘서 감동이었습니다.. | G28: 대기
B29: 4 | C29: 조준현 | D29: 끼룩끼룩 갈매기야 내가 만든 물고기를 먹어봐~ | E29: 내가 잡고있는것이 타블렛펜인가 회칼인가.. | G29: 대기
B30: 4 | C30: 한재환 | D30: 손님 입장 규칙 작성 | E30: 화이팅! | G30: 대기
B31: 4 | C31: 김현우B | D31: ui 조정, 연출기획, 캐릭터 리소스 뽑기 | E31: 다같이 집중하는 모습이 좋네요 | G31: 대기
B32: 4 | C32: 김흥규 | D32: 회의, 기획서 수정, | E32: 처음 기획서를 작성할 때 모든 요소를 고려하고 기획서를 작성하긴 힘드니까 이거 때 문에 추가적으로 기획서를 수정해야 하는 상황이 발생한다는 게 힘든 부분인 점 같습니다. 미리 많은 요소를 고려하고 기획서를 작성했더라면 플밍반분들에게 피해가 덜 갔을 텐데 중간에 계속 바뀌는 부분이 나온다는 게 좀 미안하게 느껴집니다. | G32: 대기
B33: 4 | C33: 오종호 | D33: 낚시쪽 연출 기획 완료. 등급표시 기획 완료 및 견본 준비. 식당 뒷배경 준비중. ui회의, 연출회의. | E33: 한국어판과 영어판에 의해 생기는 문제, 한국어와 영어의 글자길이가 크게 차이나는 경우를 염두해 두지 못해서 ui측면에서 굉장히 곤란한 상황이다. | G33: 대기
B34: 4 | C34: 주재형 | D34: 밸런스 작업/시스템 구멍 채우기 | E34: 힘드네용 | G34: 대기
... B50: 7 | C50: 이정헌 | D50: 문서 피드백, 작업 리스트 정리후 프로그래밍반과 공유, 논의하기 | E50: 팀 내에 경험이 많으신 분이 있으시니까 모르거나 모호하게 알고있던 부분에 대해서 좋은 학습을 진행할 수 있던 것 같습니다! | G50: 대기
B51: 7 | C51: 이승구 | F51: 건강 체크 | G51: 대기
B52: 7 | C52: 채지형 | D52: 지금까지 작성, 구현된거 플밍반과 소통 미흡한부분 보충 | E52: 게속 정보를 주고받자 | G52: 대기
B53: 7 | C53: 곽용준 | D53: 기획서 수정 작업 | E53: 기획 의도를 표현하거나 연출에 대한 설명을 하는 점이 어렵습니다... | G53: 대기
B54: 7 | C54: 이도건 | D54: 일반 몬스터들의 상세 컨셉 디자인 작업을 진행했습니다. | E54: 마지막 시간쯤 프로그래밍 반과 기획반 한 작업, 할 작업에 대해서 디테일하게 구분하여 서로의 정보의 간격을 좀 줄일 수 있었습니다. 이걸 하기 전까지는 뭔가 서로의 작업에 대해 막연했는데 이렇게 나열하여 보게 되니 확실히 다른 팀원, 프로그래밍 반 인원들의 작업에 대해서 명확히 알 수 있었습니다. 이러한 작업들이 원래는 좀 더 빠르게 이루어졌으면 좋았겠다라는 생각이 들었습니다. | G54: 대기
B55: 7 | C55: 이균호 | G55: 대기
B56: 7 | C56: 최선동 | D56: Node UI 에셋 추가 작업 / 무기 이펙트 및 투사체 에셋 작업 문서작업 | E56: _ | G56: 대기
B57: 8 | C57: 예인해 | D57: 데일리 회의, 연출 부분 프로그래밍과 회의, 기획서 컨펌, 마무리 회의 | E57: 나름 일정 산출이 잘 되었던거 같습니다. | G57: 대기
B58: 8 | C58: 이도민 | D58: WBS 최신화 / 건강·일정 체크 / 팀 내 불만 및 건의사항 체크 / 빌드 노트 초안 작성 | E58: 없습니다 ! | G58: 대기
B59: 8 | C59: 김시온 | D59: TC 갈아엎기... 데이터테이블 가이드 고치기... 수정에 수정에 수정에 수정... ㅠㅠㅠㅠ | E59: 초반에 달렸더니 비교적? 여유롭습니다. | G59: 대기
B60: 8 | C60: 이준혁 | D60: 하루종일 번역, 밸런스 시트 | E60: 파파고야 듀오링고야 제미나이야 네이버영어사전아 함께 가자 | G60: 대기
B61: 8 | C61: 이승진 | D61: 전투화면 UI/UX 설계 | E61: 2D 에셋 스프라이트에 맞는 규격을 정해야했는데 규격이 죄다 제각각이라 오늘은 이게 좀 난관이었습니다. 결국 AI에게 하나하나 물어가면서 정리하긴 했는데 유니티 실제 적용 단계까지 가야 이해될듯한 말들이 많아서 제가 딱 이해한 선에서 기획서를 정리하는게 좀 힘들었네요. 오늘은 하루종일 만진 전투화면 UI도 컨펌을 통과하지 못해서 기획 리뷰도 진행되지 않았습니다. 플밍쪽은 실시간으로 갱신되는 기획서 보면서 어떻게든 작업하고 있는 상황이네요. 이야기 길어지면 자꾸 자책하게 되니까 오늘은 여기까지만 쓰겠습니다. 일이 수월하게 진행된 날도 있는거고, 오늘처럼 잘 안풀린 날도 있는 거겠죠. 현업 가서도 비슷할거라 생각합니다. 오늘 하루도 고생하셨습니다. | G61: 대기
B62: 8 | C62: 김윤규 | D62: 연출 기획서 마무리 및 엔딩 기획서 | E62: 재밌습...니...ㄷ..ㅏ | G62: 대기
B63: 8 | C63: 김범진 | D63: 인게임 배경화면, 텍스트 그렸습니다. | E63: 그림 그리는게 너무 재밌는 것 같습니다. 기분이 좀 좋아집니다. | G63: 대기
B64: 8 | C64: 배주빈 | D64: 03/30 오늘 해야할 일 1. 연출 기획서 - 지속시간 명시 2. 고정된 튜토리얼 퍼즐 위치 데이터 테이블 찍기. 데일리 스크럼 1. 연출 기획서 보강(우선순위X,목록) 1-1. 스테이지별 배경음악 1-2. 플레이어 사망 시 연출 1-3. 효과음 1-4. 기본 공격 지속시간과 연출 1-5. 튜토리얼 연출 기획서에 전투 타이밍 명시 1-6. 클리어 시 연출 1-7. 패배 시 연출 1-8. 시작버튼 이후 연출 1-9. 엔딩 연출(로비로 돌아가는) 1-10. 연출별 이미지 2. 해상도 규격 2-1. 1920*1080 3. 대략적인 수치 기입(수치가 필요한 것들) 3-1. 숫자에 대한 모든 부분 4. 파일명은 전부 영어로 오전 작업 착수 순서 1. 연출 기획서 보강 1-1. 패배&승리 연출 작성 1-2. 연출 규칙 작성 (n초당 n프레임) 2. 에셋 링크 수정 1-1. 12:30까지 시간이 소요 대략 2시간. 3. 연출 기획서 보강 1-1. 플레이어 사망 시 연출 1-2. 기본 공격 지속시간과 연출 1-3. 튜토리얼 연출 기획서에 전투 타이밍 명시 1-4. 클리어 시 연출 1-5. 패배 시 연출 1-6. 연출별 이미지 오후 작업 착수 순서 1. 엔딩 연출(로비로 돌아가는) 2. 연출 기획서 보강 2-1. 엔딩 연출(로비로 돌아가는) 2-2. 스테이지별 배경음악 3. 연출 기획서 분할 3-1. 엔딩 연출 기획서 문서 새로 작성 4. 연출 기획서 폴리싱(17시까지 진행) | E64: 오늘 하루 불태웟습니다 | G64: 대기
B65: 9 | C65: 서진호 | D65: 오전엔 플레이용 BGM을 만들었습니다. 오후엔 플밍 분들과의 소통문제가 발생했음을 인지하고 회의를 진행했습니다. | E65: 우유부단한 성격과 기획서의 축소를 하지 못해서 문제가 발생했고, 프로그래머 분들과 본격적인 소통을 하려고 하지 못한 저로 인해 발생한 불찰입니다. 팀 분들께는 그냥 정말 죄송할 따름입니다. 이미 지나간 일이고 앞으로의 일에 대해서 좀 생각해야 하는데 부정적인 생각을 떨칠 수가 없네요. 내일부터 할 일이 원래도 많은데, 저도 그렇고 팀원 분들의 사기가 떨어졌는데 어떻게 극복해야할지 좀 생각이 많아집니다. 평소처럼 밝은척을 해야할지, 오늘 오후 시간처럼 진지한 태도로 일관해야 할지. 결국엔 생각은 많고 이대로 가다가 큰일날 거 같단 생각을 하면서 팀원 분들을 믿고 브레이크를 밟지 않고 계속 스케일이 커지고 그래서 발생한 일이라 강사님들께서 말씀하신 것 처럼 배울 것도 많고 어려운 부분도 많고 제 스스로에 대해서 반성할 계기가 있지만, 내일 당장에 어떤 태도를 취해야할지 갈피가 전혀 안잡힙니다. 좀 쉽게 이야기 하자면 문제는 파악했는데, 제 스스로 실천할 수 있을지에 대한 자신감이 없습니다. 이렇게 생각이 깊은데 팀장이란 직책의 무게를 알기 때문에 누워서 이렇게 작성을 하면서도 고민만 계속 이어지고 잠은 오지않는 그런 상태입니다. 계속 작성하기엔 뭔가 감정 쓰레기통처럼 될 것 같기도 하고, 이렇게 계속 생각하면 끝없이 부정적인 생각이 이어지기 때문에 잠이 잘 안오더라도 잠을 청해야겠습니다. 좀 자고나서 괜찮아지고 멘탈을 회복했으면 좋겠네요. 오늘 하루도 고생 많으셨습니다. | G65: 주의
B66: 9 | C66: 강태성 | D66: 회의 | E66: 와아 반쯤 다시 만들어야 한다~ 제발플밍반여러분문서는읽으라고있는거에요왜안읽고지금와서이게있는줄도모르고개발하겠다고하시면저정말돌아버립니다그러시면안돼요사실상문서화다시시키면기획팀이한기획은뭐가됩니까제발요 | G66: 주의
B67: 9 | C67: 박민규 | D67: 오늘은 튜토리얼 시나리오 작업을했습니다. | E67: 정체성에 혼란이 옵니다 | G67: 대기
B68: 9 | C68: 김경민 | G68: 대기
B69: 9 | C69: 박원우 | D69: 소통 재검토 회의 재진행 , 프로젝트진행도 체크 및 인원할당 재분배 | E69: 살려주세요 | G69: 대기
B70: 9 | C70: 고승주 | D70: 기획서 최종 마무리 작업, 데이터 테이블 예비 작업 - 작성 규칙 작성, 긴급 회의 | E70: 저희가 작업 관리 차원에서 해온 여러가지 미숙한 부분이 나비효과처럼 돌아왔습니다. 당장 상황을 잘 타개하고 교훈 삼을 수 있다면 자소서에 쓸 거리가 생긴 거 같아 긍정적입니다. | G70: 대기
B71: 9 | C71: 임동균 | D71: 데이터테이블 기초작업 | E71: 팀 내부적으로 기획적인걸 전면 재검토하는 일이 발생해서, 위기대응을 하고있다. 오히려 이런 경험을 해봐서 더 좋은것같다..ㅎㅎ.. | G71: 대기
B72: 10 | C72: 장호윤 | D72: 도트 찍고 밸런스 조정하고 컨펌하고 도트 찍고 플밍과 소통하고 PM님이랑 일정 확인하고 도트 찍고 플밍팀 피드백 반영해서 다시 기획 회의하고 도트를 찍었습니다... | E72: 도트 깎는 노인이 되었습니다 눈이 시리네요... | G72: 대기
B73: 10 | C73: 천영현 | D73: WBS, 원페이지 기획서 업데이트, 최종 일정 조율, 작업 일자 조정 | E73: 화이팅~ | G73: 대기
B74: 10 | C74: 이영우 | D74: 재화 밸런스 조정, 스킬 데이터 시트 작성 | E74: 밸런스는 삼체 이론과 같습니다. 아주 옛날에 제가 써놓은 수치들이 흐르고 흘러 예측이 되지 않는 거대한 똥이 되어있습니다. | G74: 대기
B75: 10 | C75: 홍태광 | D75: 로비 화면 UI 에셋 제작 후 전달 | E75: 이제 환경설정과 시작화면 UI만 전달하면 설정한 목표 일단 완수될 것 같습니다. | G75: 대기
B76: 10 | C76: 정재훈 | D76: 아트 리소스 작업 마무리, 타일 에셋으로 맵 제작 | E76: 이번 팀프로젝트는 평화로운 느낌도 들고, 다들 너무 잘해주셔서 만족스럽습니다. 결과물이 나오기전까진 또 모르겠지만, 아무튼 팀원들이 너무 잘해줘서 좋았습니다. | G76: 대기
B77: 10 | C77: 한의호 | D77: 이펙트 선정 | E77: 시간이 너무 오래걸려버리고 말았습니다. 행복합니다. | G77: 대기
B78: 10 | C78: 정재용 | D78: 프로토타입 웨이브 테이블 마무리 및 맵 루트 제작 | E78: 10팀... 화...화이팅...! | G78: 대기
B79: 개인 | C79: 김지훈 | G79: 대기
B80: 개인 | C80: 이석훈 | D80: 텍스트를 UI로 옮기는작업 | E80: 저는 플밍반입니다 반갑습니다 | G80: 대기
B81: 개인 | C81: 조현일 | D81: 이벤트 컷씬 CG 작업 80% | E81: DB 작업 차분히 진행해 봐야 할 거 같습니다. | G81: 대기

Sheet 0331
B2: 날짜 | C2: 46112
B4: 팀 | C4: 이름 | D4: 작업량 | E4: 한마디 | F4: 비고 | G4: 상태
B5: 1 | C5: 강유민 | D5: {=IF($C5:$C999="","", IFERROR( VLOOKUP( $C5:$C999 & "│" & TEXT($C$2,"yyyy-mm-dd"), SORT({ '설문지 응답 시트1'!$B$2:$B999 & "│" & TEXT('설문지 응답 시트1'!$D$2:$D999,"yyyy-mm-dd"), '설문지 응답 시트1'!$E$2:$E999, '설문지 응답 시트1'!$A$2:$A999 }, 3, FALSE), 2, FALSE ), "" ) )} -> 2차 빌드 확인 및 기획 검토. 개발 현황 회의 및 3차 빌드 준비 | E5: {=IF($C5:$C999="","", IFERROR( VLOOKUP( $C5:$C999 & "│" & TEXT($C$2,"yyyy-mm-dd"), SORT({ '설문지 응답 시트1'!$B$2:$B999 & "│" & TEXT('설문지 응답 시트1'!$D$2:$D999,"yyyy-mm-dd"), '설문지 응답 시트1'!$F$2:$F999, '설문지 응답 시트1'!$A$2:$A999 }, 3, FALSE), 2, FALSE ), "" ) )} -> 개발팀과 소통하며 포커싱을 하고 있습니다. 이 부분에서 저를 포함한 팀원들의 학습 성취도가 많이 올라 갈 것 같아요. | G5: 대기
B6: 1 | C6: 이유송 | D6: 회의진행, 업무진행상황 체크, QA 문서 작성 | E6: 개발팀의 속도가 늦어서 시간내 개발이 될지 걱정된다.개발팀 진행 상황을 공유받긴 했지만 직접적으로 하나하나 체크한건 아녀서 나 때문인가 싶기도하고ㅠㅠ 그렇다고 빨리 하라고 재촉할 수도 없고, 개발이 늦어진 상황에 대해서는 개발팀도 잘 알고, 기획팀에게 미안해하고 있어서 이 상황에서 어떻게 해야할지 모르겠다. | G6: 대기
B7: 1 | C7: 이동현 | D7: 데이터 테이블 구조 재구성, 앞으로 조 방향의 논의 | E7: 정말 도움이 많이 되는 기간입니다. | G7: 대기
B8: 1 | C8: 정우경 | D8: 몬스터테이블 완성, 스킬 리소스 정리, QA의 TC작업 | E8: 개발쪽을 많이 돕고 싶은데, 돕지 못한다는게 아쉽다. 내가 맡은 기획을 잘했는지도 모르겠다. 짧은 시간에 할 수 있는것이 제한적이라는 것을 안다. 꿈 많고 아이디어가 넘치는 동료들과 함께 일하는데 시간이 부족하다는 것이 아쉽다. 개발을 해보고 싶다는 생각도 많이 든다. 개발을 하면 기획을 더 잘할 수 있을 것같다는 생각도 든다. 잘하고 싶다. 더 좋은 게임을 만들고 싶다. 모든 팀원도 그렇게 생각한다고 믿는다. 화도나고 무기력함도 느끼고 그렇다. 다음에, 반드시 더 좋은 게임을 만들고 싶다. 지난 프로젝트때 너무 무리해서 이번 프로젝트에서는 최대한 컨디션관리를 한 것같다. 다음 프로젝트때는 혼신을 다해봐야겠다. 이번 프로젝트때 느꼈던 분노를 치밀어오르는 분노를 다음 제작때 쏟아붇고 싶다. 물론 지금 프로젝트가 끝난 것은 아니다. 마지막까지 최선을 다할 것이다. | G8: 주의
B9: 1 | C9: 김현우A | D9: 3-31 적의 공격애 플레이어가 타격받았을때 나오는 임팩트 - 스킬 타격 임팩트 새시트 만들어서 추가 4번 스킬 gif 다시 뽑기 우경님과 오전회의 끝나고 따로 회의 래벨업 포탈 오브젝트 통일 로컬라이징 필요 영문 스킬 이름 필요 모든 기획서의 이름들을 영문으로 수정 --------------------------------------------------------------------------------------------- 주사위 시스템 및 확률 테이블일치?-눈금별 확률 주사위 종류별 기능-재대로 된 효과 레벨업 상태 통제-레벨업시 ui 게임 정지 플레이어 조작 및 피격 판정 이동 벽 통과 여부 적 피격-피격 철리, 반응 사망-게임오버 환경설정의 이동 변경 기능 플레이어 스킬 투사채 크기 스킬 이동 속도 스킬 이동 거리 스킬 데미지 스킬 발동횟수 전투 시스탬 몬스터 감지 범위 몬스터 공격 행위 작동 보스 스킬 데미지 보스 스킬 확률 보스 스킬 절차 각 스킬이 기획의도와 동일한 성능? 대사 진행순서 최종보스 패배시? | E9: 오늘 아무것도 안한 기분 | G9: 대기
B10: 1 | C10: 정석현 | D10: 스킬, 장비 설명 UI 마무리 튜토리얼 UI 애니메이션 제작 및 연결 | E10: 점점 피그마와 물아일체가 되어가고 있다... "이게 될까?" 에서 "이게 되네?" 가 되는 과정이 정말 즐겁다. | G10: 대기
B11: 1 | C11: 임소영 | D11: 장비 아이템 아이콘 목록화, 장비&스킬 설명 텍스트 작성 | E11: 장비 아이템 아이콘 목록화, 장비&스킬 설명 텍스트 작성 | G11: 대기
B12: 1 | C12: 박현수 | D12: UI 테이블 작업시작했습니다 | E12: 다사다난했지만 어떻게 다시 시작해보는중입니다 | G12: 대기
B13: 2 | C13: 김서현 | D13: 에스트 점프, 시드콩 클리어 애니메이션 제작, 에스트 반전 스프라이트 제작, 시드콩 디자인 추가 | E13: 무난하게 작업했습니다! | G13: 대기
B14: 2 | C14: 김태환 | D14: 사운드 제작, 작업 공정 관리 | E14: AI를 사용해서 쉐이더를 적용하는 것들의 일부 가능한 기능들을 살펴볼 수 있었다. 꽤... 괜찮은듯? 오히려 이게 공정 시간을 많이 줄일 수 있는거 같음 | G14: 대기
B15: 2 | C15: 장윤우 | D15: 여분의 애니메이션 작업 마무리, 연출 시나리오 기획서 수정. | E15: 와 작업이다 작업! | G15: 대기
B16: 2 | C16: 유해찬 | G16: 대기
B17: 2 | C17: 박기은 | D17: 오늘은 포탈 그림 작업을 완료했습니다. | E17: 화이팅팅탱탱 | G17: 대기
B18: 2 | C18: 이원홍 | D18: 추가 기믹 구상 ^^ | E18: 오늘도 수고하셨습니다. | G18: 대기
B19: 2 | C19: 오동건 | D19: 스테이지 3 레벨디자인 한 내용 유니티로 맵 찍고 확인 | E19: 설계랑 직접 찍어서 플레이 해보는거랑 다르구나... 싶었습니다 | G19: 대기
B20: 3 | C20: 정수진 | D20: QA 작업 및 이펙트 컨펌 | E20: 맵 크기가 커서 줄이고 싶은데 오류가 나지 않는 방향성이 무엇일지...고민됩니다.. | G20: 대기
B21: 3 | C21: 우현승 | D21: QA, 연출 강화 방법 회의 | E21: 2차 기획을 최소화 하다보니 기획팀이 생각보다 너무 일찍 손이 비게 되어서 추가로 어떤 업무가 필요할지에 대해서 고민이 많이 됐다. | G21: 대기
B22: 3 | C22: 안성진 | D22: 언어테이블 작성 및 타이틀 화면 제작 | E22: 없습니다 | G22: 대기
B23: 3 | C23: 김민제 | D23: sfx 작업 완료. 온갖 사이트에서 듣고 고르고 다운받는데 생각보다 오래 거렸다. 또한, 생애 처음으로 도트를 직접 찍어서 이미지를 만들어 보았다. 재밌었다. | E23: 5월달에 빨간날이 3일이나 있었다. 그날이 기다려진다.. | G23: 대기
B24: 3 | C24: 김영도 | D24: 에셋찾기,세계관 기획 | E24: 컨셉이 완전히 변경 되어서 컨셉부터 다시 설정하느라고 세계관이 오래걸렸습니다. 내일 완료할 것 같습니다 | G24: 대기
B25: 3 | C25: 윤동현 | D25: 오늘은 플레이어 및 몬스터, 특전 밸런싱 및 밸런싱 기획서 작성, QA 및 데미지 계산식 재수정 등을 진행하였습니다. | E25: 음 밸런싱을 해야하는데 아직 QA부분에서 버그가 많이 일어나고 있어서 라운드를 진행하지 못하는 상황도 있고 밸런싱하기 조금 애매한 시간이 되고 있는 것 같습니다. 가능한 한 얼른 밸런싱을 마무리하고 전체적인 QA를 진행하고 싶은데 여러 일들이 겹쳐서 산만해진 느낌이라 힘든 것 같습니다! | G25: 대기
B26: 3 | C26: 권수빈 | D26: QA 진행 | E26: 열심히 하겠습니다 | G26: 대기
B27: 4 | C27: 장근혁 | D27: 리소스 작업 | E27: 행복합니다 | G27: 대기
B28: 4 | C28: 권현민 | D28: 리소스리터치,업무관리 | E28: 마지막까지 화이팅입니다..화이팅 | G28: 대기
... B54: 7 | C54: 이도건 | D54: 오늘은 각 몬스터별 컨셉디자인 작업을 완료하였고 프로그래밍 반 분들의 진행상황을 팀이 모여 공유받고 협의할 부분 협의를 진행했습니다. | E54: 기획, 개발의 진행도가 원래 예상했던 대로는 진행하기 어려울 것 같아 중요한 시스템 골자만 일단 협의하여 골라내고 만들고 있는데 기획쪽에서도 우선순위를 선정하는 것도, 개발 진행중에 예상치 못한 버그가 나오는 것도 진행도 관련해서 어려움을 주게 되는 일인 것 같습니다. 이 부분 좀더 소통하면서 시시각각 조절을 잘 해야 할 부분인 것 같습니다. | G54: 대기
B55: 7 | C55: 이균호 | D55: - 다른 사람이 작성한 문서 살펴보기 - TC 양식 짜기 | E55: 오늘은 기획 분들이 손이 많이 남았던 날이었다. 나부터 시작해서 대부분의 분들이 작업을 다 끝마치고 시간이 비었다. 그렇다고 무작정 놀 수는 없는 노릇이니 그동안 소홀했던 다른 분들의 문서를 읽어보는 시간을 가졌다. 다 읽어갈 즘에 승구님이 시간이 많이 비는 거 같은데 다음에 할 일인 QA를 미리 준비해보는게 어떻겠느냐 의견을 주셔서 QA 지망이신 용준님과 승구님과 함께 TC 양식을 준비해보았다. 뭘 해야할지 하루 종일 찾고 뒤져본다고 참 힘들었는데 그래도 내일부터는 다시 일이 생긴다고 하니 한 시름 놓인다. | F55: 곽용준 학생이 QA 지망한다고 합니다. | G55: 대기
B56: 7 | C56: 최선동 | D56: WBS 담당부분 체크 | E56: 오늘도 고생하셨습니다~ | G56: 대기
B57: 8 | C57: 예인해 | D57: 팀내 회의, 작업 배분, 기획서 컨펌, 기획서 리뷰 참관 | E57: 너무 진행이 잘 되고 있어서 오히려 불안한데 이게 맞는 거겠죠? | G57: 대기
B58: 8 | C58: 이도민 | D58: 빌드 노트 조사 및 초안 작성 / [개발] UI 진행 현황 체크 / itch.io 시장 조사 | E58: 없습니다 ! | G58: 대기
B59: 8 | C59: 김시온 | D59: TC 만들기 만들기 만들기.... | E59: 시간... 오직 시간... | G59: 대기
B60: 8 | C60: 이준혁 | D60: 로컬라이즈, 밸런스 | E60: 번역딸깍 밸런스 딸깍의 꿈을 꾸었습니다. | G60: 대기
B61: 8 | C61: 이승진 | D61: 전투화면 UI 기획리뷰 UI 로컬라이징 데이터테이블 작업 연출 작업 찍먹 | E61: 아침 컨디션 난조로 기획리뷰는 좀 어설펐지만 의미는 전달된거 같았습니다. UI플밍과 최대한 소통하려고 노력하는데 플밍 분들은 소통을 좀 최소화하고 작업에 열중하는 분위기라 확실히 마음껏 소통을 시도하고 그러긴 좀 눈치보이네요. UI 로컬라이징 관련해서는 제가 직접 번역하는것도 아니고 UI 내에서 어떤 텍스트를 번역해야하는지, 그 UI 텍스트가 어떤 역할을 하는지 코멘트 다는 정도로만 작업했는데도 생각보다 어려웠습니다. 굳이 명시할 필요 없다고 생각하고 코멘트를 건너뛰었더니 로컬라이징 담당에게 바로 질문이 들어오기도 했었고요. 물론 질문없이 알잘딱 마인드로 적당히 진행되었으면 번역 찐빠가 날뻔해서 소통을 통해 정정한거 자체는 긍정적인 작업 흐름이었다고 생각합니다. 더불어 로컬라이징에 있어서도 직접 번역하지 않는 기획자의 역할도 결코 작지 않다는걸 느꼈네요. 데이터테이블 설계 및 번역해야할 텍스트 원본?을 테이블에 기입하고 코멘트를 통해 번역 방향을 정해주는건 어디까지나 기획자에게 달렸으니까요. 매일 솔직히 많은 작업을 팍팍 쳐내고 있진 않습니다. 하지만... 작업, 소통 방면으로 정말 많이 배우고, 배운 점들을 작업에 바로 적용하고 있습니다. 제 작업 속도는 많이 느리지만, 하나하나 확실하게 이해하고 넘어가려고 노력하고 있습니다. 디테일에 너무 매몰되어선 안되겠지만 시간이 조금 걸리더라도 기초를 다지는게 중요하다고 생각하네요. 오늘 하루도 고생 많으셨습니다. | F61: 컨디션 확인 | G61: 대기
B62: 8 | C62: 김윤규 | D62: 연출 기획 마무리, 플밍팀과의 리뷰 | E62: Good~ | G62: 대기
B63: 8 | C63: 김범진 | D63: 주인공 방어모션 추가, 및 엔딩 이미지 추가 | E63: 계속 미술치료를 하면서 다른 분들의 기획을 체크하는 중입니다. | G63: 대기
B64: 8 | C64: 배주빈 | D64: 03/31 오늘 해야할 일 1. 연출 기획서 컨펌받기 2. 고정된 튜토리얼 퍼즐 위치 데이터 테이블 찍기. 오전 작업 착수 순서 1. 연출 기획서 작업 1-1. 구글 드라이브, 배경음 리소스 속 '코러스' 들어간 음원 찾기 a. 총 12개 b. 마음에 들었던 노래들 b-1. 스테이지1 (붉은 오크) : 배경음2,3 - 오크 특유의 진취적이고 야만적인 성향을 잘 표현함. b-2. 스테이지2 (블루 드래곤) : 배경음3 - 느린 템포로 진중하고 긴장감을 유도하는 느낌 b-3. 스테이지3 (사신) : 배경음 - c. 코러스 들어간 노래 (사신 배경음) c-1. 3스테이지 배경음 2 : 첫 20초 이후부터 코러스 c-2. 3스테이지 배경음 : 첫 12초 이후부터 코러스 2. 엔딩 연출기획서 보강 2-1. '엔딩 이후 연출' 슬라이드 작성 3. 배경음 링크 갱신 4. 엔딩 연출기획서 마무리 보강 4-1. 폴리싱 작업 5. 효과음 작업 5-1. 드라이브에서 파이를 bgm으로 묶기 5-2. 파일명은 똑같고 파일만 바꿈 -> 이름은 맞춰놓고 나중에 갈아끼우기 쉽게 오후 작업 착수 순서 1. 연출 기획서 1-1. 일단 효과음은 배제하고 연출 기획서의 폴리싱을 진행후 3시 10분에 리뷰 진행 예정 2. 연출 기획서 플밍반 리뷰 발표 3. 연출 기획서 보강 3-1. 텍스트 출력 시간 등등, 세부 수치의 명시 필요 3-2. 이미지 색상별 에셋 파일명 명시 필요 4. 엔딩 연출기획서 보강 4-1. 텍스트 출력 시간 등등, 세부 수치의 명시 필요 내일 해야할 일 1. 연출 기획서 찐찐찐막 2. 고정된 튜토리얼 퍼즐 위치 데이터 테이블 찍기. | E64: 오늘도 해냇다! | G64: 대기
B65: 9 | C65: 서진호 | D65: 오늘은 기획서 문서를 어떻게 정리할지에 대해서 간단하게 이야기를 나눠봤고 문서 간략화도 태성님께서 진행하셔서 읽어봤습니다. 그리고 2차 정기면담을 진행했습니다. | E65: 솔직히 어제오늘 프로젝트 관련해서 걱정도 많고 스트레스도 많았는데 오늘 2차 면담을 진행하면서 고민이 많이 해결 됐습니다. 위로의 말씀을 해주신 부분도 정말 감사하고, 방향성을 좀 더 확고하게 잡아주신 것도 정말 감사합니다. 이번 프로젝트에 닥친 위기를 잘 극복해서 해결을 잘 해보도록 하겠습니다 오늘 하루도 수고 많으셨습니다! | G65: 대기
B66: 9 | C66: 강태성 | D66: 회의 | E66: 저 정말 많은일이 있었어요 힘들다 진짜 | G66: 주의
B67: 9 | C67: 박민규 | D67: UI 목업 수정 작업을 했습니다 | E67: 대신 모든 걸 잃었습니다 | G67: 대기
B68: 9 | C68: 김경민 | D68: UI | E68: - | G68: 대기
B69: 9 | C69: 박원우 | D69: 이벤트 테이블및 기획서 재설립.. | E69: 화이티잉... | G69: 대기
B70: 9 | C70: 고승주 | D70: 조작 기능 관련 개발팀 소통, UI 수정 요청, 수정 UI 전달, 데이터 테이블 작성, 기능 최적화 회의, 개발 진척도 확인하여 개발 목표 재설정 | E70: 항상 소통이 어려운 것 같습니다. 개발팀과 소통을 더 자주 했어야 했고 기획팀간의 작업공유도 부족했던 거 같습니다. 어려운 말을 꺼내는게 어렵지만 그래도 더 가볍게 소통을 할 수 있어야 한다고 생각합니다. 반성하고 더 자주 소통을 시도해야겠습니다. | G70: 대기
B71: 9 | C71: 임동균 | D71: 기획서 수정하고, 데이터 테이블 작성했다. | E71: 여러가지 고려하는 사항이 많다보니 데이터 테이블 작성을 어디까지 포함해야하나 싶은게 많았습니다. | G71: 대기
B72: 10 | C72: 장호윤 | D72: 도트, 밸런스, 팀원분들 작업 어시스트, 찐찐막 기획서 컨펌을 했습니다 | E72: 야근 조아 | G72: 대기
B73: 10 | C73: 천영현 | D73: 원페이지 기획서 정리, 최종 일정 조율, 밸런스 패치 | E73: 마지막 까지 화이팅... | G73: 대기
... B78: 10 | C78: 정재용 | D78: 맵 루트 완성 및 웨이브 데이터 테이블 정리 | E78: 벌써 마무리 시간이 얼마 남지 않았네요.. 아직 할 일은 많아 보이지만 더 힘내보겠습니다! | G78: 대기
B79: 개인 | C79: 김지훈 | G79: 대기
B80: 개인 | C80: 이석훈 | D80: 텍스트 ID로 받아서 UI로 쏴주는 스크립트/ 스토리 분기/처리 | E80: 스크립트 어렵다 | G80: 대기
B81: 개인 | C81: 조현일 | D81: 게임 초반 부분을 기존에 생성한 리소스들을 활용하여 구동해 보았습니다. | E81: 구동하며 나름 괜찮다는 생각이 드는 한편 아직 많이 부족한 걸 다시금 느껴 고심해 보겠습니다. | G81: 대기

Sheet 0401
B2: 날짜 | C2: 46113
B4: 팀 | C4: 이름 | D4: 작업량 | E4: 한마디 | F4: 비고 | G4: 상태
B5: 1 | C5: 강유민 | D5: {=IF($C5:$C999="","", IFERROR( VLOOKUP( $C5:$C999 & "│" & TEXT($C$2,"yyyy-mm-dd"), SORT({ '설문지 응답 시트1'!$B$2:$B999 & "│" & TEXT('설문지 응답 시트1'!$D$2:$D999,"yyyy-mm-dd"), '설문지 응답 시트1'!$E$2:$E999, '설문지 응답 시트1'!$A$2:$A999 }, 3, FALSE), 2, FALSE ), "" ) )} -> 개발 진행 현황 확인 및 폴리싱, 마케팅 및 TC 준비작업 | E5: {=IF($C5:$C999="","", IFERROR( VLOOKUP( $C5:$C999 & "│" & TEXT($C$2,"yyyy-mm-dd"), SORT({ '설문지 응답 시트1'!$B$2:$B999 & "│" & TEXT('설문지 응답 시트1'!$D$2:$D999,"yyyy-mm-dd"), '설문지 응답 시트1'!$F$2:$F999, '설문지 응답 시트1'!$A$2:$A999 }, 3, FALSE), 2, FALSE ), "" ) )} -> 일단 완성을 향해 가고 있습니다 | G5: 대기
B6: 1 | C6: 이유송 | D6: 개발팀 진행 상황 체크, QA TC 작업 | E6: 지난주까지 바빴던게 거짓말처럼 이번주 화요일부터는 아주 조용해졌다. 다 끝난것도 아닌데 끝났다고 헤이해질까봐난주까지 바빴던게 거짓말처럼 이번주 화요일부터는 차분해진거 같다. 다 끝난것도 아닌데 끝났다고 해이해질까봐 정신 잘 잡고 있어야 할거 같다. | G6: 대기
B7: 1 | C7: 이동현 | D7: 영상 편집할 컷신 5개 완성, 6번은 시간 너무 오래 걸림, 8번부터 저녁에 이어갈 예정 | E7: 뭔가뭔가 보여드리겠습니다. | G7: 대기
B8: 1 | C8: 정우경 | D8: 텍스트테이블 완성, QA TC목록작업, 사운드 회의 | E8: 음 왠지 오늘은 매우 즐거운 것같다. 다만 개발팀이 잘 작업을 완수해주길 바란다. 나도 나의 할 일을 마무리하자. 잘하고 싶다. 차근차근 앞으로 나가면 내가 목표한 곳에 도착할 것이다. | G8: 대기
B9: 1 | C9: 김현우A | D9: 4-1 qa 작업 우경님 작업 전투, 맵 픽스=우경님 꺼 기준 내 파트 추가 수정해서 확정해 | E9: 오늘은 한거 자채는 많지않다 | G9: 대기
B10: 1 | C10: 정석현 | D10: 도움말 텍스트 수정 팝업 가이드 작성 완료 타이틀 UI 폰트 검수 | E10: 결국 늦잠을 잤다. 약을 먹고 눕지 말자. 그래도 덕분에 컨디션이 좀 나아진 것 같기도 하다... 뭔가 한게 없는데 벌써 4월이 됐다니 믿을 수 없다. 누군가가 시간 가속 마법을 걸어둔 게 분명하다. | F10: 컨디션 체크 | G10: 대기
B11: 1 | C11: 임소영 | D11: 스킬, 장비 설명 툴팁 텍스트 작성, 경제 밸런스 고려사항 작성 후 내일 해당 내용 기반 경제 밸런스 설정 | E11: 다른 말할 곳이 없어서 하소연 가능한가요.. | F11: 면담 필요 | G11: 대기
B12: 1 | C12: 박현수 | D12: UI 테이블 + Itch.io 소개 텍스트 완성 | E12: 먼가 널널해졌네요 | G12: 대기
B13: 2 | C13: 김서현 | D13: 스프라이트 규격화, 애니메이션 리스트 및 파일 정리, 사운드이펙트 RND 및 리스트 정리 | E13: 오늘도 힘냈습니다! | G13: 대기
B14: 2 | C14: 김태환 | D14: 사운드 제작, 공정 확인 | E14: 사운드는 적용되지 않은 상태로 선출시 예정. 기존에 기획서에도 포함되어 있지 않은 내용이다 보니 가능여부는 따로 프로그래밍측에 여쭤봐야함. 이슈가 발생한 것은 아니나 다른 팀에 비해 플밍반과의 소통이 적지 않나 고민. 뭔가 더 해줄 수 있는게 없을까. | G14: 대기
B15: 2 | C15: 장윤우 | D15: 이펙트 기획서 작성, 테이블 시트 text 작성 완료. 시나리오 연출 기획서 수정, 애니메이션 작업 마무리. | E15: 오늘 연출을 너무 많이 넣은 죄로 플밍 분들께 사죄를 했읍니다... 흑흑 | G15: 대기
B16: 2 | C16: 유해찬 | D16: UI에서 사용할 사운드 탐색 | E16: 몸이 언넝 정상으로 돌아왔으면 좋겠숨다! | G16: 대기
B17: 2 | C17: 박기은 | D17: 애니메이션과 컷신 이미지 작업을 이어받아서 윤우님의 시나리오 기획서를 보며 작업 중 입니다ㅎㅎ | E17: 팅이화 | G17: 대기
B18: 2 | C18: 이원홍 | D18: 추가 기믹 구상 | E18: 수고하셨습니다. | G18: 대기
B19: 2 | C19: 오동건 | D19: 3스테이지 레벨디자인 마무리 | E19: 왜 건들때마다 고칠점이 생기는것인가,,, | G19: 대기
B20: 3 | C20: 정수진 | D20: 오프닝 연출, 엔딩, 세계관 등 연출적인 부분에 대한 정리를 하였습니다! | E20: 맵 크기.. 아직도 해결 못했습니다 ㅠ | G20: 대기
B21: 3 | C21: 우현승 | D21: 세계관 및 컨셉 확정, 메인화면 이미지 및 bgm 제작 회의 | E21: QA, 밸런싱, 마케팅을 제외하고는 큰 업무가 없어서 배경이미지와 배경음악에 인원을 배정하지 않고 회의를 하며 다같이 진행했다. 한편으로는 혹시라도 놓치고 있는 다른 누락된 부분이 없을지 걱정이 된다. | G21: 대기
B22: 3 | C22: 안성진 | D22: 저 진짜 오늘 뭐했죠? UI 찾은거 밖에 없는거 같은데.. | E22: 없습니다 | G22: 대기
B23: 3 | C23: 김민제 | D23: sfx 수정, 추가 작업 게임 오프닝 영상 스토리 및 연출 토론 및 레퍼런스 검색 작업 | E23: 오늘이 왜 금요일처럼 느껴지는걸까… 일주일이 참 길다 ㅠㅠ 밖의 벚꽃이 피기 시작했다 | G23: 대기
... B26: 3 | C26: 권수빈 | D26: QA 작업, BGM 생성 | E26: 열심히 하겠습니다. | G26: 대기
B27: 4 | C27: 장근혁 | D27: 리소스 적용과 세부 내용 조정 | E27: 감기몸살 죽을 것 같습니다 | F27: 컨디션 체크 | G27: 대기
B28: 4 | C28: 권현민 | D28: 기획리뷰진행/소통 | E28: 기획리뷰 혹은 컨펌을 위해 팀원 분들이 작성한 기획서를 꼼꼼하게 읽고 숙지하는 게 쉽지 않으면서도 빨리 전달 해야 한다는 생각을 하게 되어서, 행정적인 처리를 신속하게 하는 것이 중요하다는 생각이 들었습니다. 팀원들이 맡은 일을 하는 동안 보내는 시간에 대해 여러 생각이 들었습니다. | G28: 대기
B29: 4 | C29: 조준현 | D29: 물고기 음식 리소스 끝 | E29: 100종(이상)의 리소스 완 | G29: 대기
B30: 4 | C30: 한재환 | D30: 물고기, 요리 설명 한국어, 영어 수정 | E30: 화이팅! | G30: 대기
B31: 4 | C31: 김현우B | D31: UI 리소스 | E31: 시간과 정신의 방이 | G31: 대기
B32: 4 | C32: 김흥규 | D32: UI 리소스 생성 전 아트 디렉션 가이드 제작(AI), UI 리소스 제작(AI) | E32: AI로 원하는 UI 뽑기 힘드네용 | G32: 대기
B33: 4 | C33: 오종호 | D33: 플밍반과 기획반의 조율 | E33: 기획팀과 개발팀 사이에서 리소스를 전달한 이후, 사이즈와 배치 관련 문제가 발생했다. 우선 애니메이션 리소스와 연출은 내가 준비했고, 기획서도 작성해둔 상태였다. (당시에는 기획서가 아직 전달되지 않았지만, 이번 이슈의 원인은 아니었다.) 리소스를 추출하는 단계에서는 경험 있는 팀원들의 의견에 따라 모든 이미지를 256, 512, 1024 규격으로 작업했다. 또한 각 모션 간 자연스러운 연결을 위해 모든 애니메이션의 첫 프레임과 마지막 프레임을 통일했다. 애니메이션을 추출하는 과정에서 AI가 모션마다 캐릭터의 크기와 위치를 일관되게 맞추지 못하는 문제가 있었기 때문에, 팀원과 함께 직접 리터칭을 진행했다. 캐릭터의 위치, 크기, 누끼가 어색한 부분을 수정했고, GIF로 합쳤을 때 자연스럽게 이어지도록 작업을 마무리했다. 이전 프로젝트 경험을 기준으로 보면, 이 정도까지 작업했으면 개발에 넘겼을 때 별다른 문제가 없어야 했다. 하지만 개발팀에서는 실제 인게임에 들어갈 픽셀 사이즈로 리소스를 다시 맞춰달라는 요청이 들어왔다. 유니티에서 직접 위치와 크기를 조정할 계획이었던 나는 당황할 수밖에 없었다. 눈으로 확인하지 않고 정확한 사이즈를 어떻게 지정해야 하는지 의문이 들었다. 긴 이야기를 짧게 쓰면, 결과적으로는 내 작업 방식이 틀린 것은 아니었고, 개발팀에서도 약 5분 정도의 수정으로 문제 없이 적용이 가능했다. 다만, 개발팀의 요청이라면 당연히 맞춰야 한다는 생각과 내가 유니티에 익숙하지 않다는 점 때문에 불필요하게 눈치보고 고민했던 것 같다. | G33: 주의
B34: 4 | C34: 주재형 | D34: 밸런스 작업/아트 리소스 관련 논의 | E34: 수고 많으십니다 | G34: 대기
B35: 5 | C35: 이형진 | D35: 뭔가 오늘은 대기만한 것 같습니다... 이 또한 팀장의 업무일까요, 모두의 업무가 끝나기를 기다리고 있었습니다... 일을 하지 않으니 불안하기도 하지만, 그렇다고 재촉하거나 감시하거나 간섭하지 않았습니다. | E35: 개발팀장님을 신뢰하고 있지만, 현재 개발 속도가 원활히 나오는지에 대한 확신이 없습니다... 음.... 그래도 믿어야곘죠 | G35: 대기
B36: 5 | C36: 승정하 | D36: - UI 로딩창 작업 - 개발 현황 확인 및 기록 - 아트 리소스 폴리싱 - 기획 수정 사항 문서화 | E36: 아트 리소스를 넘겼더라도, 실제 인게임에서 어떻게 구현되고 반영되는지에 따라 수정이 필요한 경우가 빈번하고, 이럴때에도 많은 소통이 필요하다는 것을 오늘 리소스 반영 과정을 지켜보며 느꼈습니다. | G36: 대기
B37: 5 | C37: 이가현 | D37: 오프닝 스토리 및 컷씬 배경 작업 | E37: 게임의 완성도를 위해 스토리에 비중을 높이기로 하였습니다. 작업 공수가 올라간 만큼 시간이 꽤 걸리게 되었는데, 제가 지금 qa나 레벨 디자인이 아닌 스토리에 집중하는 것이 옳은지 고민이었습니다. 우선 팀장님과 pm님과 논의하여 나온 결론인 만큼 최대한 빠르게 작업물을 내고 다른 파트에 힘을 보태는게 맞다고 생각하여 작업에 집중하고 있습니다. | G37: 대기
B38: 5 | C38: 윤유나 | D38: 스테이지 8번 레벨디자인 및 아트리소스 정리 및 전달 | E38: *^^* | G38: 대기
B39: 5 | C39: 김재환 | D39: 마무리 작업 | E39: 이제는 QA다 | G39: 대기
... B69: 9 | C69: 박원우 | D69: 이벤트 테이블 기획 마무리및 데이터 시트정리 테이블 작성 | E69: 해피 만우절~ | G69: 대기
B70: 9 | C70: 고승주 | D70: 테이블 작성, 튜토리얼 기획서 작성 | E70: 작업이 잘 진행되지 않는 상황에 분위기가 좋지 않습니다. 서로 간에 불만이 생길 수도 있는 상황이기에 다른 팀원들의 눈치를 살피게 되고 심기를 거스르지는 않는지 신경을 쓰게 됩니다. 말없이 작업실 밖으로 이동해서 모여 있는 팀원들을 보면 기분이 묘합니다. 저를 포함해 모두의 책임이 있는 일이기에 다른 사람을 탓하거나 반드시 빌런을 누군가 한 명 만드는 일은 없었으면 좋겠다고 생각합니다. | F70: 오늘 2차 면담 진행하며 체크 필요 | G70: 대기
B71: 9 | C71: 임동균 | D71: 데이터 테이블 작성, 기초 기획서 제작 | E71: *어제 제출 안한 것 같아서 늦게 제출합니다. 죄송합니다. | G71: 대기
B72: 10 | C72: 장호윤 | D72: 밸런스, 로컬라이징 시트 정리, 아트 작업, 일정 마무리, 야근 | E72: 야근하다가 잠들어버려서 못올렸습니다ㅠㅠ | G72: 대기
B73: 10 | C73: 천영현 | D73: 밸런스 패치, QA 진행 | E73: 화이팅~.. | G73: 대기
B74: 10 | C74: 이영우 | D74: 아무것도 안했어요.(유닛 별 DPS 밸런스 맞췄습니다.) | E74: 진짜 저 과정 그만두겠습니다.(착착 진행되고 있어 정말 즐겁습니다.) | G74: 대기
B75: 10 | C75: 홍태광 | G75: 대기
B76: 10 | C76: 정재훈 | D76: 밸런스 검토 | E76: 협업은 확실히 어려운게 많은것 같습니다. 처음에 담당을 잘 정하고 시작해도 후반에 이를수록 누가 어떤 작업물을 담당했는지, 어떤 변화가 생겼는지 파악하기 약간 힘들어지는 느낌을 받았었습니다. | G76: 대기
B77: 10 | C77: 한의호 | D77: 유닛 도감 컨텍스트 작성 | E77: 유닛 소개 문구에 드립 욕심을 그득그득 넣어서 나름 재밌었습니다. | G77: 대기
B78: 10 | C78: 정재용 | D78: 웨이브 데이터 테이블 작업, 적 유닛 테이블 작업 | E78: 저희팀은 드디어 기획은 마무리 작업에 들어갔습니다. 프로토타입으로 게임을 해보는데 정말 두근두근 하더라고요 플밍팀들의 노력이 느껴집니다.. 마지막까지 화이팅! | G78: 대기
B79: 개인 | C79: 김지훈 | G79: 대기
B80: 개인 | C80: 이석훈 | D80: 함수 정리/ 게임 구동부 작업중 | E80: 클로드에게 돈좀 넣어주세요 ㅠ | G80: 대기
B81: 개인 | C81: 조현일 | D81: 스프레드시트로 DB 작업을 성실히 진행했습니다. 눈이 빠질 거 같습니다. | E81: 내일 선택지 시스템 아침부터 고칠 생각에 벌써 의욕이 나는 거 같습니다. 감사합니다. | G81: 대기

Sheet 0402
B2: 날짜 | C2: 46114
B4: 팀 | C4: 이름 | D4: 작업량 | E4: 한마디 | F4: 비고 | G4: 상태
B5: 1 | C5: 강유민 | D5: {=IF($C5:$C999="","", IFERROR( VLOOKUP( $C5:$C999 & "│" & TEXT($C$2,"yyyy-mm-dd"), SORT({ '설문지 응답 시트1'!$B$2:$B999 & "│" & TEXT('설문지 응답 시트1'!$D$2:$D999,"yyyy-mm-dd"), '설문지 응답 시트1'!$E$2:$E999, '설문지 응답 시트1'!$A$2:$A999 }, 3, FALSE), 2, FALSE ), "" ) )} -> 3차 빌드 확인 작업과 마케팅 및 TC 준비를 이어가고 있습니다. | E5: {=IF($C5:$C999="","", IFERROR( VLOOKUP( $C5:$C999 & "│" & TEXT($C$2,"yyyy-mm-dd"), SORT({ '설문지 응답 시트1'!$B$2:$B999 & "│" & TEXT('설문지 응답 시트1'!$D$2:$D999,"yyyy-mm-dd"), '설문지 응답 시트1'!$F$2:$F999, '설문지 응답 시트1'!$A$2:$A999 }, 3, FALSE), 2, FALSE ), "" ) )} -> 어떻게든 잘 달래서 함께 하는 것을 유도하려 했는데, 신경질적인 사람들은 이제 무시하고 진행하려 합니다. 골치아프네요~ 하지만 극복합니다 | F5: 확인 필요 | G5: 주의
B6: 1 | C6: 이유송 | D6: QA TC 작성, 개발 진행상황 체크 | E6: 어떻게든 출시...되겠죠? | G6: 대기
B7: 1 | C7: 이동현 | D7: 컷신을 왕창 만들어왔습니다. | E7: 저는 AI 애니메이션 4기 이동현입니다. | G7: 대기
B8: 1 | C8: 정우경 | D8: 가격 설계, 밸런스 조정 | E8: 일이 생각보다 많다. 팀장을 많이 돕고 싶다. 리더의 부담감을 잘 알고 있다. 내가 잘하는 것이 리더를 돕는 일이라 생각한다. | G8: 대기
B9: 1 | C9: 김현우A | D9: 4-2 우선순의 반드시 설정하기 중복 내용 재거 내일 오전 또는 토요일 까지 체크리스트 항목 완성 우경님 36 40 43 46 현재 나온것 중애서 더 추가 해야 하는거, ui특히 레벨업 ui 정상적으로 작동 | E9: 좀 여유가 생겼다 | G9: 대기
B10: 1 | C10: 정석현 | D10: 사운드 리소스 서칭 보상 장비 UI 제작 | E10: 사운드 작업을 하니 마음은 편안한데 이명이 들리기 시작했다. 즐 겁 다 ! 플밍반 분들이 지금까지 구현해주신 걸 한번 더 보여주셨는데 우리 게임 캐릭터 너무 귀엽다! | G10: 대기
B11: 1 | C11: 임소영 | D11: 상점 기획서, 경제 밸런스 | E11: 상점 기획서, 경제 밸런스 | G11: 대기
B12: 1 | C12: 박현수 | D12: 타이틀 로고 + 표지 제작중입니다 | E12: 끝이보이네요! 아트 관련해서 ai 사용 꿀팁을 하나 얻었습니다 | G12: 대기
B13: 2 | C13: 김서현 | D13: 에스트 점프 애니메이션 수정, 크레딧용 제작진 시드콩 제작, itch.io 업로드 시 필요한 내용 리스트화, TC 간략하게 작성, 이슈 리스트 생성 시 필요한 내용 목록 정리 | E13: QA를 본격적으로 하는 것이 너무 오랜만이라 많이 어색하고 어려웠습니다. 어떤 것부터 본격적으로 해야할 지 잘 모르겠습니다ㅠㅠㅠ | G13: 대기
B14: 2 | C14: 김태환 | D14: 사운드 파일 정리, QA TC 작성 초안 진행중 | E14: 아마 월요일로 밀리지 않을가 출시는... 플머분들한테 너무 많은 작업량을 준거 같은데 항상 괜찮다고 해서 불만사항이 있지는 않은지 확인하기가 좀 어렵다. 아직 거리두는 느낌. | G14: 대기
B15: 2 | C15: 장윤우 | D15: 여분의 일러스트 작업, 슬픔열매 소멸 스프라이트, NPCTALK next id 수정, 게임 소개문 작성 | E15: 음... 작업의 마감이 다가왔다는 체감이 듭니다. '그래서 이제 뭐함?' 상태에 가까워지고 있는 기분이 들어요 | F15: 그래서 이제 뭐함 상태 | G15: 주의
B16: 2 | C16: 유해찬 | D16: 사운드 누락확인! 뭐 빠진거없나 확인! | E16: 이제 곧 다시 업무가 쏟아져 내려오겠죠!? 크아아아 | G16: 대기
B17: 2 | C17: 박기은 | D17: 오늘은 컷신을 그리고 플밍분들이 적용된 아트를 보여주셨는데.. 수정해야할 부분이 많이 보여서 스프라이트 이미지를 수정하는 시간을 보냈습니다 | E17: 시간이 빠르네요.......... | G17: 대기
B18: 2 | C18: 이원홍 | D18: QA대기 | E18: 오늘도 수고하셨습니다. | G18: 대기
B19: 2 | C19: 오동건 | D19: 스테이지 3 유니티 다 찍고 최종본 완성 | E19: 끝,,, 났다,,, | G19: 대기
B20: 3 | C20: 정수진 | D20: 연출, 캐릭터 등의 아트 작업 | E20: 개발이 거의 마무리가 되었고 QA와 추가적인 연출작업이 남았습니다. 게임이 만들어진거보니 좀 더 깔끔하면 어떨까 하는 아쉬움이 계속 남아서 주말에도 계속 작업하지 않을까해요.. 아자아자.. | G20: 대기
B21: 3 | C21: 우현승 | D21: 타이틀 이미지, BGM 등 연출 강화 요소 작업 | E21: 개발속도에 맞춰서 기획을 중단했는데 개발이 생각보다 빠르게 완료되서 반대로 기획이 부족한 상태가 되어버렸다(다음 스테이지에 관련해서 개발팀에서 먼저 요청함). 대비하고 미리 준비를 했어야하는게 맞았나... 근데 결과적으로는 내일 출시를 고려해서 스테이지 추가 안하기로 합의 됐기도 하고, 이것저것 버그 수정하느라 막상 추가 기획&개발하기엔 시간이 안됐을것같기도 하고... 뭐가 정답이었을지 모르겠다... | G21: 대기
B22: 3 | C22: 안성진 | D22: UI 찾기.. | E22: 없습니다 | G22: 대기
B23: 3 | C23: 김민제 | D23: 오프닝 영상의 콘티 작업을 했다. 양식은 인터넷에서 찾았고, 내용은 내 머릿속에 있는 것을 적었다. 어제 이정술 강사님의 조언대로 손으로 적고 기입해보았다. 좀더 정리가 되는 느낌이라 좋은 것 같다. 근데, 사실은 본인도 이정술 강사님의 특강 이전부터 하던 방법이긴 했는데, 이것이 옳을까, 괜히 시간만 걸리는 것 아닌가 걱정했으나 강사님 덕분에 자신감을 얻었다. 결과적으로는 강사님 덕분에 확신을 얻어 도움이 되었다. | E23: 저는 데일리 체크인에 작성한 내용은 전부 노션에도 기록해둡니다. 예전 것들을 읽어 보았는데, 정말 정리되지 않은 글의 집합이더군요…. 그래도 또 그만큼 정신없이 살았다는 증거이기에 긍정적으로 생각하고 있습니다. | G23: 대기
B24: 3 | C24: 김영도 | D24: 타이틀 화면 제작 제목 제작, 캐릭터 제작 | E24: 거의 완성 단계라서 순조로운면도 있었지만 완성단계기 때문에 어려운 면도 있는 것 같습니다. | G24: 대기
B25: 3 | C25: 윤동현 | D25: 오늘은 밸런스 수치 전체 수정 및 QA를 진행했습니다 | E25: 게임이 1스테이지만 진행하는 것으로 바뀌어서 전체적인 진행시간을 늦추기 위한 밸런싱을 하는데 머리가 깨질 것 같아서 울고 싶습니다 | G25: 대기
B26: 3 | C26: 권수빈 | D26: bgm 제작 | E26: 열심히 하겠습니다. | G26: 대기
B27: 4 | C27: 장근혁 | D27: UI 리소스 구조,비율 정리 | E27: 군대에서 시간이 좀 이렇게 빨리갔으면 얼마나 좋았을까 | G27: 대기
... B45: 6 | C45: 김태훈 | D45: 테스트케이스 작성및 통합하기 | E45: 집중력이 점점 떨어져서 정신차리는 중입니다 | G45: 대기
B46: 6 | C46: 송아영 | D46: 모든리소스 끝!!!!!!!!!!!!!!!!!! | E46: 플밍..괜찮을까요...........오늘 프로토타입 나오기로 했지만 못나왔....는데..... | F46: 프로토타입 확인 | G46: 대기
B47: 6 | C47: 이찬규 | D47: itch.io용 문구 다듬기, 추가된 리소스 패키징 및 전달, 프로그래밍 팀과 게임 폴리싱 관련 협의 | E47: 프로그래밍 팀에게 언제나 죄송한 마음뿐입니다. | G47: 대기
B48: 6 | C48: 한지우 | D48: TC 케이스 작성 초안 다듬기 | E48: TC작성.. 게임을 조립하는 느낌입니다 | G48: 대기
B49: 7 | C49: 김민수 | D49: 빌드 파일 받아서 이후 계획을 세웠습니다. 기획반 내부에서 개선안 작성해서 리뷰하고 이후 밸런스 개선안은 실제로 전달하기 위해 유니티를 열어서 확인하는 법을 전달 받았습니다 | E49: 감사합니다 | G49: 대기
B50: 7 | C50: 이정헌 | D50: 받아온 빌드파일을 기준으로 작성한 TC에 해당 하는 것들 이슈로 리스트업 하기, 받아온 빌드파일을 기준으로 팀장과 이후 방향성에 대해 논의 하기(논의 내용 : 기획반에서 현재 만들어진 게임을 기준으로 개선안에 대해서 제안형식으로 작성하기) itch.io에 업로드 하기 위한 준비하기, 마케팅 자료 수집 | E50: 용준님이 수면관련으로 조금 힘들어 하는 것 같습니다. 개인적 사유로 인하여 말씀해 주실 수는 없다고는 하나, 아마 현재 상황이 관련이 있는 것 같습니다. | G50: 대기
B51: 7 | C51: 이승구 | D51: 1. 타이틀 제작중- 2. BGM 선정 3. 기능 테스트(QA) | E51: 개발반 힘내주세요, | G51: 대기
B52: 7 | C52: 채지형 | D52: 기획서 최종 수정, QA 이슈 리스트 작성 | E52: 없습니다! | G52: 대기
B53: 7 | C53: 곽용준 | D53: QA 작업 진행 후 체크 리스트 작성 | E53: 점심 시간에 깜빡 잠들었습니다... | G53: 대기
B54: 7 | C54: 이도건 | D54: 오늘은 처음으로 프로토타입 형태인 빌드가 나와서 플레이를 해보고 발생 버그에 대해서 작업 우선 순위 정도를 지정하여 추가하였습니다. | E54: 첫 기획에서 많이 덜어낸 프로토타입이지만 그래도 개발 분들이 최대한 일정 맞추려고 노력해주시고 고생하신 걸 알기 때문에 감사한 마음이 듭니다. 첫 빌드 게임도 일단 형태가 갖춰진 것을 보니 뿌듯합니다. | G54: 대기
B55: 7 | C55: 이균호 | D55: - TC 마무리 - QA 진행 | E55: 오늘은 프로토타입빌드가 나온 날이다. 나온 빌드를 플레이해보며 QA와 기획 간 차이점은 없는지 확인해보는 시간을 가졌다. 프로토타입이지만 뭔가 굴러가는 게 나오니까 감격이다. 앞으로 갈 길이 멀지만 열심히 노력해주시는 팀원 분들을 보면 힘이 난다. 나도 열심히 해야지 | G55: 대기
B56: 7 | C56: 최선동 | D56: 성장 시스템 프로그래밍 담당자와 시스템 관련 수정사항 검토 | E56: - | G56: 대기
B57: 8 | C57: 예인해 | D57: 로컬라이징 검수, 연출기획서 검수, TC 검수, 데일리 스크럼 | E57: 버퍼가 있지만 버퍼가 애매합니다... | G57: 대기
B58: 8 | C58: 이도민 | D58: itch.io 제출 내용 정리 | E58: 없습니다 ! | G58: 대기
... B64: 8 | C64: 배주빈 | D64: 04/02 오늘 해야할 일 1. 연출 기획서 보강(점심까지) 1-1. 효과음 1-2. 엔딩 연출 마무리 2. 금일 대기중인 아트 리소스 2-1. 버프(패시브)&디버프, 아이콘 리소스 제작 오전 데일리 스크럼 1. 빌드를 받았을 때 1-1. 튜토리얼이 기획한대로 잘 구현이 됫는지 확인 오전 작업 착수 순서 1. 연출 기획서 / 효과음 연출 기획서 문서 추가 2. 엔딩 리소스로 들어갈 먼지 이미지 작업 2-1. ai로는 톤앤매너에 맞는 이미지 제작이 안됨(토큰 소모 푸함) a.기본 리소스를 범진님께 전달하여 리터칭 작업 요청 3. 연출 기획서 / 효과음 연출 기획서 문서 작업 합류(10:44~) 4. 완성된 먼지 리소스를 엔딩 연출 문서에 하이퍼링크 연결 5. 다시 효과음 제작&리서치 오후 데일리 스크럼 1. 전투 효과음 마저 채우기(4시 10분까지) 오후 작업 착수 순서 1. 효과음 작업 (~15:00) 2. 연출 기획 리뷰대기 (15:10~18:00) 2-1. 예상치 못한 상황으로 길어진 대기시간동안 붕뜬 상황. 내일 해야할 일 1. 오전 2교시 때 연출 기획서 리뷰진행 1-1. 1교시에는 연출담당자끼리 문서 리뷰를 진행하여 누락된 것을 확인하기 | E64: 좀 붕뜬 날이엿다 | G64: 대기
B65: 9 | C65: 서진호 | D65: 사운드 리스트를 간단하게 정리하는 작업과 간단하게 게임의 리소스를 배치한 목업 씬을 깃에서 브랜치를 만들고 PR을 만들고 머지 작업까지 완료했습니다. | E65: 다시 역할배분을 해야하는 작업을 PM님과 같이 하는데 뭘 해야할지 잘 모르겠네요... 고민이 아주 큽니다.. 뭘 할 수 있고, 뭘 해야할지를 모르겠는 상황이긴 합니다 | F65: 작업 가이드 필요 | G65: 주의
B66: 9 | C66: 강태성 | D66: 개발진척 확인, 테스크 쥐어 짜기 | E66: 빠빠빨간맛 궁금해 허니~ 심연을 들여다 보면 심연도 너를 들여다 볼 것이다 | F66: AI를 이용해서 프로젝트에 코드 뜯어보고 불만을 가지고 있음 | G66: 대기
B67: 9 | C67: 박민규 | D67: 오늘은 이벤트 컷신에 필요한 일러스트 작업을 했습니다 | E67: 내일은 민방위 교육을 갑니다 | G67: 대기
B68: 9 | C68: 김경민 | D68: UI | E68: - | G68: 대기
B69: 9 | C69: 박원우 | D69: 기획서 재정립 및 플밍소통 회의 | E69: 일했음 청년... | G69: 대기
B70: 9 | C70: 고승주 | D70: 데이터 테이블 작업, 튜토리얼 매커니즘 수정, 홍보자료 제작 준비 | E70: 개발팀이 많이 고생하고 있는 거 같습니다. 힘내면 좋겠습니다. 화이팅! | G70: 대기
B71: 9 | C71: 임동균 | D71: 기초 기획서 전부 작성, 스폰 시스템 구체화, 해당 문서에 대한 플로우차트 작성, 프로그래머분과 스폰 방식 - (초반에 많이오르고, 후반에 거의 안오르는, 특정 값으로 수렴하도록 하는 식, 스폰 시간대 분포는 정규분포형식을 따르도록) 논의하고 전달. 스폰 가중치 관련 작업 요청하고 대기중인 상태입니다. | E71: 확실히 기획이 선행되고 상대적으로 먼저 하고 나면 붕 뜨는 시간이 있는데, 이 때 어떤 작업을 해야 효율적인 작업이 될지 (골드 수치 밸런스 조정할 예정) 고민해봐야겠다. | G71: 대기
B72: 10 | C72: 장호윤 | D72: 도감내 삽입 이미지 작업, 게임 타이틀 그림, 밸런스 체크, 강사님 두분 불러오기, 팀원들과 즐거운 시간 | E72: 저는 행복합니다 | G72: 대기
B73: 10 | C73: 천영현 | D73: 밸런스 패치, 로컬라이징 최종 시트 제출 | E73: 개발이 미뤄졌지만 우린 할 수 이따!!~ | G73: 대기
B74: 10 | C74: 이영우 | D74: 밸런스 패치 | E74: 팀 내 중도 포기자가 발생한 일에 대하여 깊은 유감을 표합니다. | G74: 대기
B75: 10 | C75: 홍태광 | D75: UI 폴리싱 | E75: 접시에 물 떠놓고 플밍분들 작업이 원만히 이루어지도록 빌고 있습니다. | G75: 대기
B76: 10 | C76: 정재훈 | D76: 밸런스 검토, 맵 수정작업 | E76: 플밍분 한분이 빠지는 이슈가 생겨서 다들 고생하실텐데 지금은 잘 되길 응원하는 수밖에 없는것같습니다. | G76: 대기
B77: 10 | C77: 한의호 | D77: 게임 내 컨텍스트 작업, 인게임 일러스트 생성 작업 | E77: AI 때문에 속터져요... | G77: 대기
B78: 10 | C78: 정재용 | D78: 데이터 테이블 완성 및 밸런스 조절 (내일도 밸런스 조절 예정..) | E78: 게임 플레이 하면서 밸런스 조절 중인데 벌써 완성이 코앞이라는게 느껴집니다. 좀 더 파이팅! | G78: 대기
B79: 개인 | C79: 김지훈 | G79: 대기
B80: 개인 | C80: 이석훈 | D80: 스토리 진행/UI작업 | E80: itchIO는 사치였다 | G80: 대기
B81: 개인 | C81: 조현일 | D81: 선택지 버그 픽스와 프레임워크 활용에 대하여 조금 더 파악한거 같습니다. | E81: 파라미터에 대한 활용을 초반에 고려했으면 어떨까 하는 생각이 약간 들었습니다. | G81: 대기

Sheet 0403
B2: 날짜 | C2: 46115
B4: 팀 | C4: 이름 | D4: 작업량 | E4: 한마디 | F4: 비고 | G4: 상태
B5: 1 | C5: 강유민 | D5: {=IF($C5:$C999="","", IFERROR( VLOOKUP( $C5:$C999 & "│" & TEXT($C$2,"yyyy-mm-dd"), SORT({ '설문지 응답 시트1'!$B$2:$B999 & "│" & TEXT('설문지 응답 시트1'!$D$2:$D999,"yyyy-mm-dd"), '설문지 응답 시트1'!$E$2:$E999, '설문지 응답 시트1'!$A$2:$A999 }, 3, FALSE), 2, FALSE ), "" ) )} -> 프로젝트 빌드 확인 및 TC, 마케팅 준비 | E5: {=IF($C5:$C999="","", IFERROR( VLOOKUP( $C5:$C999 & "│" & TEXT($C$2,"yyyy-mm-dd"), SORT({ '설문지 응답 시트1'!$B$2:$B999 & "│" & TEXT('설문지 응답 시트1'!$D$2:$D999,"yyyy-mm-dd"), '설문지 응답 시트1'!$F$2:$F999, '설문지 응답 시트1'!$A$2:$A999 }, 3, FALSE), 2, FALSE ), "" ) )} -> - | G5: 대기
B6: 1 | C6: 이유송 | D6: QA TC 작성, 크레딧 정리, itch.io 출시 준비 | E6: 없습니다. | G6: 대기
B7: 1 | C7: 이동현 | D7: AI와 많고 많은 대화를 나눴습니다. | E7: 루도는 신이야! | G7: 대기
B8: 1 | C8: 정우경 | D8: 장비 밸런스 상점 가격 스프레드 개별 가격 입력 QA TC목록 | E8: 게임이 점점 완성되고 있다. 불안한 마음 부족한 마음보다는 뿌듯하고 팀원들에게 감사한 마음이 더 크다. | G8: 대기
B9: 1 | C9: 김현우A | D9: 4-3 4-정밀 장거리 6-중거리/6의 행운 10근접/확산 11 단계별 근접 자격 | E9: QA 체크리스트 작성을 했다 | G9: 대기
B10: 1 | C10: 정석현 | D10: 타이틀 화면 UI 배치, 타이틀 이미지 회의 보상, 장비 및 스킬 설명 UI 수정 사운드 리소스 서칭 | E10: 일주일이 순식간에 삭제됐다!!!!!! 이건 현실이 아니다 주말 화이팅~~~!!!~!! | G10: 대기
B11: 1 | C11: 임소영 | D11: 경제 밸런스 완성 후 문서화, 상점 기획서 완성 | E11: 경제 밸런스 완성 후 문서화, 상점 기획서 완성 | G11: 대기
B12: 1 | C12: 박현수 | D12: 타이틀 표지 추가 작업 + 소개 아트제작 | E12: 금요일! 오늘도 수고많으셨습니다! | G12: 대기
B13: 2 | C13: 김서현 | D13: TC 작성, 사운드 SFX R&D 및 확정 -> 정리, itch.io 소개글 작성 및 페이지 테마 설정 | E13: 자꾸 작업이 수업 시간 이후로도 이어지면서 마무리가 제대로 되지 않는 것 같습니다ㅠㅠ 오늘은 제시간에 작성하겠습니다! | G13: 대기
B14: 2 | C14: 김태환 | D14: TC 작성 / 사운드 작업 | E14: 소통에 있어서 다소 공격적인 워딩을 사용하는 팀원이 있어 당황스러웠다... 최대한 직접 말하지 않고 누군가를 거쳐 소통할 수 있도록 안내드렸지만 가끔 돌발행동을 해서 당황스러움.................. | G14: 대기
B15: 2 | C15: 장윤우 | D15: itch.io 소개문 작성, 3스테이지 유니티 연출 작업 컷씬1, 2 작업 | E15: 히히..재밌다...유니티... 저희 팀 플밍 분들에게 깊은 감사를 느낍니다. | G15: 대기
B16: 2 | C16: 유해찬 | D16: 번역작업, 플레이테스트, 등 | E16: 다들 맡은 업무를 잘해주셔서 좋습니다~ 근데 PM.분을 통해 내용이 전달되다보니 개발자분들과 소통할때 어떤게 전달이 되었고 안되었는지 어떤부분을 이야기해도되는건지 아리송할때도 있는것같습니다! | G16: 주의
B17: 2 | C17: 박기은 | D17: 오늘은 간단한 QA를 해보고.. 로비이미지에 들어갈 일러스트와 컷신을 만드는 일을 했습니닷 | E17: 아트는 한번 하고나니 다시하고싶지 않네욧.... | G17: 대기
... B37: 5 | C37: 이가현 | D37: 스토리 일러스트 및 텍스트 (로컬라이징) 마무리 | E37: 10살 어린이의 말투를 몰라서 힘들었습니다. 계속 쓰면서 제가 더 접한 영유아 수준으로 글짓기가 되었습니다. 여러 사람들에게 피드백을 받고 ai 통해 검증도 해보면서 보완 작업을 진행했습니다 | G37: 대기
B38: 5 | C38: 윤유나 | D38: QA TC 작업 | E38: QA너무어려워요 | F38: 5팀 QA 상태 확인 | G38: 대기
B39: 5 | C39: 김재환 | D39: 마무리 작업 | E39: 남은 일정도 파이팅 | G39: 대기
B40: 5 | C40: 이동우 | D40: TC에 내용 채워넣는거랑 개발 진행상황에 맞춰서 스테이지 수정 | E40: 6시에 끝나면 바로 공부하러간다 와~ 신난다~~~~ ... | G40: 대기
B41: 5 | C41: 신석균 | D41: QA의 테스트 케이스의 범위에 대해 다시 정의하고 이에 따른 업무를 배분하였다. 메인 화면과 인 게임 내 시스템에 관련된 테스트 케이스를 작성하고 있다. | E41: QA 리스트 작성이 생각보다 할 것이 너무 많다. | G41: 대기
B42: 6 | C42: 손호진 | D42: 오늘 처음 빌드를 확인했고, itchio 사이트에서 팀의 게임이 올라가는 걸 체크했습니다. | E42: 이제 프로젝트 기간이 진짜 얼마 남지 않아서, 마지막까지 최선을 다해서 최고의 결과를 내야겠습니다. | G42: 대기
B43: 6 | C43: 박영성 | D43: 잇츠 아이오 사전 출시 진행, 페이지 구성을 통한 마케팅 기획 구현 및, 팀 QA 진 | E43: 프로젝트가 장기화 될수록 점점 정신이나 집중력이 해이해지는 것이 느껴지는데 이런 스스로를 관리하는 것도 중요한 덕목이라는 것을 점점 느끼게 되는 것 같습니다.... | G43: 대기
B44: 6 | C44: 맹지훈 | D44: 티저 최종본 유튜브 업로드, 유튜브 섬네일 작업, QA | E44: 흘러가는 대로 가자는 마인드가 강해지고 있습니다. 드디어 어른들이 제게 했던 조언이 무슨 의도인지 이해하게 됩니다. 그럼에도 행복합니다. | G44: 대기
B45: 6 | C45: 김태훈 | D45: TC작성완료, 깃이슈템플릿제작, QA시작 | E45: 끝이보입니다 | G45: 대기
B46: 6 | C46: 송아영 | D46: 빌드가 나와서 플레이해보는 중입니다 즐 겁 다 ! | E46: 저희 itchio 너무 귀엽게 잘나왔습니다 6팀 최고~~~ | G46: 대기
B47: 6 | C47: 이찬규 | D47: QA, 폴리싱 관련 논의 | E47: 얼추 완성되어가는 것일까요 | G47: 대기
B48: 6 | C48: 한지우 | D48: 빌드버전 플레이 및 QA업무 진입 | E48: 정신없는하루였습니다 | G48: 대기
B49: 7 | C49: 김민수 | D49: 발표자료 준비, 이슈리스트 작성 | E49: 팀장의 무게가 무겁습니다 | G49: 대기
B50: 7 | C50: 이정헌 | D50: 개선 기획안 쓰기, TC 작성, QA진행 | E50: 체력관리가 정말 중요한거 같습니다. 한번 제대로 쉬지 못하니 계속 그런 패턴이 이어지는 것 같습니다... | G50: 대기
... B66: 9 | C66: 강태성 | D66: TC 작성 | E66: 빌드... 늦네에.... | G66: 주의
B67: 9 | C67: 박민규 | G67: 대기
B68: 9 | C68: 김경민 | D68: 사운드, 테스트케이스 | E68: - | G68: 대기
B69: 9 | C69: 박원우 | D69: tc작성 이벤트확정 | E69: 하하호호 즐거운작업 | G69: 대기
B70: 9 | C70: 고승주 | D70: QA 테스트 케이스 작성, 튜토리얼 대사목록 로컬라이징 작업 | E70: 구현 작업에 들어간 뒤로 얼마나 허술한 기획을 했는지를 알게 됩니다. 너무 놓친게 많더군요. 이걸 어떻게 관리해야 놓치지 않고 정리하고 전달 할 수 있는지 고민을 해야겠습니다. | G70: 대기
B71: 9 | C71: 임동균 | D71: 테스트케이스 작성, QA간단하게 진행(기록만함), 기획서 일부 수정. | E71: UI쪽은 다른 사람이 담당했었는데, 예외처리가 거의 안되어있는 느낌이었다.. 그래서 해당 부분을 엄청 많이 고쳐야할 것 같다.. UI가 어떻게보면 실제로 상호작용하는 영역이다보니 잘못 작동할 때 짜증나는게 더 커서 집중적으로 이 부분을 관리해야할 것 같다. | G71: 대기
B72: 10 | C72: 장호윤 | D72: 게임 업로드 전 마지막 테스트 및 밸런스 체크 시간을 가졌습니다... 그리고 잇츠아이오 업로드 준비를 위해 열심히 또 소개글 작성을 하는 즐거운 시간을 가졌습니다 | E72: 시공의 폭풍은 정말 최고야! | G72: 대기
B73: 10 | C73: 천영현 | D73: 밸런스패치 QA | E73: 화이팅 플밍팀!! | G73: 대기
B74: 10 | C74: 이영우 | D74: 게임하고 놀았습니다. | E74: 버그를 고치면 버그가 생기고 그걸 예측해서 버그를 테스트하면 예측 밖에 버그가 생기고 또 그걸 고치면... | G74: 대기
B75: 10 | C75: 홍태광 | D75: QA | E75: 본의아니게 쉬었음 청년이 되버리고 말았읍니다... | G75: 대기
B76: 10 | C76: 정재훈 | D76: 필요한 아트 리소스 제작 | E76: 확실히 출시를 앞두고 버그, 미완성된 부분들이 튀어나오기 시작하니 조금 불안해지긴 하는데, 다들 열심히 하고 있으니 저도 열심히 게임이 잘 나오길 기대하고, 다음 QA시간에 열심히 해야겠습니다. | G76: 대기
B77: 10 | C77: 한의호 | D77: 마케팅 이미지 제작 | E77: QA 기간을 길게 주셔서 감사합니다... | G77: 대기
B78: 10 | C78: 정재용 | D78: 사운드 에셋 정리, QA및 밸런스 조절 | E78: 벌써 출시 및 발표까지 일주일정도 밖에 안남았네요.. 파이팅 하겠습니다..! | G78: 대기
B79: 개인 | C79: 김지훈 | G79: 대기
B80: 개인 | C80: 이석훈 | D80: 코딩 | E80: 로시 40챠 신난다 이쁘다 + 전무 1돌 40챠컷 ㄴㅇㅅ | G80: 대기
B81: 개인 | C81: 조현일 | D81: 테이블 작업 및 연출 작업을 하며 진행 불가의 버그에 빠졌으나 차분히 해결하며 진행하였습니다. | E81: 정진하겠습니다. | G81: 대기

Sheet 0406
B2: 날짜 | C2: 46118
B4: 팀 | C4: 이름 | D4: 작업량 | E4: 한마디 | F4: 비고 | G4: 상태
B5: 1 | C5: 강유민 | D5: {=IF($C5:$C999="","", IFERROR( VLOOKUP( $C5:$C999 & "│" & TEXT($C$2,"yyyy-mm-dd"), SORT({ '설문지 응답 시트1'!$B$2:$B999 & "│" & TEXT('설문지 응답 시트1'!$D$2:$D999,"yyyy-mm-dd"), '설문지 응답 시트1'!$E$2:$E999, '설문지 응답 시트1'!$A$2:$A999 }, 3, FALSE), 2, FALSE ), "" ) )} -> 빌드 확인 및 TC 진행 | E5: {=IF($C5:$C999="","", IFERROR( VLOOKUP( $C5:$C999 & "│" & TEXT($C$2,"yyyy-mm-dd"), SORT({ '설문지 응답 시트1'!$B$2:$B999 & "│" & TEXT('설문지 응답 시트1'!$D$2:$D999,"yyyy-mm-dd"), '설문지 응답 시트1'!$F$2:$F999, '설문지 응답 시트1'!$A$2:$A999 }, 3, FALSE), 2, FALSE ), "" ) )} -> 개선된 빌드가 만들어질 수록 팀원들의 분위기가 개선되고 있습니다. 아무래도 끝이 보이고, 그동안의 힘든 부분들을 보상 받는 느낌이라 그런 것 같습니다. 아직 개선해야 할 부분들이 꽤 남아 있어서 그 부분을 끝까지 해결해보려 합니다. 화이팅 | G5: 대기
B6: 1 | C6: 이유송 | D6: QA 진행 | E6: 팀 내 이슈...개발팀 제발 힘내주세요...! QA는 귀찮다....하하핳 | G6: 대기
B7: 1 | C7: 이동현 | D7: 스토리 작업 | E7: 영상 편집은 기획자가 내세울 수 있는 무기가 될까요??????? 제발 되었으면 좋겠습니다. | G7: 대기
B8: 1 | C8: 정우경 | D8: QA작업, 사운드 정리 | E8: 마무리가 되어가는데, 마지막에 일이 엄청나게 밀리게 된다. 항상 버퍼를 생각하고 작업을 진행해야겠다. 팀원이 열심히 해주어서 마지막까지 힘을 내야겠다. | G8: 대기
B9: 1 | C9: 김현우A | D9: 4-3 4-정밀 장거리 6-중거리/6의 행운 10근접/확산 11 단계별 근접 자격 -GitHub issue 등록- 1. 레벨업 했을 때, 눈금 1이 더큰 보상이 된다. (눈금이 높을수록 좋게 기획이 되어있는데) 레벨업 시스템 문제 2. UI 줄임말 사용 금지 (치속/치확/이속/공속/치확/치피) 3. 레벨업 3장 선택 시 중복 선택 가능하게 되어있음 (기획서상에는 중복선택 안됨) 4. 레벨업 UI 선택 개수 표시 안됨 (레벨업시 조건도 같이 기재함) 5. UI가 시야를 가림 (하단 스킬 텝/ 왼쪽 상단) 게임 플레이이에 제한이 있음 - UI 새로 디자인해야함 (정석현) - 투명도 6. 전투방 클리어 했을 때 클리어 표시 또는 문 열고 닫히는 소리 추가했으면 좋겠다. (사운드로) 7. 스테이지 이동시 경험치 초기화 (진행님) 8. 캐릭터 대시 재사용 대기시간 UI 표시 9. 레벨업 밸런스 수치 조절 (우경님) 10. 보스급(일반보스/최종보스) hp바 (승열님) 11. 플레이어 캐릭터 쿨타임에 시계바 ( 유찬님) " 12. 최종보스 맵이 너무 커서 플레이어 캐릭터가 너무 작아보임 (진행님) 13. 최종보스 흐려짐 (유찬님) 14. 체력바(현재 체력/최대 체력) /능력치바 수치 적용 (유찬님) " 트레킹 계속하기 당담자 나현수 님창 테그 | E9: QA는 체크리스트는 마무리 된 느낌이고 이제 실제 테스트 인거 갔다 | G9: 대기
B10: 1 | C10: 정석현 | D10: 스킬 SFX 수집 타이틀 UI, 이미지 컨펌 BGM 시퀀싱 | E10: 오랜만에 본업을 하니 즐겁긴 한데... 역시 쉬운 일이 아니다 😭 다들 마지막주에 진입하게 되어 정신없이 바쁠텐데 화이팅입니다...🥹 | G10: 대기
B11: 1 | C11: 임소영 | D11: 발표 PPT에 들어갈 내용 작성해서 전달, 설문지 작성, 빌드 확인 | E11: 발표 PPT에 들어갈 내용 작성해서 전달, 설문지 작성, 빌드 확인 | G11: 대기
B12: 1 | C12: 박현수 | D12: 게임 타이틀 표지 작업 마무리 + 리뷰 | E12: 월요일 수고 많으셨습니다! | G12: 대기
B13: 2 | C13: 김서현 | D13: 텍스트박스 스프라이트 제작 ( 말하기 / 생각하기 각각 흑/백 총 4가지 ) itch.io 페이지 일부 수정 (팀로고 등록, 작업된 헤더 이미지 변경 itch.io 페이지 RnD => 페이지 방향성 탐색 ppt 토대 작업 | E13: 기획서에 대해 플머 분들께 말씀을 전해드리면서, 앞으로 기획서에 어떤 세부적인 내용이 추가로 작성되어야 하는지에 대해 깊은 생각을 갖게 되었습니다. 할 줄 아는 것과 할 수 있는 것의 구분이 중요한 것 같습니다. 비록 제가 할 줄 아는 것이지만, 현재 일손이 여유롭지 않아 할 수 없다는 것을 인지하고, 다른 분들께 업무를 배분하는 것이 중요하다고 생각했습니다. 그럼에 따라 어디까지 피드백을 드리고, 어디까지는 타협할 줄 알아야 하는지에 대해서도 깊이 생각해보려 합니다. 내일도 화이팅 하겠습니다! | G13: 대기
B14: 2 | C14: 김태환 | G14: 대기
B15: 2 | C15: 장윤우 | D15: iich.io 소개문 내용 추가, ui관련 회의, 열매 별 텍스트 id 값 할당 | E15: 플밍분들이 해내시기를 기도하는 중입니다. 그저 기도 중... | G15: 대기
B16: 2 | C16: 유해찬 | D16: 기존 작업물에 대해 질의응답, 새로 요청사항처리 | E16: 무언가 의논된것이 있어보이는데 정리되어 전달이 되지않아 혼란스럽습니다! | G16: 대기
B17: 2 | C17: 박기은 | D17: itchio에 들어갈 이미지 작업중입니다! | E17: 마지막까지 화이팅~ | G17: 대기
B18: 2 | C18: 이원홍 | D18: 플밍팀에 버그제보 | E18: 고생하셨습니다. 발표때 대답을 어떻게 해야될지 고민되네요 | G18: 대기
B19: 2 | C19: 오동건 | D19: 부차적으로 남겨둔 것들 논의(대사창, 선택 버튼 소리 등등) | E19: 플밍분들 화이팅 | G19: 대기
B20: 3 | C20: 정수진 | D20: QA, 연출, 튜토리얼 | E20: 거의 끝이 보이네여 | G20: 대기
B21: 3 | C21: 우현승 | G21: 대기
B22: 3 | C22: 안성진 | D22: TC 문서 작성 | E22: 없습니다 | G22: 대기
B23: 3 | C23: 김민제 | D23: 지금까지 만든 이미지들과 영상을 합쳐서 오프닝 영상 제작 작업을 하였다. 이후, qa 작업에 들어갔다. 또한 추가 asset들을 찾아서 플밍반측에 전달 작업을 시작하였다. 여기서, 한가지 신기한 점이 내 컴퓨터에서 게임을 돌렸을 떄, 다른 사람들한테는 보이는 이펙트가 보이지 않는다는 것이다! 이유는 이제부터 찾아야 한다… | E23: 게임의 완성이 가까워진것이 느껴진다. 팀의 분위기도 초반의 정신없이 바쁘고 어색하던 때보다 많이 여유로워지고 친해진 것 같다. 마지막까지 아자아자! | G23: 대기
B24: 3 | C24: 김영도 | D24: 에셋 만들기 qa | E24: 순조롭게 진행되었습니다. | G24: 대기
B25: 3 | C25: 윤동현 | D25: 오늘은 무기, 몬스터 스폰,스탯, 보스 투사체 속도 등 밸런싱 작업 및 QA를 진행하였습니다. | E25: 기획했던 소모 아이템들이 들어오자 다시 밸런싱을 해야했고 빌드가 나오고 나서 지인들에게 플레이를 부탁하여 피드백을 받아, 각종 버그나 요청사항들을 받아서 팀원들과 소통하고 수정하는 방식으로 진행되었던 것 같습니다. 그리고 역시 완벽한 밸런스란 없는 것 같기도 합니다 ... | G25: 대기
B26: 3 | C26: 권수빈 | D26: QA, 마켓팅, BGM 제작 | E26: 열심히 하겠습니다. | G26: 대기
B27: 4 | C27: 장근혁 | D27: 빌드 검수, 발표자료 만들기 | E27: 날씨가 꾸리꾸리해서 축 쳐지는 하루였다 | G27: 대기
B28: 4 | C28: 권현민 | D28: 출시및QA준비 | E28: 화이팅입니다.. 화이팅 | G28: 대기
B29: 4 | C29: 조준현 | D29: 기억이 나지 않는것.. | E29: 뭘했더라.. | G29: 대기
B30: 4 | C30: 한재환 | D30: 손님 TC 작성 | E30: 화이팅! | G30: 대기
B31: 4 | C31: 김현우B | D31: 사운드 작업 | E31: 이제 곧 끝나네요 | G31: 대기
B32: 4 | C32: 김흥규 | D32: 테스트 케이스 작성 | E32: 마감일은 다가오고, 졸림도 다가오고... 마지막까지 화이팅! | G32: 대기
B33: 4 | C33: 오종호 | G33: 대기
B34: 4 | C34: 주재형 | D34: 이미지 리소스 최적화/밸런스 기획서 작성 | E34: 수고하셨습니다 | G34: 대기
B35: 5 | C35: 이형진 | G35: 대기
B36: 5 | C36: 승정하 | D36: - itch.io 페이지 로컬라이징 - 빌드 관리표 양식 작성 - 개발 현황 파악 - QA 준비 | E36: 마감 기간이 다가와서 속도를 내줘야하는 상황일때 개발팀과의 소통이 어떤 식으로 이루어지는게 좋을지에 대한 고민이 있습니다. 서로의 영역을 존중하면서도 PM으로서 일정을 잘 관리하기 위한 체계와 환경을 잘 조성해야할것같습니다. | G36: 대기
B37: 5 | C37: 이가현 | D37: 게임 제목 선정 및 홍보 페이지 배경, 로고 제작 | E37: 개발팀이 꼼꼼하고 열정 있다는 점이 항상 좋은 건 아닌 듯합니다. 충분히 기획팀 내에서도 확인하고 진행할 수 있는 부분이고 그것이 효율적이라 판단 되는데 개발팀에서 마무리 하고자 하니 할 수 있는 것이 없군요 | G37: 대기
B38: 5 | C38: 윤유나 | G38: 대기
B39: 5 | C39: 김재환 | D39: itch.io 마케팅 R&D | E39: 출시가 가능할지 걱정입니다 | G39: 대기
B40: 5 | C40: 이동우 | D40: 아 많은 일이 있었다. QA 테스트 케이스 작성했는데 그 수가 무려! 자그마치 3.5.5개가 나왔다. 후반부에는 좀 힘들어서 몇개 슬렁슬렁 넘어갔는데 더 늘어날 것 같다. 그렇게 테스트 케이스 작성했고 TC 사용 가이드랑 보고양식 가이드도 작성했다. 근데 이렇게 하는게 맞는지는 모르겠다 ㅋ 아몰랑 일단 쉴래(공부) | E40: 뀨 | G40: 대기
B41: 5 | C41: 신석균 | D41: QA의 테스트케이스 리스트업 | E41: 개발자분들이 정말 많은 의미에서 힘들다라는 것을 다시금 느꼈습니다. | G41: 대기
B42: 6 | C42: 손호진 | D42: 우선적으로 나온 빌드버전을 파악했고, QA를 역할을 나누어 진행했습니다. 추가로 발표 자료를 구상하며 마케팅적으로도 어떻게 사용할지를 고민했습니다. | E42: 기획 의도대로 잘 나오고 있는 것 같아서 매우 좋습니다. 자잘하게 고쳐야 할 점이 있긴 하지만 수요일에 나올 최종 빌드에 잘 수정해서 발표만 잘 마무리하면 될 것 같습니다. | G42: 대기
B43: 6 | C43: 박영성 | D43: QA 업무 프로세스 구상 및 논의, QA 관할 배치에 대해 논의 하였습니다 | E43: 다른 프로세스는 그간 몇번의 프로젝트 경험으로 어느정도 다들 정착을 하는데 QA 프로세스는 역시 처음 해보다보니 시행착오가 있는 것 같습니다 | G43: 대기
B44: 6 | C44: 맹지훈 | D44: QA, 쇼츠 영문버전 렌더링, 마케팅 추가 논의 , 릴스 설명문 + 각종 태그 정리 | E44: 행복합니다 | G44: 대기
B45: 6 | C45: 김태훈 | D45: QA진행 및 깃이슈로 버그리포트 작성후 전달 | E45: 수많은 버그가 나오고있습니다 | G45: 대기
B46: 6 | C46: 송아영 | D46: 막판에 QA본 받았습니다!! | E46: 우리 매장정상영업?합?니다?(QA할것이 생각보다 많았다고한다) | G46: 대기
B47: 6 | C47: 이찬규 | D47: itch.io 페이지 일부 수정, QA | E47: 크아악 | G47: 대기
B48: 6 | C48: 한지우 | D48: 장비장착 시스템이 기획이랑 다르게 구현된 부분이 있어서 소통하고 QA용 빌드가 나와서 QA진행중입니다 | E48: 소통의 중요성 뼈저리게 느끼고 있습니다 | G48: 대기
B49: 7 | C49: 김민수 | D49: 발표 자료 준비, QA 폴리싱 업무 분담, 마케팅 영상 제작 | E49: 발표준비 떨려요 | G49: 대기
B50: 7 | C50: 이정헌 | D50: Tc리스트 추가, QA, 마케팅준비 | E50: 체력관리가 정말 중요한거 같습니다... 팀원들도 일부 지친부분이 있는것 같습니다. | G50: 대기
... B58: 8 | C58: 이도민 | D58: 공용 템플릿 제작 | E58: 없습니다 ! | G58: 대기
B59: 8 | C59: 김시온 | G59: 대기
B60: 8 | C60: 이준혁 | D60: QA와 밸런싱의 무한지옥 | E60: 갑작스러운 구현 이슈 발생 | G60: 대기
B61: 8 | C61: 이승진 | D61: QA | E61: 지난 팀프에서도 QA를 하긴 했는데 TC까지 고려해서 QA 작업을 한건 이번이 처음인거 같습니다. TC를 짜는거만큼 어렵겠냐만은 이것도 처음 제대로 해보니 만만찮더라고요. 버그 리포트 기껏 작성했더니 다른 분의 버그 리포트와 겹치거나 기능 미구현 문제로 무용지물이 되기도 했습니다. 그리고 플밍8팀과 소통 미스로 제가 오해한 내용을 기획8팀에 전달하는 바람에 팀이 단체로 멘붕에 빠졌었는데 아 이것도 제가 오해할수밖에 없는 상황이긴 했지만 많이 부끄러웠네요. 그래도 상황은 무사히 수습되긴 했습니다. 누구라도 오해할수밖에 없었다고 팀원들도 이해해줬고 제가 오해한 상황이 아니어서 안도했습니다. 이번 팀프3 하면서 느끼는거지만 플밍과의 소통은 기획과의 소통보다 난이도가 몇배는 더 높은거 같습니다. 기획도 어렵지만 소통이 참 어렵네요 어려워... | G61: 주의
B62: 8 | C62: 김윤규 | G62: 대기
B63: 8 | C63: 김범진 | D63: 이미지 작업, 밸런스 및 기획 보조 | E63: 개발단에서 구현이 어려운 부분이 생겨서 회의를 진행했습니다. 슬기롭게 잘 조율해서 해결해야 할 것 같습니다. | G63: 대기
B64: 8 | C64: 배주빈 | D64: 04/06 오늘 해야할 일 1. 효과음 문서 컨펌 받기 오전 오전 데일리 스크럼 1. qa 작업 진행 2. 효과음 문서 컨펌 받기 (컨펌없이 건너뛰고 QA진행) 오전 작업 착수 순서 1. QA 작업 1-1. 팀 내에서 작성된 TC양식 읽어보기 1-2. 이슈하나라도 발견시 TC양식으로 작성해서 PDF파일로 뽑고 이슈 등록하기. 1-3. TC양식 작성 파악해보기 2. 녹음하기 3. QA 작업 오후 오후 작업 착수 순서 1. QA / 버그 리포트 1-1. 버그 리포트 문서 작성 1-2. 해당 버그를 PDF으로 추출 후 드라이브에 업로드 1-3. 깃허브에서 버그 리포트로 이슈 오픈 2. 다시 QA 작업 3. 해결이 된 버그 이슈는 클로즈 처리 내일 해야할 일 1. QA작업 | E64: 크아악 QA | G64: 대기
B65: 9 | C65: 서진호 | D65: 약속하신 빌드가 나왔고 QA를 진행하고 있습니다. 버그가 많아서 버그 트래킹을 열심히 하고있는데 쉽지않아 보이네요 내일은 시설별 내부 배치의 생김새를 바꿀 예정입니다. | E65: QA가 힘들거란 예상을 했지만 이정도일 줄은 몰랐습니다... 작성해야할 테스트 케이스도 많고... 오늘 모기 때문에 잠을 2시간밖에 못자서 끝나자마자 수면을 좀 청하고 바로 작업을 재개해야겠습니다 | G65: 대기
B66: 9 | C66: 강태성 | D66: QA와 깃 이슈 등록 | E66: 우리 게임이 세상에 나와도 되는 걸까... 절대 인스펙터 창을 바라봐서는 안돼... 그곳엔 괴물이 있어... 돌아가는 것에 감사해야 해... 그게 날 봤어... UI 매니저를 봐서는 안돼... | G66: 주의
B67: 9 | C67: 박민규 | D67: 오늘은 게임 디버깅 작업과 일러스트 제작을 했습니다 | E67: 행복합니다 | G67: 대기
B68: 9 | C68: 김경민 | G68: 대기
B69: 9 | C69: 박원우 | G69: 대기
B70: 9 | C70: 고승주 | D70: TC작성, QA 작업 | E70: QA를 시작할 생각에 게임이 나오긴 나오나 하는 설렘이 있었지만, QA를 시작하자 이내 설렘은 좌절로 바뀌었습니다.. 크윽.. | G70: 대기
B71: 9 | C71: 임동균 | D71: QA 테스트를 진행했다. 관련한 내용을 팀 Github의 Issues에 작성했다. | E71: 어쩌다가 발견되는 버그같은경우에 재현하기 어렵고- 왜 그런 버그가 발생했는지 원인을 찾는게 어려웠다. | G71: 대기
B72: 10 | C72: 장호윤 | D72: 무한 QA + 기획에서 놓친 부분 있는지 검사, 게임내 디테일한 요소 보충, 플밍팀에게 잘못했다고 빌기 | E72: 저희 게임 정상 영업 합니다...아마도 | G72: 대기
B73: 10 | C73: 천영현 | D73: 마케팅 계정 생성, QA시트 작성, QA 진행 | E73: 화이팅.. | G73: 대기
B74: 10 | C74: 이영우 | D74: QA | E74: 버그는 여름 밤 모기와도 같습니다. 분명 봤는데 불을 켜보면 찾을 수 없습니다. | G74: 대기
B75: 10 | C75: 홍태광 | D75: 게임 QA | E75: 같은 게임 또 하고 또 하는게 어려운 일이긴 하네요..;; | G75: 대기
B76: 10 | C76: 정재훈 | D76: qa 진행 | E76: qa를 진행한다 해도 사실 최종 게임이 나오지않으면 제대로된 qa를 진행할 수 없어 좀 기다리는 시간이 많아 마음이 조금한 감이 있었는데, 어쩔수 없이 현재까지 나온 버전으로 계속해서 테스트를 진행했습니다. 마무리가 다가올수록 덜 완성된 모습들이 보이는게 아쉬워질것같습니다. | G76: 대기
B77: 10 | C77: 한의호 | D77: 마케팅 이미지 작업 | E77: 마케팅용 이미지 작업을 하고 있습니다. 제 무덤을 스스로 팠네요. | G77: 대기
B78: 10 | C78: 정재용 | G78: 대기
B79: 개인 | C79: 김지훈 | G79: 대기
B80: 개인 | C80: 이석훈 | D80: 인벤토리 작업, 스토리 보강작업 | E80: 온보딩의 힘을 보여줘 | G80: 대기
B81: 개인 | C81: 조현일 | D81: 금일 비주얼 노벨 제작의 전반적인 부분을 거의 완성하는 데 집중하였습니다. (대략 85% 구현) | E81: 조금 더 다양한 연출을 고안했으면 어떨까 하는 생각이 있습니다. | G81: 대기

Sheet 0407
B2: 날짜 | C2: 46119
B4: 팀 | C4: 이름 | D4: 작업량 | E4: 한마디 | F4: 비고 | G4: 상태
B5: 1 | C5: 강유민 | D5: {=IF($C5:$C999="","", IFERROR( VLOOKUP( $C5:$C999 & "│" & TEXT($C$2,"yyyy-mm-dd"), SORT({ '설문지 응답 시트1'!$B$2:$B999 & "│" & TEXT('설문지 응답 시트1'!$D$2:$D999,"yyyy-mm-dd"), '설문지 응답 시트1'!$E$2:$E999, '설문지 응답 시트1'!$A$2:$A999 }, 3, FALSE), 2, FALSE ), "" ) )} -> 빌드 확인 및 TC 진행. | E5: {=IF($C5:$C999="","", IFERROR( VLOOKUP( $C5:$C999 & "│" & TEXT($C$2,"yyyy-mm-dd"), SORT({ '설문지 응답 시트1'!$B$2:$B999 & "│" & TEXT('설문지 응답 시트1'!$D$2:$D999,"yyyy-mm-dd"), '설문지 응답 시트1'!$F$2:$F999, '설문지 응답 시트1'!$A$2:$A999 }, 3, FALSE), 2, FALSE ), "" ) )} -> 아... 디버깅 너무 어려운데 이거 다 잡는거 가능한가요? ㅠ 라는 말을 하고 다들 해야지... 잡아야지... 잡아봐야지.... 하고 있습니다. | G5: 대기
B6: 1 | C6: 이유송 | D6: QA 진행 | E6: 내일 무사히 출시 완료되길!! | G6: 대기
B7: 1 | C7: 이동현 | D7: 역시 다빈치 리졸브는 신이야! | E7: 뇌가 아파용 | G7: 대기
B8: 1 | C8: 정우경 | D8: 몬스터 스텟 정리, 플레이어 요구경험치 조정, QA 작업 | E8: 작업이 마지막을 향해가고 있는데, 일이 굉장히 많이 밀려있다. | G8: 대기
B9: 1 | C9: 김현우A | G9: 대기
B10: 1 | C10: 정석현 | D10: 팝업 UI 수정 및 추가 BGM 편집 사운드 리소스 서칭 편집중이던 파일 날려먹기 | E10: 아니 그거 로그인 안해서 파일 추출 못하게 할거면 왜 툴이 켜지게 만들어놓은걸까요 하지만 별수없습니다 제가 로그인을 안한 탓인걸요 하하하하하하하하하하하하하 새로운 툴을 쓸 땐 기능을 꼼꼼히 체크하자! 곧 나올 영상 사운드 디자인도 해야하고 BGM 편곡도 해야하는데... | G10: 대기
B11: 1 | C11: 임소영 | G11: 대기
B12: 1 | C12: 박현수 | D12: itch 소개 이미지 제작완료 + 캐릭터 배너 | E12: ai랑 그만 싸우고싶네오... | G12: 대기
B13: 2 | C13: 김서현 | D13: 발표 ppt 목차 및 구조 만들기, itch.io 사용할 루프 mp4 제작, PM 회의 참석, TC 스테이지 단위로 확장 및 TC 진행 요청, itch.io html 수정 및 일본어 번역 추가 | E13: 전체적으로 잘 흘러갔던 것 같습니다. 아쉬운 점은 itch.io 에 들어가는 규격에 대해서 미숙해서 규격을 미리 말씀드리지 못하고, 소통이 원활하지 않았던 점이라고 생각합니다. 다음에는 조금 더 알아본 후에 확실한 가이드를 드리면 좋을 것 같다는 생각이 듭니다. | G13: 대기
B14: 2 | C14: 김태환 | G14: 대기
B15: 2 | C15: 장윤우 | D15: 튜토리얼, 3스테이지_1 유니티 연출 작업 | E15: 끼에에에엑... 게임이 완성되어가는 걸 보니 좋습니다 | G15: 대기
B16: 2 | C16: 유해찬 | D16: 기존 테스트 케이스를 수정하여 제가 작업한것에서는 어디를 확인해야하는지 체크하는 작업 | E16: .. | G16: 대기
B17: 2 | C17: 박기은 | D17: 오늘도 itchio 홈페이지에 들어갈 이미지를 작업했습니다ㅎㅎ | E17: 화이팅~~~ | G17: 대기
B18: 2 | C18: 이원홍 | D18: QA하기 | E18: 고생하셨습니다. | G18: 대기
B19: 2 | C19: 오동건 | D19: TC, QA | E19: 버그를 찾아라 | G19: 대기
B20: 3 | C20: 정수진 | D20: 홈페이지 꾸미기, 발표자료 준비, | E20: 열심히 한 결과들이 나오는거 같아서 뿌듯합니다! | G20: 대기
B21: 3 | C21: 우현승 | D21: QA, 마케팅(트레일러 영상 제작), 튜토리얼 페이지 제작 | E21: 개발팀이 버그 수정하느라 바빠서 기획팀이 QA 위주 작업 말고는 마땅히 할게 없어서 직접 마케팅 영상 제작에 힘을 쏟았다. AI로만 영상작업을 하다보니 확실히 아트팀의 필요성을 한번 더 느꼈다... 그래도 나름대로 주변사람들 반응이 괜찮은것같아서 뿌듯하다. | G21: 대기
B22: 3 | C22: 안성진 | D22: 출시 준비? | E22: 없습니다 | G22: 대기
B23: 3 | C23: 김민제 | D23: itch.io에 들어갈 게임 스토리 작성 작업, qa 작업 (심각한 버그 몇개를 확인하였다. ) 밸런싱 작업 (바뀐 버전에서 보스가 너무 어려워져서 수정을 요청했다), 엔딩 영상 편집 작업 | E23: 난 전생에 갈대였을 수도 있겠다. 저번주 금요일날까지만 해도, 내내 콘텐츠 작업만 했다면서 불평해놓곤, 어제 오늘로는 같은 게임을 수십번씩 하다보니까 콘텐츠 작업이 그리워진다. 다음주부터 있을, ai를 활용한 리뷰데이터 분석과정이 기대된다. 머리로는 당연히 알고 있었지만, 저번 프로젝트 때 더욱 실감 한 것이 있다. 아무리 만드는 사람들이 열심히 만든다고 해도, 결국은 유저한테 평가를 받는 것이고, 유저한테 널리 전달되야 한다는 것을. 강좌 설명회가 끝나자마자 수강신청을 했다. 아마 손가락에 뽑히지 않을까? | G23: 대기
B24: 3 | C24: 김영도 | D24: 튜토리얼 에셋 제작 | E24: 순조롭습니다. | G24: 대기
B25: 3 | C25: 윤동현 | D25: 오늘은 보스몹, 몬스터, 무기, 레벨업 시트 등의 여러 밸런스 수치들을 수정하고 QA를 진행하였습니다 | E25: 프로젝트가 완성이 되어가고 있는 모습이 보여 기분이 좋습니다 !! 아직 QA할 것도 많고 밸런스에 관해 완벽한 건 아니지만 차차 수정하면서 더 나은 좀비 알러트가 될 수 있기를 빌고 있습니다 !!! | G25: 대기
B26: 3 | C26: 권수빈 | D26: 마케팅 , QA , 트레일러 제작 | E26: 열심히 하겠습니다 | G26: 대기
... B45: 6 | C45: 김태훈 | D45: QA 깃이슈 사용 밑 테스트 | E45: 감사합니다. | G45: 대기
B46: 6 | C46: 송아영 | G46: 대기
B47: 6 | C47: 이찬규 | G47: 대기
B48: 6 | C48: 한지우 | D48: QA TC케이스 참고해서 QA작업 | E48: 정신이 하나도 없네요 | G48: 대기
B49: 7 | C49: 김민수 | D49: QA 폴리싱, 발표 준비 | E49: 발표 준비가 너무 어렵습니닷 | G49: 대기
B50: 7 | C50: 이정헌 | D50: QA, 발표자료 구성, 개발자 격려하기(?) | E50: 프로젝트의 마무리가 다가오는 것 같습니다. 그래도 우려했던 것과 다르게 프로젝트 간에 다양한 경험과 많은 것들을 시도해 본 것 같고, 큰 문제가 발생하지 않고 잘 지나간 것 같습니다. PM으로서의 역할을 진행하며 잘 수행했는지 의문이 들긴 하지만, 한편으로는 큰 문제가 없었으니 다행이 아닌가 하는 생각도 드는 것 같습니다. | G50: 대기
B51: 7 | C51: 이승구 | D51: 깃 이슈 1. 배터리팩 반복 획득 2. 재장전 키 작동 불가 3. 노드 활성화 불가 4. 보스 무적 이슈 | E51: 우리팀 고생 많으셨습니다. 이번 프로젝트 팀 회고를 내일 하면 어떨까 생각합니다. | G51: 대기
B52: 7 | C52: 채지형 | D52: QA, 폴리싱 | E52: QA는 즐겁지가않고 버그 찾는게 은근 어렵네요 | G52: 대기
B53: 7 | C53: 곽용준 | D53: TC 체크리스트 쉼터 약 30개 작업 | E53: 300개는 못 채우겠습니다 | G53: 대기
B54: 7 | C54: 이도건 | D54: 어제부터 작업하던 TC체크리스트 작업을 계속 진행하여 거의 마무리 한 것 같습니다. 지금 이슈 관련하여 프로그래밍 반 분들이 반영하여 빌드 업데이트 버전을 계속 만들어주시기 때문에 그것 관련하여 QA 작업을 계속 진행하게 될 것 같습니다. | E54: 처음 빌드에서는 솔직히 기획한 부분, 구현된 부분에서 너무 초기였기 때문에 아쉬운 마음이 있었지만 빌드가 업데이트 될수록 기획했던 부분이 하나둘씩 추가되는 걸 보고 신기하기도 하고 더 재밌어지는 걸 보니 뿌듯하기도 합니다. | G54: 대기
B55: 7 | C55: 이균호 | D55: - 무기 성장 시스템과 보스 전투 밸런스 조정 - 폴리싱 / QA 작업 | E55: 오늘은 본격적으로 깃 이슈를 이용했다. 몇 번 이슈를 오픈하다보니 양식에 맞춰 작성하는게 금방 익숙해졌고 이슈를 이용하는 게 꽤나 유용한 의사소통 수단이라는 것도 알게 됐다. 사실 아직 QA와 밸런스가 부족해 보이지만 이제 날이 얼마 남지 않았으니 욕심을 버려야하는데... 그게 참 쉽지 않다. | G55: 대기
B56: 7 | C56: 최선동 | D56: 프로젝트 게임 밸런스 조절 | E56: _ | G56: 대기
B57: 8 | C57: 예인해 | D57: QA 총괄 및 팀원 개별 면담, 홈페이지 꾸미기. | E57: 제 css와 JS 돌려주세오... | G57: 대기
B58: 8 | C58: 이도민 | D58: 공용 템플릿 준비 | E58: 없습니다 ! | G58: 대기
B59: 8 | C59: 김시온 | D59: 티저 영상 제작, 플레이 영상 제작 | E59: 와! 이제 영상 제작도 해요! 정말 재밌어요 와! 와..... | G59: 대기
... B68: 9 | C68: 김경민 | D68: QA | E68: - | G68: 대기
B69: 9 | C69: 박원우 | G69: 대기
B70: 9 | C70: 고승주 | D70: 마케팅 작업, itch.io에 올릴 소개글 국문, 영문 자료 작성 | E70: 오늘도 고생하셨습니다. 화이팅! | G70: 대기
B71: 9 | C71: 임동균 | D71: QA, 마케팅용 자료(스크린샷) 제작 도움 | E71: 최대한 축소된 기획에서 재미를 어떻게 재미있게 해야할지 고민이됩니다... 핵심 시스템인 의뢰시스템, 평판시스템, 조경시스템이 빠져서,.ㅠㅠ | G71: 대기
B72: 10 | C72: 장호윤 | D72: QA중에 플밍팀에게 이슈 약 20개를 작성해드리니 너무 좋아하시더라구요 이따 0.3버전 나오면 새벽 내내 또 작성해서 드릴 예정입니다 너무 즐겁네요 | E72: 춤추지 않는 밤을 모르겠습니다 | G72: 대기
B73: 10 | C73: 천영현 | D73: 마케팅, QA, 밸런스 | E73: 화이팅! 끝이 보인다!! | G73: 대기
B74: 10 | C74: 이영우 | D74: 홍보물 제작, 일본어 번역, QA | E74: 踊ってない夜を知らない。 | G74: 대기
B75: 10 | C75: 홍태광 | D75: QA 보조 | E75: 드디어 내일이군요... | G75: 대기
B76: 10 | C76: 정재훈 | D76: qa. 밸런스 검토, 마케팅 자료 제작 | E76: 밸런스가 확실히 왜 어려운지 알거같았습니다. 어떤 수치를 어떻게 조절하냐에 따라 밸런스가 확 바뀌어서 정확히 원하는 수치를 조절하기가 너무 어려웠습니다. 밸런스에 대한 공부를 많이 해야할것 같습니다. 묵혀뒀던 디벨로켓에서 보내준 참고서적을 읽어봐야겠습니다.. | G76: 대기
B77: 10 | C77: 한의호 | D77: 마케팅 웹툰 작업 | E77: 오늘 밤도 지새울 것 같네요. | G77: 대기
B78: 10 | C78: 정재용 | D78: QA및 밸런스 조절 | E78: 다들 마지막까지 파이팅! | G78: 대기
B79: 개인 | C79: 김지훈 | G79: 대기
B80: 개인 | C80: 이석훈 | G80: 대기
B81: 개인 | C81: 조현일 | D81: 일단 완성했습니다. 그게 전부입니다. | E81: 하나의 자그마한 게임을 만들면서 여러 생각을 한 기회였습니다. | G81: 대기

Sheet 0408
B2: 날짜 | C2: 46120
B4: 팀 | C4: 이름 | D4: 작업량 | E4: 한마디 | F4: 비고 | G4: 상태
B5: 1 | C5: 강유민 | D5: {=IF($C5:$C999="","", IFERROR( VLOOKUP( $C5:$C999 & "│" & TEXT($C$2,"yyyy-mm-dd"), SORT({ '설문지 응답 시트1'!$B$2:$B999 & "│" & TEXT('설문지 응답 시트1'!$D$2:$D999,"yyyy-mm-dd"), '설문지 응답 시트1'!$E$2:$E999, '설문지 응답 시트1'!$A$2:$A999 }, 3, FALSE), 2, FALSE ), "" ) )} -> 빌드 확인 및 TC 진행 | E5: {=IF($C5:$C999="","", IFERROR( VLOOKUP( $C5:$C999 & "│" & TEXT($C$2,"yyyy-mm-dd"), SORT({ '설문지 응답 시트1'!$B$2:$B999 & "│" & TEXT('설문지 응답 시트1'!$D$2:$D999,"yyyy-mm-dd"), '설문지 응답 시트1'!$F$2:$F999, '설문지 응답 시트1'!$A$2:$A999 }, 3, FALSE), 2, FALSE ), "" ) )} -> 하나를 해결하면 하나가 터지고... 개발 인원에 결손이 있고... 잘 가다가도 멈추고 쉽지 않네요. 많이 무겁네요. 팀원들에게 미안합니다. | G5: 대기
B6: 1 | C6: 이유송 | D6: QA | E6: 드디어 마지막날이다! 그동안 많이 배웠습니다...PM 은퇴의 날이 머지않았네요...ㅠㅠ | G6: 대기
B7: 1 | C7: 이동현 | D7: 영상 편집 | E7: 아무튼 내일 뭔가 보여드리겠습니다 감사합니다 | G7: 대기
B8: 1 | C8: 정우경 | D8: QA, 점검, 수정, 반복 | E8: 기획내용에 대해 개발팀과 더 적극적이고 세밀한 소통이 필요하다는 생각이 든다. 정말 세세하게 논의해야 한다. | G8: 대기
B9: 1 | C9: 김현우A | G9: 대기
B10: 1 | C10: 정석현 | D10: 오프닝 영상 사운드 디자인 최종보스곡 완성 | E10: 끝날때까지 끝난게 아니다!!!!! QA, 내일 발표까지 잘 마무리하도록 진짜 조금만 더 힘내자 | G10: 대기
B11: 1 | C11: 임소영 | G11: 대기
B12: 1 | C12: 박현수 | D12: itch 페이지를 꾸미는데에 쓸만한 리소스들을 계속 뽑았습니다 | E12: 수요일도 수고많으셨습니다! | G12: 대기
B13: 2 | C13: 김서현 | D13: 발표 자료 제작 및 발표 준비, itch.io 수정 및 소스 리터칭, 빌드파일 QA 및 테스트 | E13: 태환님께 영상 편집에 대해 말씀 드렸을 때, 처음부터 더 적극적이고 구체적으로 설명을 드렸다면 좋았을텐데, 그러지 못해서 아쉬움이 남습니다. 그 과정에서 태환님이 감정이 상하셨다고 느꼈습니다. 그 밖에 제가 발표를 맡게 되면서, 발표 자료 작업을 전적으로 진행하다보니 직접적으로 제게 여쭤보시는 게 아니라면 업무를 따로 지시해드리지 못했던 것과 팀의 전체 흐름을 파악하지 못하면서 업무 배분에 아쉬움이 남았던 것 같습니다. 마지막으로, 마케팅에 대한 적극적인 인원이 없었다 보니, 마케팅 측면에서도 결국은 아쉬움이 남는 것 같습니다. ㅠㅠ.... 제가 끝내 좋은 팀장이 되지 못한 것 같아 아쉽습니다.... | G13: 대기
B14: 2 | C14: 김태환 | G14: 대기
B15: 2 | C15: 장윤우 | D15: 연출 전체 검수' | E15: 지난 작업 기간 힘들었지만 정말 보람차고 재밌는 개발이었습니다. 우리 모두에게 감사를 표합니다. 우리 팀 최고야! | G15: 대기
B16: 2 | C16: 유해찬 | D16: 태환님이 작업해주신 광고영상 축약해봄.. | E16: 음 제 기획서가 어디까지 진행되었는지 체크하지 않았던 부분이 아쉽습니다 | G16: 대기
B17: 2 | C17: 박기은 | D17: 오늘은 홈페이지를 완성시켰습니다~ 와~~ | E17: 드디어 출시~~ 기대됩니다~!! | G17: 대기
B18: 2 | C18: 이원홍 | G18: 대기
B19: 2 | C19: 오동건 | D19: QA | E19: 힘들다,, | G19: 대기
B20: 3 | C20: 정수진 | D20: QA 및 발표 준비 / 홈페이지 보완 | E20: 짧은거같기도 했지만 길기도 했던 사전합반 프로젝트가 이제 끝났습니다! 첫 팀장이니만큼 잔뜩 기합넣어서 했지만 의도하지 않게 이리저리 휘청거렸던거같습니다. 그래도 나름 잘 이겨내고 팀원들과 함께 극복해낸거 같아서 다행입니다! 결과물을 보니 뿌듯하고 내일 있을 게임콘에서도 다른 분들이 재밌게 즐겨주셨으면 좋겠습니다ㅎㅎ 처음이니만큼 쉽지 않았지만 이번을 계기로 더 성장할 수 있었던거 같습니다! 잘 믿고 따라와준 팀원들에게 감사하네요ㅎㅎ | G20: 대기
B21: 3 | C21: 우현승 | D21: 최종빌드, 포스터 및 홍보물 제작 | E21: 드디어 최종빌드가 완성되고 게임 발표만 남았다. 열심히 한만큼 좋은 반응과 결과가 나왔으면 좋겠다. | G21: 대기
B22: 3 | C22: 안성진 | G22: 대기
B23: 3 | C23: 김민제 | D23: 엔딩 완성, qa 작업 마무리, 밸런싱 작업 마무리 | E23: 드디어 3차 프로젝트의 개발이 끝났다. 모두들 정말 고생많았다. 여러가지 느낀점과 하고싶은 말들이 참 많으나, 분명히 최종 회고를 쓰는 기회가 생길 것이다. 거기서 적겠다!! ㅋㅋㅋㅋ | G23: 대기
B24: 3 | C24: 김영도 | D24: QA | E24: 순조로웠습니다 | G24: 대기
B25: 3 | C25: 윤동현 | D25: 오늘은 마지막으로 한 번 더 밸런싱 체크를 계속 하면서 QA를 진행했고, 플레이하다보니 UI 부분에서 플레이어에게 혼동을 줄 거같은 요소가 있어서 개선사항을 요구하는 등의 작업을 진행하였습니다 | E25: 로그라이크 장르에 맞게 조금만 더 하면..! 이라는 목적을 갖게끔 될듯 말듯한 밸런싱을 하고 싶었지만 피드백이 너무 극과극인 것 같아서 웃음이 나옵니다 하하 확실히 저는 밸런싱과 QA를 거의 매일매일 계속 진행했기에 마지막 빌드가 나온 이후 바로 클리어를 하였습니다. 이러한 일로 밸런싱 할 때는 지표가 중요하다고 생각이 더 드는 것 같습니다. | G25: 대기
B26: 3 | C26: 권수빈 | D26: 맵 QA, 시연 영상 제작, 엔딩 BGM 제작 | E26: 길다면 길고 짧다면 짧다고 할 수 있는 사전 합반 프로젝트가 이제 끝이난다는 게 잘 실감이 가지 않는 것 같습니다. 다 함께 최선을 다해서 만든 게임이 실제 홈페이지에 업로드돼 출시된다는 게 정말 뿌듯합니다. 항상 고생해서 이끌어 주신 저희 팀장님과 PM님, 저희가 한 기획을 토대로 최선을 다해서 구현해 주신 플밍반분들, 마지막으로 함께 게임을 디자인한 기획 팀원들까지 다 너무 감사드리고 다음 프로젝트 때도 다시 만난다면 좋겠습니다. | G26: 대기
B27: 4 | C27: 장근혁 | D27: 발표자료준비, itch.io 사이트 | E27: 마지막이다 | G27: 대기
B28: 4 | C28: 권현민 | D28: 프로젝트마무리 | E28: 루피해적단 같은 팀원들 너무 고생이 많았고 무한한 감사를 표합니다. 이렇게 힘들 필요는 없었던 것 같습니다.. | G28: 대기
B29: 4 | C29: 조준현 | G29: 대기
B30: 4 | C30: 한재환 | D30: QA | E30: 부족한 저를 잘 가르쳐 주신 팀원들께 감사 인사 드립니다. | G30: 대기
B31: 4 | C31: 김현우B | D31: QA | E31: 이제 곧 끝나네요. | G31: 대기
B32: 4 | C32: 김흥규 | D32: 빌드 기다리기, 깃 이슈 작성 | E32: 팀원분들 진짜 너무 고생 많았는데... 플밍반분 매일마다 밤늦게까지 남으셔서 열심히 작업해주셨는데... 위젯에 너무 무지해서 볼륨을 잘못 잡았나 봅니다. 다들 노력한만큼의 결과가 나오지 못해서 너무 아쉽습니다. 그래도 3주라는 기간 동안 아무도 불평불만 없이 노력해주셔서 너무 감사합니다! | G32: 대기
B33: 4 | C33: 오종호 | D33: QA와 홍보 | E33: 저희 플머분 한분이 빠졌는데 도움을 좀 받았어야하지 않았나 싶습니다. | G33: 주의
B34: 4 | C34: 주재형 | D34: QA | E34: 허허이~ | G34: 대기
B35: 5 | C35: 이형진 | D35: 빌드 QA, 발표준비, 이치아이오 출시 준비, 영상 편집 등 | E35: 이제 거의 다 왔네요, 내일 발표만 하면 끝입니다 ^^ | G35: 대기
B36: 5 | C36: 승정하 | D36: - UI 폴리싱 - QA 프로세스 관리 - 개발 현황 파악 - 홍보 자료 준비 | E36: 과정이 좋았던만큼 결과물도 나름 탄탄하게 나온것같아서 만족하고있습니다. 개발팀장님, 개발팀 강세환님, 개발팀 장지훈님 특히나 칭찬드립니다. | G36: 대기
B37: 5 | C37: 이가현 | D37: 웹페이지 이미지 및 시연 영상, 홍보용 배너 제작 | E37: qa 진행 과정에 참여를 거의 안해서 이후 아쉬움이 있긴합니다. 일정 상 포기해야하는 부분과 우선순위에 대해서 팀장님과의 의견 조율이 있었습니다. 팀장님 방향성에 대해서 이해하고 납득 할 수 있는 시간이었습니다. | G37: 대기
B38: 5 | C38: 윤유나 | D38: QA작업 | E38: 마무리작업중 | G38: 대기
B39: 5 | C39: 김재환 | D39: QA마무리 | E39: 수고하셨습니다 | G39: 대기
B40: 5 | C40: 이동우 | D40: 작성한 TC리스트를 이용해서 게임 qa작업, 버그 리포트 취합, git issue애 등록, 등록된 이슈들 고쳐진거 확인하고 이슈 닫기. | E40: 감사했습니다. 길게 쓰고싶은데 힘드네요.. 저에게 과분한 팀원들이였습니다 감사했습니다. | G40: 대기
B41: 5 | C41: 신석균 | D41: QA | E41: 끊임 없이 돌아가는 사이클 | G41: 대기
... B48: 6 | C48: 한지우 | D48: 오전에 TC논의, 갱신된 빌드파일 플레이 QA진행 했습니다 | E48: 내일 드뎌 발표회군요 다들 고생많으셨습니다! | G48: 대기
B49: 7 | C49: 김민수 | G49: 대기
B50: 7 | C50: 이정헌 | D50: 프로젝트의 마지막 마무리! | E50: 생각보다 무난히 지나간 프로젝트 인 것 같습니다. 진행중에는 처음 겪어보는 상황이라 문제가 있다고 생각했는데, 지나고 보니 별일 아니었기도 했고, 팀원분들이 각각의 자리에서 모두 열심히 진행해 주신 덕이 아닌가 하는 생각이 듭니다. 팀 분위기는 나쁘지 않았다고 생각하나, 제가 PM으로서의 제 역할을 진행했는지는 의문이 드는 것 같습니다. 진행하며 소통을 포함하여 여러 부분에 대해서 어떻게 해야하는지 많이배웠다고 생각합니다. | G50: 대기
B51: 7 | C51: 이승구 | D51: 1. 깃이슈 2. 회고 | E51: 기획반 플밍반 모두 고생 많았던 것 같습니다. 프로젝트 기간동안 본인이 목표로한 부분들을 잘 달성했기를 바랍니다. 프로젝트 중반에서 후반기로 넘어 갈 때 할 일을 나름대로 찾고있었지만 잘 발견하지 못했던게 조금 아쉬움으로 남는 것 같습니다. 마지막까지 좋은 태도를 유지하지 못한 것 같아 스스로 반성하게 됩니다. 회고를 통해 프로젝트 과정에서의 나를 돌아볼 예정입니다. | G51: 대기
B52: 7 | C52: 채지형 | D52: 찐찐마지막 빌드 QA | E52: 없습니다! | G52: 대기
B53: 7 | C53: 곽용준 | D53: TC 체크 리스트 작성, QA 진행 | E53: DK HLE전 GEN.G T1 전 많은 관심 바랍니다 | G53: 대기
B54: 7 | C54: 이도건 | D54: 오늘은 거의 나머지 이슈들을 수정한 최종 빌드들이 나와서 그 부분에 대해서 qa 위주로 진행했습니다. | E54: 누구 한사람 할 것 없이 다 열심히 해주셔서 완성이 된 것 같습니다. 개인적으로 사전합반 프로젝트가 시작되기 전에 기획반 자체로도 인원이 많을 뿐더러 프로그래밍 반과도 처음 합반을 하는 것이다 보니 팀 간 마찰이 있을까에 대한 부분이 제일 우려되는 점 중 하나였습니다. 근데 이 과정에서 저희 팀이 특히 팀 분위기 적으로 큰 불화가 없었던 점이 하나의 큰 성과이자 잘 완성하여 마무리 될 수 있었던 큰 이유라고 생각이 듭니다. 모두 열심히 임해주셔서 너무 감사드린다는 말씀 드리고 싶습니다. | G54: 대기
B55: 7 | C55: 이균호 | D55: - QA 진행 | E55: 하루 종일 QA를 진행하다 3시 쯤 되어서 테스트가 용이하라고 나온 기능을 보고 그 기능을 활용해 우리 게임의 문제점 중 하나를 해결할 아이디어를 냈었다. 정말 좋은 아이디어지만 마지막 날 늦은 시간이라 구현하기가 어렵다고 하셔서 좀 아쉬운 맘이 들었다. 왜 그 아이디어를 진즉 떠올리지 못했는지 모르겠다. 허점 투성이의 삐걱거리는 게임이지만 또 하나의 게임을 만들어냈다. 나에게 능력이 있다면 좀 더 개발하고 다듬어 보고 싶은 마음도 굴뚝 같다. 그 동안 개발 팀과 소통할 때 너무나도 많은 소통 오류를 저질렀다. 변경 사항 전달 안해주기. 변경 사항 팀장에게 보고 안하기 등등 ㅋㅋㅋㅋㅋㅋㅋㅋ 다음 프로젝트에서는 절대 이런 실수 않겠다고 다짐한다. | G55: 대기
B56: 7 | C56: 최선동 | G56: 대기
B57: 8 | C57: 예인해 | D57: 게시 페이지 꾸미기 및 발표 자료 준비 및 팀원 마무리 인터뷰 | E57: 만들어진 게임이 너무 마음에 듭니다. 내일 발표 살떨리는군요... | G57: 대기
B58: 8 | C58: 이도민 | D58: 뉴 빌드 QA / 발표 내용 작성 | E58: 없습니다. | G58: 대기
B59: 8 | C59: 김시온 | D59: 인게임 영상 편집하기, 게임 클리어하기 | E59: 힘들긴 했지만 재밌기도 했던 팀 활동이었습니다. 다음에도 이런 좋은 프로젝트가 될 수 있음 좋겠습니다! | G59: 대기
B60: 8 | C60: 이준혁 | D60: 밸런스 최종의최종 , QA | E60: 밸런스 & QA 최종의 최종의 최종의 최종의 최종의 최종의 최종의 최종의 최종의 최종의 최종의 최종의 최종의 최종의 최종의 최종의 최종의 최종의 최종의 최종의 최종의 최종의 최종의 최종의 최종의 최종의 최종의 최종의 최종의 최종의 최종 | G60: 대기
B61: 8 | C61: 이승진 | D61: 플레이 테스트, 발표 준비 | E61: 오늘은 사실 플레이 테스트 하면서 밸런스 조절하고 발표 준비하면서 하루를 보냈습니다. 밸런스 담당자가 따로 있어서 전 플레이 테스트 하면서 의견만 전달하는 정도였지만 그래도 제 의견이 받아들여지긴 했습니다. 발표 시간이 워낙 촉박하다보니 PPT도 되게 단순해졌는데 내일 발표 잘 되었으면 좋겠네요. 오늘 면담 감사했습니다. 취업 준비 관련해서 가지고 있던 고민들이 상당수 해소되었습니다. 사실 아직도 좀 긴가민가한 부분들이 남아있지만 계속 고민해보겠습니다. | G61: 대기
B62: 8 | C62: 김윤규 | D62: qa 및 홍보영상 제작 | E62: 다 왔다! | G62: 대기
B63: 8 | C63: 김범진 | D63: 게임 테스트 해보기 | E63: 함께해서 좋았습니다. 8조분들 감사합니다. | G63: 대기
B64: 8 | C64: 배주빈 | D64: 04/08 오늘 해야할 일 1. QA 오전 데일리 스크럼 1. 사신클리어까지 도전하고 꺠기 1-1. 사신 도전하는 과정 중에 '이것 때문에 못깻다' 정도의 버그를 찾아내기 작업 착수 순서 1. QA&켠왕 오후 데일리 스크럼 1. 오전까지는 사신(최종보스)까지 못깼음 작업 착수 순서 1. QA&켠왕 (오후 4시 후반쯤 까지) 2. 제출물 정리 3. 다같이 PPT 정리 | E64: 게임이 어렵습니다.. 한번도 못깻어요!!!! | G64: 대기
B65: 9 | C65: 서진호 | D65: 오전엔 거의 좀비처럼 PPT 내용 뭐 적을지 구성하고 오후에 기획 PPT 파트 완성했습니다. | E65: 말도 많고 탈도 많았지만 탈주하는 인원 없이 끝났네요 팀원 분들께는 늘 미안하고 감사한 마음만 가득합니다 아픈만큼 얻어 가는 것도 분명히 많았습니다 (이정도로 아프고 싶지 않았어요) 회고록 때 적을 내용이 굉장히 많아서 지금부터 정리를 해야겠어요 어제 잠깐 정리했는데 대략적으로 10페이지가 넘었습니다 (해설 내용을 추가해서...) | G65: 대기
B66: 9 | C66: 강태성 | D66: QA | E66: 하ㅜㄴ만 디다리먼 프로ㅈ특ㅏ 시작더ㅣ요! 왜나먼 기다리미 24시가니 지나 ㄹ따ㅣ 마다 대가 리를 겁나 세게 처서 제머 리소글 뒤주뱍주 어마지차으로 만드 거거드요? 기다러다는 거시 기억이 나지 안는다먼 안 기다린 게 아니 가요! 그러헤 pRojeCt가 시자카기 하루가지나기 저헤 기어흘 지운다면 하루마헤 ProJecT가 시작되는 거히 아니가요!!! 하 루밤만 기다리허 prOjEct가 시작된다니? 생강만 해 도 너무 즐거 어요~??? (깡!) 어우, 무슨일 있었나. 머리는 왜이렇게 깨질것 같이 아픈거지? 맞아, 내일이 발표날이었지. 최대한 버그는 알려줬으니 작동만 잘 됐으면 좋겠다... | G66: 주의
B67: 9 | C67: 박민규 | D67: 회고작성했습니다 | E67: 고생많으셨습니다! | G67: 대기
B68: 9 | C68: 김경민 | G68: 대기
B69: 9 | C69: 박원우 | D69: qa tc체크 개인회고록 작성 | E69: 마무리까지 화이팅 | G69: 대기
B70: 9 | C70: 고승주 | D70: 홍보물(Itch.io 게시물용 스크린샷, 시연 영상, 포스터)제작 | E70: 제발 구현이 잘 끝나길.. | G70: 대기
B71: 9 | C71: 임동균 | D71: QA작업을 하였다. | E71: 간단한, 당연해보이는 UI를 수정하고싶어도 개발팀 일정상 그걸 할 수 없는게 너무 아쉬웠다. UI 기획은 다른 조원이 담당했는데, 일단 건물 리스트가 해금되지 않은 것도 뜨고 - 또 활성화 된 건물과 아닌 건물이 구분이 가지 않는다. 건설 할 때 보유 골드도 보이지 않고, 해당 건물이 몇골드를 지불해야 설치되는지, 업그레이드 비용은 얼마인지, 업그레이드를 하면 뭐가 좋은지, 가구 배치 시 어떤 효과가 있는지, 얼마가 드는지 이런걸 알 수가 없다. 시설 해금에 필요한 누적 매출 골드량도 임시로 정해놨는데, 이벤트 테이블쪽 이벤트ID같은게 하드코딩된 방식이라 사실상 바꾸기 애매해서 게임의 재미도 완성도도 챙기기 어려웠다.. | G71: 대기
B72: 10 | C72: 장호윤 | D72: 발표 준비하느라 하루가 없어졌습니다... | E72: 술 한잔 마셨습니다... 게임이 잘 안돼도 좋습니다. 하지만 비스무트: 타워디펜스 하나만 기억해주세요 진심을 다해 전합니다. 게임이 별로 일수있습니다 밤낮으로 고민하고 기획 했습니다 ...최선을 다했고 열심히 했습니다 저의 진심이 느껴지길 바랍니다 고맙습니다... | G72: 대기
B73: 10 | C73: 천영현 | G73: 대기
B74: 10 | C74: 이영우 | D74: 밸런스 패치 | E74: https://www.youtube.com/watch?v=kBkM73J84mY | G74: 대기
B75: 10 | C75: 홍태광 | G75: 대기
B76: 10 | C76: 정재훈 | D76: 버그 최종 점검 | E76: 버그 점검도 우선순위를 정하고 했었어야 했을텐데 뒤늦게 발견한 기능 이슈들이 아마 시간 내에 해결되지 못할것 같습니다. 그래도 마지막날까지 다같이 열심히 해준 팀원들에게 너무 감사하고 만족스러운 프로젝트를 진행할 수 있어서 너무 행운이었다고 생각합니다. | G76: 대기
B77: 10 | C77: 한의호 | D77: 마케팅용 이미지 작업 | E77: 오늘 내로 끝내고 싶었지만 아쉽게도 실패 했습니다. | G77: 대기
B78: 10 | C78: 정재용 | D78: QA 및 몬스터 체력, 방어력 밸런스 조정 | E78: 벌써 발표 및 출시 일이 코앞이네요.. 긴장됩니다. 저희 10팀 분들 오늘까지 고생 많으셨고 내일 발표 파이팅 입니다! | G78: 대기
B79: 개인 | C79: 김지훈 | G79: 대기
B80: 개인 | C80: 이석훈 | D80: 아무튼 큰일났습니다 | E80: 진짜 큰일났습니다 | G80: 대기
B81: 개인 | C81: 조현일 | D81: 강사님께 도움받아 세이브 로드 기능 복구하였습니다. | E81: 나름의 할 수 있는 건 하였으나 최선은 아니었다고 생각합니다. 다만 이번 과정에서 배운 점들은 있어 이러한 것을 차후 보완하는 밑바탕으로 쓰려합니다. 감사합니다. | G81: 대기
