Workbook

Sheet 설문지 응답 시트1
A1: wnwo | B1: 이메일 주소 | C1: 1. 이름 | D1: 2. 성별 | E1: 3. 나이 | F1: 4. 최종학력 체크 | G1: 5. 본 과정과 연관하였을 때 여러분은 전공자인가요 ? | H1: 6. 학교와 전공 | I1: 7. 1분 자기소개를 작성해주세요. | J1: 8. 본 과정에 참여를 신청한 이유는 무엇인가요? | K1: 9. 지금까지 게임과 관련된 학습 및 업무 경험이 있습니까? | L1: 10. 과정과 관련된 취업 분야를 알고 있는만큼 적어주세요. | M1: 11. 수료 후 자신의 목표를 작성해주세요. | N1: 12. 화상 수업을 위한 캠 + 마이크 보유사항을 체크해주세요 | O1: 13. 본인이 앓고 있는 지병 혹은 질환이 있나요? | P1: (13번 질문에 예를 선택하신 경우)지병 혹은 질환이 있다면 어떤 상황인지, 복용하고 있는 약이 있다면 간략히 작성해주세요. 장기 훈련 과정을 진행하기에 앞서 도움을 드리기 위해 파악됩니다. | Q1: 14. 타인과의 갈등 속에서 당신은 어떻게 대처하나요? | R1: 15. 여러분은 자신의 실수나 실패에 대체로 어떻게 대응하시나요? | S1: 16. 타인의 부족한 부분을 보았을 때 어떻게 대처하시나요? | T1: 17. 본 과정은 장기 훈련과정입니다. 참여에 영향을 줄 경제적인 어려움이 있나요? (추가적인 정부 지원 안내를 위해 활용됩니다.) | U1: (17번 질문에 예를 선택하신 경우)어려움이 있다면 어떤 상황인지 간략히 작성해주세요. | V1: 18. 지인 중에 게임 업계 관련 종사자가 있습니까? | W1: 19. 추천을 받았다면 누구에게 받았습니까 ? | X1: 20. 궁금한 부분이 있거나 과정 참여 시 걱정되는 부분이 있다면 자유롭게 작성해주세요. | Y1: 이름 | Z1: 작성일자 | AA1: 개인정보 수집 및 이용에 동의하십니까? | AB1: 이름 2 | AC1: 작성일자 2 | AD1: 개인정보 처리방침에 동의하십니까?
A2: 45945.264 | B2: kny6900@gmail.com | C2: 강나영 | D2: 여 | E2: 26살(00년생) | F2: 대학교 졸업 유예 (수료완료) | G2: 비전공자 | H2: 한양대학교 경영학과 | I2: 안녕하세요, 게임기획을 처음 배우기 위해 신청하게 된 강나영입니다. 아직 기획에 대해서는 아는 것이 많지 않지만 제가 좋아하는 게임을 단순히 즐기는 것에 그치지 않고, 직접 만들어보고 제작 과정에 참여해 보고 싶다는 생각이 들어 이 과정을 신청하게 되었습니다. 처음이라 부족한 점이 많겠지만, 하나씩 배워가며 기본부터 확실히 익히고 배우고 싶습니다. 이 과정을 통해 제 아이디어를 구체화하고 실행할 수 있는 능력을 기르고, 꾸준히 성장하는 기획자가 되고 싶습니다. 감사합니다. | J2: 처음에는 단순히 게임을 즐기는 취미활동에만 관심을 가지다가 이러한 게임들이 어떻게 만들어지고, 다양한 아이디어가 구체화되는 과정에 궁금증을 가지게 되었습니다. 아직 게임 제작 과정이 정확히 어떻게 이루어지는지 잘 모르지만, 이번 과정을 통해 기획의 기본부터 천천히 배워가고 싶습니다. 특히 아이디어를 실제 기획 문서로 구체화하는 과정과, 팀원들과의 협업을 통해 결과물을 완성하는 경험을 해보고 싶어서 신청하게 되었습니다. 처음 배우는 만큼 막히는 부분도 많겠지만 배우고, 노력하면서 성장해 나가겠습니다. 이 과정을 통해 게임 제작 과정에 대해 배우고, 의미 있는 경험을 줄 수 있는 기획자로 성장하고 싶습니다. | K2: 직접적으로 관련된 경헙은 없습니다. | L2: 기획 분야에는 레벨 디자인, 밸러스 기획, BM 기획, 콘텐츠 기획, 시스템 기획, 시나리오 기획 등이 있는 것으로 알고 있습니다. | M2: 수료 후 배운 내용을 바탕으로 게임회사에 입사해 기획팀의 일원으로 일하고 싶습니다. 아직 정확히 어떤 분야에 일하고 싶은지는 정하지 못했지만, 팀과 함께 완성도 높은 게임을 만드는 기획자로 일하고 싶습니다. | N2: 보유 | O2: 아니오 | Q2: 대화와 타협을 통한 해결 | R2: 배움과 성장으로 받아들임 | S2: 문제 해결에 필요한 실질적 도움 제공 | T2: 아니요 | V2: 아니요 | W2: 없음 | X2: 과정에 참여하기 전에 미리 준비 또는 학습하면 좋은 것이 무엇이 있을까요? | Y2: 강나영 | Z2: 45945 | AA2: 동의함 | AB2: 강나영 | AC2: 45945 | AD2: 동의함
A3: 45958.631 | B3: yumin.k1023@gmail.com | C3: 강유민 | D3: 남 | E3: 32살(93년생) | F3: 대학교 졸업 | G3: 비전공자 | H3: 청주대학교 만화애니메이션 학과 / 한국영화아카데미 애니메이션 전공 | I3: 내러티브 콘텐츠 기획, 강유민입니다. 한국영화아카데미에서 애니메이션 시나리오 작성부터 장면 설계, 연출을 훈련했습니다. 이후 상업과 독립 현장의 IP를 기획, 개발하며 세계관과 캐릭터, 시나리오, 스토리보드, 연출, 피치덱 등 제작 총괄을 진행하여 실무 역량을 쌓았습니다. Netflix, Warner Bros, Disney, Bilibili 등 글로벌 시리즈와 메이플스토리, 마비노기 등 게임 PV에 프리프로덕션부터 메인제작까지 참여하며, 다 문화권 제작 환경의 협업을 통해 제작 프로세스와 프로젝트 관리, 커뮤니케이션 역량을 쌓았습니다. 또한, 독립 애니메이션 [창가로 나온 사람들], [푸름보다 흐린]을 연출했으며, 두 작품 모두 감독으로서 기획부터 후반작업까지 제작 전 과정을 총괄했습니다. 특히 [창가로 나온 사람들]은 오스카 스튜던트 애니메이션 세미파이널리스트, DYTIATKO 국제 미디어 페스티벌 파이널리스트, 상상마당 단편영화제, 부천국제애니메이션페스티벌 등 국내외 영화제에서 작품성을 인정받았으며, 현재 [푸름보다 흐린] 또한 국내외 영화제의 심사를 받고 있습니다. 저는 단순히 글을 쓰는 것이 아니라, 서사와 시각적 연출이 융합된 관객과 유저의 체험이 될 수 있는 인터렉티브한 내러티브 콘텐츠를 만드는 것을 지향하고 있으며, 제 경험과 역량을 통해 글로벌 시장에서 통할 수 있는 IP 기획에 도전해 보고자 합니다. | J3: 저는 영화와 애니메이션을 제작하면서 관객들이 결과물을 수동적으로 받아들이는 한계를 느끼곤 했습니다. 창작자가 아무리 의도와 의미를 담아도 그것이 온전히 전달되지 않는 경우가 있습니다. 게임도 어떤 면에선 동일한 한계가 있을 수 있으나, 유저가 캐릭터를 움직이고 선택하고 성취하는 과정에서 스스로 이야기를 써내려가는 경험을 하게 됩니다. 제작자가 만든 세계에서 유저가 직접 주체가 될 수 있는 이런 구조는 창작자와 유저의 거리를 좁히고 훨씬 몰입할 수 있게 합니다. 저는 단순히 글을 쓰는 것을 넘어서 서사와 시각적 연출이 결합된 내러티브 콘텐츠를 만드는 것을 지향하고 있습니다. 그렇기에 유저가 서사를 체험할 수 있는 게임의 특수성은 매력적으로 다가왔습니다. 어떻게 하면 매력적인 이야기의 콘텐츠를 만들 수 있을까 알아보던 중 온라인 게임 기획자 부트캠프를 알게 되어 신청하게 되었습니다. | K3: 게임의 PV애니메이션을 제작한 경험과 고등학생 시절 게임기획 공모를 했던 경험은 있으나 그외 게임과 직접적인 연관이 되는 학습 및 업무경험은 거의 무방합니다. | L3: 전투기획, 레벨디자인, 시나리오, 퀘스트기획, 콘텐츠기획, | M3: 오랫동안 관객이 세계관의 주인공이 되어 특별한 페이소스를 느낄 수 있는 내러티브 콘텐츠를 만드는 것에 노력했습니다. 수료 후 저는 유저가 체험할 수 있는 형태의 내러티브 콘텐츠를 만드는 것을 목표로 하여, 가지고 있는 IP로 직접 게임을 만들어보고 싶습니다. | N3: 미보유 | O3: 아니오 | Q3: 대화와 타협을 통한 해결 | R3: 배움과 성장으로 받아들임 | S3: 문제 해결에 필요한 실질적 도움 제공 | T3: 아니요 | V3: 예 | W3: 면접 봤던 회사의 면접관님 | X3: 게임업계로 취업을 목표로 하나, 게임을 제작해본 경험이 전무하여 아주 기초적인 부분부터 쌓아야 합니다. 해당 교육은 게임과 관련된 작업을 해본 경험이 있으신 분들이 대부분이라고 생각되어, 교육 이해도나 학업 성취면에서 차이가 발생할 것으로 생각합니다. 이 부분이 걱정되지만 교육을 잘 이수하여 취업해보겠습니다. | Y3: 강유민 | Z3: 45958 | AA3: 동의함 | AB3: 강유민 | AC3: 45958 | AD3: 동의함
A4: 45967.772 | B4: jaeseunggang283@gmail.com | C4: 강재승 | D4: 남 | E4: 26살(00년생) | F4: 고등학교 졸업 | G4: 비전공자 | H4: 인문계 > 위탁 제과제빵과 | I4: 안녕하세요 저는 게임을 좋아하고 여러 게임을 즐기다 나도 다수의 사람들이 재밌게 즐길 수 있는 게임을 만들고 싶다는 생각해 온라인 게임 기획자 부트캠프에 지원한 강재승입니다. | J4: 저는 비전공자 이지만 제가 생각하기에 개발에 대한 지식이 있다면 게임 기획 쪽 에서 큰 메리트가 될 수 있다고 생각합니다 예를 들면 기획 과정 중 비용 또는 개발 기술을 고려한 현실적인 기획이 가능하다고 생각합니다 또한 개발자와의 소통이나 문제가 생겼을 경우 원인 파악과 해결에도 메리트가 있다고 생각합니다 그렇기에 이곳 부트캠프 프로그램에서 개발도 배울 수 있다고 생각해 지원했습니다. | K4: 지금까지는 없습니다 | L4: 시스템 기획, 컨텐츠 기획, 경제 기획, 레벨 디자이너, 라이브 기획이 있다고 알고 있습니다 | M4: 희망사항은 RPG 장르를 주로 다루는 회사에서 시스템 기획자가 되고 싶습니다 | N4: 보유 | O4: 아니오 | Q4: 분노나 감정을 억누르고 침착함을 유지 | R4: 자신을 비난하고 자책하는 경향 | S4: 타인에게 엄격한 편이지만 굳이 얘기하지 않음 | T4: 아니요 | V4: 아니요 | W4: 없음 | X4: 최선을 다해서 노력하겠습니다 | Y4: 강재승 | Z4: 36874 | AA4: 동의함 | AB4: 강재승 | AC4: 36874 | AD4: 동의함
A5: 45932.696 | B5: soldnover@gmail.com | C5: 강준호 | D5: 남 | E5: 25살 (01년생) | F5: 고등학교 졸업 | G5: 비전공자 | H5: 숭실대학교 심리학과 | I5: 개인적으로 게임 개발하고 싶은 아이디어와 버킷리스트가 있었는데 그걸 이룰 기회가 와서 이루어 볼려고 합니다 | J5: 결벽증을 심하게 앓고 있어서 외출이 너무나도 힘들고 괴로워서 현재 휴학을 하게 됬습니다. 헌데 휴학 기간이 길어지니 나이먹는게 무서워지고 아직 이룬것이나 준비된것이 하나 없는데 나이먹는게 너무 무섭게 다가와서 뭐라도 해보자 하는 심정으로 신청하게 됬습니다. 노트북 지원에 월마다 일정금액 지원, 온라인 수업을하고 강의 영상이 제공된다는 점이 저에겐 참으로 고맙게 다가왔습니다. 그래서 이 기회를 놓치면 안돼겠다 싶어서 신청했습니다. | K5: 아뇨 전혀 없습니다.1부터 시작해야해요 | L5: 알고 있는게 전혀 없습니다. | M5: 내가 만들고자 한 게임을 만들고 그걸 기업에 팔아서 나오는 수익의 일정 %를 받고 유유자적하게 사는것 | N5: 미보유 | O5: 예 | P5: 결벽증입니다. | Q5: 대화와 타협을 통한 해결 | R5: 배움과 성장으로 받아들임 | S5: 상황에 대한 이해와 위로 | T5: 예 | U5: 기초생활수급자 입니다. | V5: 아니요 | W5: 없음 | X5: 아침에 일어나는 것이 힘든데 그게 가능할지 걱정됩니다 | Y5: 강준호 | Z5: 45932 | AA5: 동의함 | AB5: 강준호 | AC5: 45932 | AD5: 동의함
A6: 45940.619 | B6: soldnover@gmail.com | C6: 강준호 | D6: 남 | E6: 24살(01년생) | F6: 고등학교 졸업 | G6: 비전공자 | H6: 숭실대학교 심리학과 | I6: 안녕하세요. 저는 강준호라 합니다. 인스타를 보던중에 광고로 경일it 캠프에 대해 알게되었습니다. Pc에 대한 사양이 낮아서 바꿔야하는데 노트북 4050 지급과 더불어 ai를 통한 교육이라 제게는 비전공이라 얘기만 들어본 c언어나 언리얼 엔진을 접할 기회가 되면서 pc 사양까지 높일수있는 더할 나위 없는 계기가 되었습니다. 또한 게임을 좋아해서 이런 게임있었으면 좋겠다. 생각한게 있는데 비슷한것 조차 아직 시중에 나온건 없더라구요. 그걸 내손으로 만들어볼수있다는게 놓치면 안될것 같아서 지원했습니다. | J6: 게임한번 만들어보는게 버킷리스트로 있었는데 전공도 비전공이고 관련 지식도 전혀없고 유니티나 언리얼 엔진은 한번 해볼까? 하는 마음으로 결제하기엔 너무 터무니 없는 금액이고 pc사양도 안돼서 여러모로 포기하고 있었는데 본과정이 ai를 이용하고 노트북도 지급해서 할수있지 않을까? 하는 마음으로 신청했습니다. | K6: 없어요. | L6: 게임기획자, 개발자, qa | M6: 내가 만든 게임을 기업에 팔아서 나오는 수익의 일정퍼센테이지 만큼 받는것 | N6: 보유 | O6: 예 | P6: 결벽증(강박증) | Q6: 대화와 타협을 통한 해결 | R6: 배움과 성장으로 받아들임 | S6: 문제 해결에 필요한 실질적 도움 제공 | T6: 예 | U6: 기초생활수급자고 알바도 한적이 없기에 돈이 없읍니다. | V6: 아니요 | W6: 없음 | X6: 만약에 강의를 듣고 취업하지 못하면 다시는 못듣는건가요? | Y6: 강준호 | Z6: 45940 | AA6: 동의함 | AB6: 강준호 | AC6: 45940 | AD6: 동의함
A7: 45973.773 | B7: xotjd209@gmail.com | C7: 강태성 | D7: 남 | E7: 27살(99년생) | F7: 대학교 졸업 | G7: 전공자 | H7: 장안대학교 게임컨텐츠과 | I7: 비록 전공자이긴 하나 부족한 부분이 많습니다 그렇기 때문에 많이 배우고 갈고닦겠습니다 감사합니다. | J7: 순전히 우연이었습니다. 인터넷에 뜬 광고를 보아 신청을 하긴 했는데 직원분과 통화하며, 또 직접 알아보며 이번 과정에 대해 살펴보니 생각보다 좋은 기회라 여겨 참여를 희망하게 된것 같습니다. | K7: 장안대 게임컨텐츠과 졸업했습니다. 분과는 기획으로 나왔고 유니티와 프로그래밍의 기초적인 부분은 얼추 알고 있다 생각합니다. 학과 내 게임잼을 통해 사람들과 게임을 제작해본적도 있습니다. | L7: 밸런스 기획자, ui/ux 기획자, 시스템 기획자, 퀘스트 기획자 | M7: 솔직히 목표라는걸 잘 안세워두는 편이라 뭐라 적어야 할지 잘 모르겠는데요. 적당히 취직이나 해서 부모님한테 잔소리는 덜 듣고 싶네요. | N7: 미보유 | O7: 아니오 | Q7: 논리적인 논쟁으로 해결 | R7: 배움과 성장으로 받아들임 | S7: 문제 해결에 필요한 실질적 도움 제공 | T7: 아니요 | V7: 예 | W7: 없음 | X7: 열심히 하겠습니다 | Y7: 강태성 | Z7: 45973 | AA7: 동의함 | AB7: 강태성 | AC7: 45973 | AD7: 동의함
A8: 45943.665 | B8: seungjoo9611@gmail.com | C8: 고승주 | D8: 남 | E8: 30살(96년생) | F8: 대학교 졸업 | G8: 비전공자 | H8: 서울시립대학교(국어국문학, 도시문화컨텐츠학) | I8: 안녕하십니까 온라인 게임 기획자 부트캠프 4기 지원자 고승주입니다. 대학시절에는 국문학과 도시문화 컨텐츠학을 복수전공하며 컨텐츠 제작의 꿈을 키웠습니다. 대학시절 게임 동아리를 창설해 현재까지 PC 및 다양한 콘솔 기반의 게임 문화에 대한 관심을 꾸준히 이어온 바 한가지 장르에 국한되지 않는 다양한 게임에 대한 시야를 길러왔다고 자부합니다. 대학 졸업 이후 들어간 “해태제과”에서 영업사원으로 2년 반 동안 근무하며 B2B 영업에 관한 경험을 쌓았으며, 이를 통해 시장 분석, 행사 기획 등에 대한 경험을 쌓았습니다. 이번 부트캠프를 통해 게임 기획자로의 성공적인 커리어 전환을 이루고 장차 사용자들의 기억에 남는 게임 기획으로 게임 문화와 산업 발전에 이바지하고 싶습니다. | J8: 평소 즐겨보던 유튜브"G식백과"를 통해 본 프로그램에 대한 인지는 전부터 있었습니다. 게임과는 상관없는 업계에서 커리어를 시작하여 일을 배울수록 해당 업계 및 적성에 대한 회의가 생겼고, 그 결과 게임업계에 대한 커리어 전환을 목표로 하게 되었습니다. 비전공자인 동시에 관련 경험도 부족하였기에 신뢰있는 기관의 교육과정을 통해 관련 경험 및 전문성을 확보하고자 하였습니다. 본 과정의 취업률 및 커리큘럼 소개 등을 통해 신뢰감을 가질수 있었기에 신청을 결정하게 되었습니다. | K8: 대학시절 평생교육원을 통해 개설된 '리그 오브 레전드' 실력 향상과 관련된 강의를 수강한 적은 있으나 게임과 관련된 업무 및 개발과 관련된 학습 경험은 없습니다. | L8: 세계관 및 설정 기획, 컨텐츠 기획, 시스템 기획, QA | M8: 이번 부트캠프 수료를 통해 게임 기획자로의 커리어 전환을 이루고, 장차 국내외의 유명 게임사에서 근무할 수 있는 기반을 쌓고 싶습니다. 나아가 게임 제작 전반에 대한 이해를 키워나가며 주도적으로 개발한 게임을 출시하는 것이 목표입니다. | N8: 보유 | O8: 아니오 | Q8: 대화와 타협을 통한 해결 | R8: 배움과 성장으로 받아들임 | S8: 타인에게 엄격한 편이지만 굳이 얘기하지 않음 | T8: 아니요 | V8: 예 | W8: 없음 | X8: 성공적인 커리어 전환과 훌륭한 게임을 만들고 싶은 개인적인 꿈을 위해 이번 커리큘럼에 꼭 참여하고 싶습니다. 잘 부탁드립니다. | Y8: 고승주 | Z8: 45943 | AA8: 동의함 | AB8: 고승주 | AC8: 45943 | AD8: 동의함
A9: 45959.725 | B9: wyvern741@gmail.com | C9: 곽용준 | D9: 남 | E9: 23살(03년생) | F9: 대학교 휴학 | G9: 비전공자 | H9: 울산대학교, 생명과학부 | I9: 울산대학교에 휴학을 한 23살 3학년 곽용준입니다 군대는 어릴 적 수술로 인해 5급인 상태입니다 프로그래밍 언어는 고2 시절 C언어만 배운 상황입니다 물론 지금은 거의 다 까먹었지만 기획 단계에서도 C언어가 필요하다면 그 부분까지 다시 열심히 배울 자신이 있습니다 어린 시절의 불우한 삶을 게임에 녹여서 인생의 역경을 극복하는 주인공의 멋진 서사로 만들고 싶었습니다 비록 세계관이 어둡고 암울하더라도 빛나는 주인공의 모습을 보고 나도 저런 게임, 저렇게 주변인들한테 귀감이 되고 싶다는 생각을 했었고 그에 따른 게임의 스토리를 만들고 싶어서 지원을 했습니다 | J9: 어릴 때 겪은 불우한 삶을 시와 글로 써서 책을 만들다가 문득 애니메이션, PC 게임, 서브컬쳐 모바일 게임이라는 것을 접하게 되었고 그 중에서 서브컬쳐 모바일 게임의 스토리를 보면서 불우한 삶, 역경을 멋지게 극복한 사례가 있구나 나도 저런 멋있는 스토리를 만들어보고 싶다는 목표와 나도 저렇게 멋있게 역경을 극복해보고 주인공같은 삶을 살아보고 싶다는 생각이 들었고 힘들수록 나중에 더 많은 것을 얻게 될 수 있다는 경험으로 생각해서 게임 기획에 제 인생이 녹아들 수 있도록 열심히 임할 자신이 있습니다 단순한 관심에서 취미, 취미에서 인생이 녹아들만한 게임을 기획해보고 싶다는 꿈을 이뤄보고 싶습니다 | K9: 이번이 처음입니다... | L9: 게임기획자 | M9: 기승전결 구조가 완벽한 게임 개발 스토리 작성 인물들간의 서사 구조가 완벽하며 각 인물들의 감정선이 명확한 스토리 작성 게임 기획에 있어서 어떻게하면 몰입감 있게 컨텐츠를 제작할 수 있을지 기획안을 설정해보고 회사 입사 및 추후에 있을 1인 개발 도전 | N9: 보유 | O9: 예 | P9: 뇌출혈 경험(09년 당시) | Q9: 대화와 타협을 통한 해결 | R9: 배움과 성장으로 받아들임 | S9: 문제 해결에 필요한 실질적 도움 제공 | T9: 아니요 | V9: 아니요 | W9: 네이버 카페 멤버 | X9: 역경을 극복하여 모두의 귀감이 된 게임 속 주인공처럼 저도 역경을 극복하여 이 과정을 게임에 녹아들게 한 다음 모두한테 귀감이 될 수 있는 멋진 스토리를 작성하고 다양한 컨텐츠를 제작하여 지속적으로 플레이어 분들이 관심을 가지도록 할 수 있는게 목표입니다 | Y9: 곽용준 | Z9: 45959 | AA9: 동의함 | AB9: 곽용준 | AC9: 45959 | AD9: 동의함
A10: 45959.543 | B10: qqweeqqw@gmail.com | C10: 구준모 | D10: 남 | E10: 28살(98년생) | F10: 대학교 졸업 | G10: 비전공자 | H10: 신안산대학교 사무비서행정과 | I10: 대학 졸업과 동시에 로드매니저 반년, 프로야구 마스코트 1년 후 복싱코치로 2년간 일을 하다가 체육관 사정때문에 2025년 1월 권고사직을 당한 뒤 현재까지 취준생활을 이어가고 있습니다. 여러 직군과 회사에 지원을 해보았으나 어려움을 겪었고 국비지원이라는 좋은 제도를 이용하여 취업을 하고자 지원하였습니다 | J10: 주변에 게임 회사를 다니는 지인이 게임 업계에 대해 알려주었고 게임 회사에 최근 관심이 생겨 지원하게 되었습니다. 전문대 졸 그리고 취업과는 관련 없던 일자리로 스펙과 학력이 부족했던 저에게 마지막 취업의 문과도같아 지원하게 되었습니다 | K10: 없습니다 | L10: 게임기획자, 마케팅, 영업까지 전부 궁금합니다 | M10: 목표는 작은 회사에 취업하게 되면 역량을 키워 큰회사로 처음부터 중견이상에 가게 되면 정년퇴직까지 오래오래.. | N10: 보유 | O10: 아니오 | Q10: 대화와 타협을 통한 해결 | R10: 자신을 비난하고 자책하는 경향 | S10: 상황에 대한 이해와 위로 | T10: 예 | U10: 복싱코치 권고사직 후에 퇴직금을 주식에 넣었으나 청산을 다하고 배달을 하며 보험료,통신비,월세,관리비, 카드 할부,생활비(식비)를 벌어 겨우 생계 유지중.. | V10: 예 | W10: 지인 | X10: 사실 최대한 빠르게 취업하여 돈을 벌고 싶습니다 | Y10: 구준모 | Z10: 45959 | AA10: 동의함 | AB10: 구준모 | AC10: 45959 | AD10: 동의함
A11: 45981.704 | B11: koohyunmo352@gmail.com | C11: 구현모 | D11: 남 | E11: 22살(03년생) | F11: 대학교 졸업 | G11: 전공자 | H11: 경남대학교입니다 전공은 컴퓨터공학부 입니다 | I11: 안녕하세요 게임직종을 희망하는 구현모 학생입니다 제가 예전부터 게임직종을 희망하는 하고 있었습니다 처음에 게임잡이나 마산에 있는 취업정보센터에서 찾아봤습니다 | J11: 제가 예전부터 게임직종을 관련된 직종을 희망하고 있어요 사람인 홈페이지에서 많이 찾았습니다 처음에 초등학생때 부터 게임이라는 것에 취미를 붙였습니다. 유명한 게임회사의 정보과 절차 등 홈페이지에서 직접 찾으면서 이 직종에 관심이 많아서 많이 지원을 했습니다. | K11: IT쪽입니다 | L11: 게임밸런스는 캐릭터들의 생김새,npc 등 게임에 나타나는 과정이기도 합니다 | M11: 저는 나중에 외국에서 게임관련 직종과 기타직종을 희망하고 있습니다. | N11: 미보유 | O11: 아니오 | Q11: 대화와 타협을 통한 해결 | R11: 배움과 성장으로 받아들임 | S11: 문제 해결에 필요한 실질적 도움 제공 | T11: 아니요 | V11: 예 | W11: 대학교수님 | X11: 없습니다 | Y11: 구현모 | Z11: 45981 | AA11: 동의함 | AB11: 구현모 | AC11: 45981 | AD11: 동의함
A12: 45949.69 | B12: viliv8177@gmail.com | C12: 권수빈 | D12: 남 | E12: 29살(97년생) | F12: 대학교 졸업 | G12: 비전공자 | H12: 한국해양대 영어영문학과 | I12: 이번 부트 캠프에 합류하여 게임 기획자에 대해 제대로 배워 보고 싶습니다. 그리고 저 또한 게임을 사랑하는 한 명의 유저 로서, 유저의 시선에서 재미와 몰입을 설계하는 기획자가 되고 싶습니다. | J12: 지금까지 다양한 게임을 플레이하며 자연스레 게임 기획자에 대한 관심이 깊어졌습니다. 하지만 독학으로는 한계를 느껴, 기초부터 실무까지 체계적으로 배우고 싶고, 다양한 협업 과정을 경험해 보고 싶어 이 과정에 참여하게 되었습니다. | K12: 없습니다. | L12: 시나리오 기획자, 컨텐츠 기획자, 벨런스 기획자, 전투 기획자 | M12: 유저의 시선으로 바라보며, 재미와 몰입을 선사하는 기획자가 되고 싶습니다. | N12: 미보유 | O12: 아니오 | Q12: 분노나 감정을 억누르고 침착함을 유지 | R12: 다른 이유나 환경을 도출하려는 경향 | S12: 상황에 대한 이해와 위로 | T12: 아니요 | V12: 예 | W12: 없음 | X12: 제게 기회가 주어진다면 열심히 배우겠습니다. | Y12: 권수빈 | Z12: 45949 | AA12: 동의함 | AB12: 권수빈 | AC12: 45949 | AD12: 동의함
A13: 46010.76 | B13: cocohyeonmin@gmail.com | C13: 권현민 | D13: 여 | E13: 27(99년생) | F13: 대학교 졸업 | G13: 비전공자 | H13: 국민대학교 영상디자인학과 | I13: 게임이 좋아서 예체능을 전공했습니다. 게임 기획을 제대로 배워서 원하는 직무로 일하고 싶습니다 | J13: 게임 시나리오 라이터 또는 퀘스트 디자이너를 준비해왔으며, 기존 포트폴리오에서 게임 기획의 실무 경험이 부족하다고 생각했고, 기획 실무를 배우고 보강해서 취업에 성공하고 싶어 신청했습니다 | K13: 학교 내에서 개설된 언리얼 과목을 수강했습니다. 공부학원이나 부트캠프를 참여한 적은 없습니다. | L13: 퀘스트 디자이너, 레벨 디자이너, 전투 시스템 디자이너, 시나리오 라이터, 밸런스 기획자 | M13: 문서만 존재했던 포트폴리오에 실제 프로젝트를 첨부해서 취업 성공하고 싶습니다 | N13: 보유 | O13: 아니오 | Q13: 대화와 타협을 통한 해결 | R13: 배움과 성장으로 받아들임 | S13: 문제 해결에 필요한 실질적 도움 제공 | T13: 아니요 | V13: 아니요 | W13: 없음 | X13: 지난 취업 준비 기간동안 준비가 미흡했던 것을 깨닫고, 마지막 기회라고 생각하고 교육에 임하겠습니다. | Y13: 권현민 | Z13: 46010 | AA13: 동의함 | AB13: 권현민 | AC13: 46010 | AD13: 동의함
A14: 45998.841 | B14: khal0429@gmail.com | C14: 김경민 | D14: 남 | E14: 33살(92년생) | F14: 대학교 졸업 | G14: 비전공자 | H14: 강릉원주대 법학과 | I14: 안녕하세요. 게임 기획자 부트캠프 4기 교육과정에 지원하게된 김경민이라고 합니다. 잘 부탁드립니다. | J14: 게임개발과정을 구체적으로 배우고 이해하기 위해 지원 했습니다. 어렸을 때 부터 게임에 관심이 많았지만 게임의 구성에 대한 지식은 단편적이고 개발과정에 대해서도 파편적으로 밖에 알지 못 합니다. 이 교육과정을 통해 게임 개발과정에 대해 보다 세세히 배우고 싶습니다. | K14: 없음 | L14: 게임 기획자 | M14: 이 교육과정을 통해 게임 기획관련 직종에 종사해보고 싶습니다. | N14: 보유 | O14: 예 | P14: 약 15년전 허리디스크 적출 수술을 함. 현재 진행중인 치료는 없음. | Q14: 논리적인 논쟁으로 해결 | R14: 배움과 성장으로 받아들임 | S14: 문제 해결에 필요한 실질적 도움 제공 | T14: 아니요 | V14: 아니요 | W14: 없음 | X14: 혹시 오프라인 일정이 있다면 어디서 진행되는지 알고 싶습니다. | Y14: 김경민 | Z14: 45998 | AA14: 동의함 | AB14: 김경민 | AC14: 45998 | AD14: 동의함
A15: 45974.471 | B15: bangtore77@gmail.com | C15: 김도윤 | D15: 남 | E15: 32(94년생) | F15: 대학교 졸업 | G15: 비전공자 | H15: 인하대학교 고분자 공학과 | I15: [기획 분야 지원 이유] 저는 다양한 분야의 일을 경험하며 살아왔습니다. 공부, 식품 관련 업무, 물류 운반, 보드게임 카페 등 여러 서비스직 업무를 맡으며 노력했지만, 시간이 흐를수록 `내가 진정 하고 싶은 일은 무엇일까’라는 질문이 가슴에 남아있었습니다. 잦은 직종 변경을 해왔던 이유도 아마 이 이유가 원인이 된 것 같습니다. 그러던 중 나의 일을 찾고 싶다는 생각을 하였고, 열정을 갖고 해왔던 게임에 대해 본격적으로 공부를 하기 시작했습니다. 게임을 하면서 관심있게 봤던 부분은 게임을 즐겁게 하는 요소들에 대한 것이었습니다. 특히 전투 방법, 전투 밸런스, 캐릭터의 역할과 보상 구조에 관심을 가졌고, 게임 기획 분야에 관심을 갖는 계기가 되었습니다. [목표] 처음엔 작은 업무에서부터 시작하여 팀원들이 신뢰하는 동료가 되는 것이 목표입니다. 큰 프로젝트에 앞서 전체 구조와 업무의 흐름을 이해하는 것이 우선이라고 생각하기 때문입니다. 사용자 피드백 정리, 간단한 단발성 이벤트 기획 등 작은 업무를 맡아 책임감 있게 성실히 수행하려고 합니다. 이런 일들을 반복하여 수행하다 보면 자연스럽게 신뢰를 쌓을 수 있다고 생각합니다. 이 과정에서 유저가 만족할 만한 게임을 만드는 방법을 배우고 싶습니다. 단순한 성과를 확인하는 것이 아닌, 유저의 반응을 세밀하게 관찰하여 어떤 부분이 재미있는 요소였는지, 어떤 부분이 불만족스러웠는지를 파악하고자 합니다. 또한 협업 과정에서 다른 부서와의 커뮤니케이션 능력을 키우고 일을 알아가며 단순히 게임을 기획하는 기획자가 아닌 프로젝트 전체를 연결하는 기획자가 되고 싶습니다. 작은 일들을 반복하다 보면 자연스럽게 이루어질 것이라고 생각합니다. 장기 목표로는 한국의 문화를 알릴 수 있는 대형 게임 제작에도 도전해보고 싶습니다. 한옥이 주는 매력이나, 무속 신앙, 화랑과 같은 특징적인 요소를 지닌 문화를 현대적으로 해석해 게임에 담아 새로운 매력으로 전 세계 유저들에게 한국의 이야기를 전달하고 싶습니다. | J15: 게임 기획이라는 업무가 독학으로 준비하기에 어떤 준비를 해야하는지 감이 오지 않았습니다. 하지만 경일 아카데미의 커리큘럼을 보고 보다 체계적으로 기획 업무를 배울수 있고, 요즘 취업에 필요하다고 생각했던 ai를 활용할 수 있는 곳이라는 생각에 지원하였습니다. | K15: 설명회 느낌으로 한두번 다닌적 있습니다. | L15: 밸런스 기획, 전투 기획, 레벨 디자인, 시스템 기획, 몬스터 기획, 개발 pm, 사업 pm, 시나리오 라이터 | M15: 최종 목표는 평생 일할 수 있는 직장을 찾는 것입니다. 작게는 포트폴리오, 게임 개발 경험을 얻고 싶습니다. | N15: 미보유 | O15: 아니오 | Q15: 대화와 타협을 통한 해결 | R15: 배움과 성장으로 받아들임 | S15: 문제 해결에 필요한 실질적 도움 제공 | T15: 아니요 | V15: 아니요 | W15: 없음 | X15: 나이와 취업기간이 어느정도 되는지. 경력이 없어도 되는지. 게임 개발 경험을 쌓을수 있는지 궁금합니다. | Y15: 김도윤 | Z15: 45974 | AA15: 동의함 | AB15: 김도윤 | AC15: 45974 | AD15: 동의함
A16: 45953.025 | B16: zpswls2005@gmail.com | C16: 김도형 | D16: 남 | E16: 35 | F16: 고등학교 졸업 | G16: 비전공자 | H16: 디자인 | I16: 안녕하십니까. 게임 기획의 꿈을 가지고 이 자리에 서게 된 김도형 입니다. 저는 정규 대학 과정 대신 실무 역량으로 목표를 이뤄낸 경험이 있습니다. 과거 디자인 취업 학원에서 누구보다 성실하게 임했고, 그 결과 우수한 포트폴리오를 만들어 디자인 회사에 취업에 성공했습니다. 이후 디자인 경력을 쌓는 동안, 저는 사용자의 니즈를 분석하고, 아이디어를 시각화하며, 실제로 구현될 수 있도록 구체화하는 능력을 키웠습니다. 이 모든 과정이 결국 게임의 '재미'를 설계하는 기획의 기본기와 맞닿아 있다는 확신을 갖게 되었습니다. 새로운 도전을 위해 디자인 경력을 내려놓고, 이제 게임 기획이라는 목표에 집중하려 합니다. 저는 이론적인 배경보다는, 직접 부딪혀 성과를 만들어내는 실행력을 강점으로 가지고 있습니다. 이 아카데미에서 저의 창의적인 에너지와 실무 경험을 융합하여, 사용자에게 깊은 몰입감을 선사하는 기획자로 거듭나겠습니다. 감사합니다. | J16: 저는 어릴 때부터 게임을 매우 좋아해왔고, 지금도 직장 생활을 하면서 틈틈이 비디오게임을 즐기고 있습니다. 주변 친구들이 사회생활로 인해 게임을 멀리하게 되었지만, 저는 여전히 새로운 게임 소식을 놓치지 않으려 노력하며 높은 이해력과 넓은 시야로 게임을 분석하고 즐깁니다. 이러한 경험 덕분에 사람들의 반응을 빠르게 파악하고 분위기를 주도하는 능력을 길렀습니다. 저는 사람들에게 즐거움과 재미를 전달하는 일에 큰 보람을 느끼며, 이를 게임이라는 매개체를 통해 실현하고자 본 과정에 지원하게 되었습니다. | K16: 무 | L16: 게임기획자_시나리오, 세계관, 밸런스, 던전, 보스, 퀘스트, 기획서 작성 | M16: 취업을 하여 최대한 많은 경험을 쌓을 계획입니다 그리고 기회가 된다면 개인으로 아니면 작은 팀으로 인디게임도 제작해 보고 대회도 나가볼 계획입니다. | N16: 미보유 | O16: 아니오 | Q16: 대화와 타협을 통한 해결 | R16: 배움과 성장으로 받아들임 | S16: 상황에 대한 이해와 위로 | T16: 예 | U16: 큰 어려움은 아니지만 부유하지 않아서 지원을 받을 수 있다면 최대한 받고 싶습니다. | V16: 아니요 | W16: 없음 | X16: 궁금한건 전화 상담 때 친절하게 알려주셔서 없습니다. | Y16: 김도형 | Z16: 45953 | AA16: 동의함 | AB16: 김도형 | AC16: 45953 | AD16: 동의함
A17: 45940.571 | B17: girin0179@gmail.com | C17: 김도훈 | D17: 남 | E17: 26살(00년생) | F17: 대학교 졸업 | G17: 전공자 | H17: 국립부경대학교 컴퓨터·인공지능공학부 컴퓨터공학전공 | I17: 안녕하세요, 경일게임아카데미 온라인 게임 기획자 부트캠프 4기에 지원한 김도훈입니다. 타 학원에서 기초 과정을 이수했으며, 좀 더 실무에 가까운 기획을 공부해보고자 지원하게 되었습니다. 기존 학원에서 공부할 당시에 깊이에 대한 고민을 많이 했습니다. 어느 정도의 깊이로 파고들어야 설득력이 생길지, 혹은 너무 깊은 정보를 담아 오히려 이해에 혼란을 주진 않을까 등 적당한 깊이를 찾고자 노력하고 있습니다. 또한, 스스로 터득하고자 하는 자기주도적인 학습을 지향하여 기존 학원에서 배우지 않았던 여러 가지 시도를 혼자 해보곤 했습니다. 위의 태도는 경일게임아카데미의 부트캠프 과정 중에서도 큰 도움이 될 거라고 생각합니다. | J17: 기존 학원에서는 원론적인 부분, 이론에만 매진해서 불만을 느꼈고, 실제로 실무에 지원함에 있어 부족한 점이 많다고 느꼈습니다. 또한, 과제의 양의 부족, 포트폴리오 제작 주제의 제한, 명료하게 알려주는 부분이 적어 강의력 자체에도 아쉬움을 많이 느꼈습니다. 부트캠프를 통해 취업 준비의 과정, 포트폴리오 제작에 많은 시간을 쏟고 싶습니다. | K17: SBS게임아카데미 게임기획 과정 8개월 {2025.01.~2025.11 (2개월 휴학)} | L17: 게임 기획자에는 시나리오, 시스템, 콘텐츠, 레벨, 전투, 밸런스, BM, 경제 등 다양한 기획자가 있습니다. 저는 특히 시스템 기획과 전투, 밸런스 기획에 관심이 있습니다. | M17: 부트캠프 활동 중에 우수한 성적을 띄고, 가능하다면 수료 이전에 대기업 취업을 목표로 하고 있습니다. 수료 후에도 부트캠프 당시의 배움과 기억을 살려 빠른 시일 내에 취업하고 싶습니다. | N17: 보유 | O17: 아니오 | Q17: 대화와 타협을 통한 해결 | R17: 자신을 비난하고 자책하는 경향 | S17: 상황에 대한 이해와 위로 | T17: 아니요 | V17: 아니요 | W17: 없음 | X17: 초심을 잃지않고 수료까지 열심히 나아가겠습니다. 감사합니다. | Y17: 김도훈 | Z17: 45940 | AA17: 동의함 | AB17: 김도훈 | AC17: 45940 | AD17: 동의함
A18: 45961.933 | B18: ehdghrn154@gmail.com | C18: 김동호 | D18: 남 | E18: 32살(94년생) | F18: 전문학사졸 | G18: 비전공자 | H18: 정석항공과학고 / 항공정비 | I18: 비전공이기에 오히려 처음부터 기술을 쌓아갈 수 있는부분이 장점이라 생각합니다. 비전공자도 전공자보다 더 잘 할 수 있다는 것을 보여드리겠습니다. | J18: 전공을 살려서 취업하려 했지만 상황이 여의치 않았기에 먼저 뭘 잘하고 뭘 좋아하는지부터 생각해 봤습니다. 현재 32년이라는 삶을 살면서 좋아하는 일만을 할 수는 없다는 생각이었어서 게임회사는 아주 먼 꿈이라고만 생각했었습니다. 하지만 지금나이에서도 충분히 교육을 받고 내가 흥미를 잃지만 않는다면 꿈꿨던 게임회사에 취직할 수 있다는 생각이 너무나 들었습니다. 그렇기에 이런 좋은 기회를 놓치고 싶지 않아 신청하게 되었습니다. | K18: 게임 기획 및 개발과는 거리가 멀지만 TDCX KOREA란 회사에서 게임관련 CS업무를 한 경험이 있습니다. | L18: 게임 개발자, 게임 기획자, 게임 UI/UX 디자이너, 캐릭터 디자이너, 게임 관리자 | M18: 대기업에 취직하면 좋겠지만 저를 필요로 하는 게임회사가 있다면 언제든지 최선을 다하겠습니다. | N18: 보유 | O18: 아니오 | Q18: 분노나 감정을 억누르고 침착함을 유지 | R18: 배움과 성장으로 받아들임 | S18: 문제 해결에 필요한 실질적 도움 제공 | T18: 예 | U18: 대출 빚 | V18: 아니요 | W18: 없음 | X18: 항상 열심히 수업에 임하고 최종적으로 게임회사 입사까지 모든 노력을 동원해 앞으로의 미래를 위해서 최선을 다하겠습니다. | Y18: 김동호 | Z18: 45961 | AA18: 동의함 | AB18: 김동호 | AC18: 45961 | AD18: 동의함
A19: 45992.617 | B19: ahtmxmtpwndksl@gmail.com | C19: 김민서 | D19: 남 | E19: 24살(02년생) | F19: 대학교 졸업 | G19: 전공자 | H19: 없음 | I19: 안녕하십니까 트렌드에 대한 감각과 창의적인 기획력을 바탕으로 성실하게 결과를 만들어가는 게임 기획자 김민서입니다. 저는 어릴 때부터 게임을 좋아해 직접 카드나 규칙을 만들어 친구들과 놀며 게임의 구조나 재미에 대해 자연스럽게 관심을 가지게 되었습니다 대학교 시절에는 스터디와 학우회 여러 활동을 통해 여러 사람들과 협력하는 경험을 쌓았고 그 과정에서 의견을 조율하고 분위기를 만드는 주도적인 역할을 맡았습니다. 게임 기획에 대해 공부를 시작한 뒤에는 여러 문서를 작성하고 팀프로젝트를 진행하면서 게임을 단순히 즐기는 것을 넘어서 “왜 이런 경험이 만들어지는가”를 고민하는 습관이 생겼습니다 또한 꾸준히 기록하고 분석하는 루틴을 통해 하루하루 성장하는 기획자가 되기 위해 노력하고 있습니다. 저는 앞으로도 게임의 재미를 중심에 두고 책임감 있게 결과물을 만들어 팀에 신뢰를 주는 기획자로 성장하고 싶습니다. 면접 잘 부탁드리겠습니다. | J19: 제 목표인 라이브 서비스 게임은 지속적인 서비스와 지표 관리가 필수적이라고 생각합니다. 이번 과정에서 학습하는 ai와 같은 툴을 활용하여 데이터를 분석하고 시스템의 개선 방향을 도출하는 데이터 기반 기획 능력을 배우고 싶습니다. 또한 시스템 구조를 명확한 데이터 테이블과 로직으로 시각화 하는 실무역량을 키우고 개발팀과의 원활한 커뮤니케이션을 통해 제 실력을 한층 키우고 성장하고 싶어 지원하였습니다. | K19: 학원 | L19: 모바일 sng ux-ui 레벨기획 컨셉 게임기획 시나리오 퀘스트 성장밸런스 경제밸런스 시스템 컨텐츠 전투 bm 경제 사업pm 전투기획 이벤트기획 캐릭터전투 캐릭터컨셉 | M19: 수료 후 저의 목표는 회사에 취업하여 성장을 멈추지않는 기획자로서 회사에 실질적인 성과를 가져오는것입니다. 포트폴리오에 제시된 비전을 단기/중기/장기 로드맵으로 통합하여 말씀드리겠습니다. 입사 초기에는 조직에 빠르게 적응하여 신뢰를 쌓는것에 집중하겠습니다. 맡은 업무를 기간 내 완벽히 수행하여 믿고 일을 맡길 수 있는 신뢰도 높은 팀원이 되고싶습니다. 또한 팀에 사소한 아이디어라도 논리적인 근거를 갖춰 제안하여 팀에 도움이 되도록 노력하겠습니다. 중기적으로는 프로젝트에 깊이 기여하는 기획자가 되고싶습니다. 하나의 기획을 책임지고 설계하여 성공적으로 런칭시키는 경험을 쌓고싶습니다. 지표를 직접 분석하고 유저의 패턴을 읽어내어 시스템에 개선 방향을 도출하겠습니다. 궁극적으로는 팀을 이끌고 새로운 재미를 선사하는 리드 기획자가 되는 것입니다. 신규 프로젝트를 성공적으로 런칭하는 리드 기획자가 되고싶습니다. 유저에 대한 깊은 이해도를 바탕으로 프로젝트의 비전을 제시하며 저의 경험과 지식을 공유하여 뛰어난 후배 기획자들을 양성하고 시너지를 창출하는 팀을 만들어 회사에 기여하고싶습니다. 저는 성장을 멈추지않는 기획자로서 이 로드맵을 반드시 달성하여 핵심 인재가 되고싶습니다. | N19: 보유 | O19: 아니오 | Q19: 대화와 타협을 통한 해결 | R19: 배움과 성장으로 받아들임 | S19: 문제 해결에 필요한 실질적 도움 제공 | T19: 아니요 | V19: 아니요 | W19: 없음 | X19: 공책에 게임을 만들던 아이는 ‘재미’의 본질을 찾는 게임 기획자를 꿈꾸게 되었습니다. 하지만 길을 걷다 보니 게임과 관련된 길과 멀어지게 되었고 “이 진로가 맞을까 나는 게임개발을 꿈꿔왔는데?” 같은 고민에 빠지게 되었습니다. 꿈과 현실 사이 고민하던 저에게 많은 위로와 힘이 되어주었던 게임은 저에게 앞으로 나갈 힘을 주었습니다. 제가 게임을 통해 받았던 ‘원동력‘을 통해 목표가 분명해졌고 제가 느낀 원동력을 더 많은 유저들도 경험했으면 좋겠다는 목표가 생겼습니다. 그 꿈을 위해 저는 가만히 머무르지 않고 시스템을 분석하고 구조화 하는 훈련을 했습니다. ‘왜’ 라는 질문에 답하기 위해서 계속해서 고민하고 생각했습니다. 앞으로도 끊임없이 배우고 증명하는 자세로 냉철한 분석과 명확한 근거를 바탕으로 재미를 설계하는 기획자로 성장하고 싶습니다. | Y19: 김민서 | Z19: 45992 | AA19: 동의함 | AB19: 김민서 | AC19: 45992 | AD19: 동의함
A20: 45948.348 | B20: wlgns30617@gmail.com | C20: 김민수 | D20: 남 | E20: 00년생 | F20: 대학교 졸업 | G20: 전공자 | H20: 동서울대학교 게임콘텐츠학과 | I20: 안녕하십니까, 맡은 일 책임감 있게 하는 김민수입니다. 저는 동아리, 팀프로젝트를 항상 팀장을 맡아 진행하며 책임감있게 완수한 경험이 있으며, 아르바이트를 할 때도 단순한 돈벌이가 아닌 책임감 있게 일하며 자아실현을 목표로하며 리뷰 확인, 피드백, 자기개발을 멈추지 않았습니다. 만약 프로그램에 참여한다면 언제나 책임감 있게 멈추지 않고 자기개발하는 학생이 되어 성실히 프로그랳을 이수하겠습니다. | J20: 운좋게 취업에 성공하며 자만하며 시간을 지내왔는데, 배움이 부족하다고 생각이 되어 지원하게 되었습니다. 부트캠프의 커리큘럼이 제가 부족하다고 느낀 가려운 부분을 긁어줄 수 있다고 생각하게 되어 신청하게 되었습니다. | K20: SBS게임아카데미 , 펄어비스 | L20: 밸런스 기획자, 콘텐츠 기획자, 라이브 기획자 | M20: 프로그램 수료에 안주하지 않고 프로그램을 통해 배운 것을 이용하여 공부하여 인재로 거듭나는 것이 목표입니다. | N20: 보유 | O20: 예 | P20: 허리디스크가 있지만 심하지 않아 지속적으로 케어하고 있어서 과정에 문제 없습니다. | Q20: 대화와 타협을 통한 해결 | R20: 배움과 성장으로 받아들임 | S20: 문제 해결에 필요한 실질적 도움 제공 | T20: 아니요 | V20: 예 | W20: 없음 | X20: 실력은 몰라도 노력은 1등하겠습니다 | Y20: 김민수 | Z20: 45948 | AA20: 동의함 | AB20: 김민수 | AC20: 45948 | AD20: 동의함
A21: 45989.645 | B21: kmjzzang0808@gmail.com | C21: 김민제 | D21: 남 | E21: 만 28살(97년생) | F21: 대학교 졸업 | G21: 비전공자 | H21: 한국외국어대학교 일본어전공 (방송 영상 뉴미디어 이중전공) | I21: 일본어와 방송 영상을 전공하여 항상 스토리 컨텐츠를 만들고 싶었습니다. 영화, 드라마도 있지만 게임은 더욱 다양한 요소가 합쳐진 멀티미디어 컨텐츠라고 생각합니다. 재미와 감동을 주는 게임을 만들고싶습니다. 젤다의 전설, 소울류, 문명, 바이오쇼크, 용과 같이, 파이널판타지, 클레어 옵스퀴르 33 등등 다양한 장르의 싱글 플레이어 게임을 좋아합니다. | J21: 저는 항상 이야기를 만들고 싶었던 것 같습니다. 그래서 전공도 일본어, 방송 영상을 선택을 하였고 몇번 영상도 찍고 대본도 만들고 기획도 하였습니다만, 돌이켜보니 저는 국내 영상 매체에 그다지 흥미를 못느꼈었고, 정말 훌륭한 게임들을 하면서 게임이야말로 복합적 문화 예술 컨텐츠라고 생각하게 되었습니다. 그러다보니, 한번 저런 것들을 만들어보고 싶다라는 욕구가 생기게 되었습니다. AI와 그래픽 기술등의 발달들로 점차 기획의 한계는 사라지고 있기에 이미 나올것은 다 나왔다는 의견과는 반대로 앞으로도 무궁무진하게 게임 산업은 발달할 것이라고 생각합니다. 이에, 솔직히 말씀드리자면, 경일 아카데미에 대해서 모르고 있었던 때, 우선 MBC 컴퓨터 아카데미에서 4일정도 수강을 했습니다. 수업은 따라가겠으나, 자택이 왕복으로 4시간이 걸리는 용인시였기에, 후에 포트폴리오 작업을 하는데 지장이 클 것이라고 판단, 고민하던 중에 귀사의 온라인 게임 기획자 부트캠프에 대해 알게되었습니다. 훌륭한 교수진과 좋은 후기들, 그리고 온라인으로 행해진다는 것은 너무나 매력적이였습니다. 따라서, 단호히 MBC 아카데미를 자퇴, 귀사의 본 과정에 지원하게 되었습니다. 감사합니다. | K21: MBC 컴퓨터 아카데미에서 4일, 스파르타 코딩 클럽에서 무료 강의 2회, 3D 프린팅 자격증 취득 (3D 모델링 경험 유) | L21: 시스템 기획자, 시나리오 기획자, 콘텐츠 기획자, 밸런스 기획자, 레벨 디자이너, 클라이언트 개발자, 게임 엔진 개발자, 서버 개발자, 게임 원화가 | M21: 수업은 물론이고, 포트폴리오를 충실히 쌓아 국내 대기업 및 중견기업에 입사, 최종적으로는 일본 게임회사로 가고 싶습니다. 포트폴리오 관련해서는 수업을 들으면서 방향성을 찾아갈 수 있다고 생각합니다. 최종적으로는 만들고 싶은 게임을 만드는 게임 디렉터가 되고 싶습니다. | N21: 보유 | O21: 아니오 | Q21: 대화와 타협을 통한 해결 | R21: 배움과 성장으로 받아들임 | S21: 문제 해결에 필요한 실질적 도움 제공 | T21: 아니요 | V21: 아니요 | W21: 없음 | X21: 존경하는 미야자키 히데타카 감독께서도 30살이 되어서야 게임 업계에 들어가셨습니다. 저도 조금 늦은 감이 없지 않지만, 용기를 내어 열심히 배우고 익히고 만들고자 합니다. 감사합니다. | Y21: 김민제 | Z21: 45989 | AA21: 동의함 | AB21: 김민제 | AC21: 45989 | AD21: 동의함
A22: 46003.822 | B22: overman623@naver.com | C22: 김범진 | D22: 남 | E22: 37살(89년생) | F22: 대학교 졸업 | G22: 비전공자 | H22: 가천대학교 컴퓨터공학과 | I22: 안녕하세요! 저는 항상 새로운 것을 배우고 성장하려 노력하는 사람입니다. 긍정적인 태도로 다양한 경험을 즐기며 꾸준한 자기 계발을 통해 더 나은 모습을 만들어가고자 합니다. 이번 교육과정을 통해 평소에 관심이 있었던 게임 자체를 배우게 되는 기회로 삼고 있습니다. | J22: 게임을 스스로 만들어보기 위해 여러 방면으로 시도를 한 적이 있고, 간단한 미니 게임 정도는 만들 수 있을 것 같았지만, 만들고 난 결과물 확인해보니, 게임에 대한 이해 자체가 부족하다고 생각되었습니다. 결국 게임을 만드는건 하나의 세계를 만드는 것과 같은데 개발만으로는 이해할 수 없는 영역이 있기 때문에 게임 기획 수업을 찾고 있었습니다. | K22: 인터넷 강의로 유니티 엔진을 독학한 적이 있습니다. | L22: 클라이언트 개발자, 서버 개발자, 밸런스 기획자, 컨텐츠 기획자, 퀘스트 기획자, 시스템 기획자, 아트 | M22: 게임 자체에 대한 이해도를 높여 게임과 관련된 일을 하는 사람들과 새로운 관계를 맺고 싶습니다. | N22: 보유 | O22: 아니오 | Q22: 대화와 타협을 통한 해결 | R22: 배움과 성장으로 받아들임 | S22: 문제 해결에 필요한 실질적 도움 제공 | T22: 아니요 | V22: 아니요 | W22: 유튜브 | X22: 해당하는 교육 과정을 수강하여 게임을 이해하는데 도움이 되도록 하겠습니다. | Y22: 김범진 | Z22: 46003 | AA22: 동의함 | AB22: 김범진 | AC22: 46003 | AD22: 동의함
A23: 45993.698 | B23: papalagioj@gmail.com | C23: 김서현 | D23: 여 | E23: 27(99년생) | F23: 대학교 졸업 | G23: 전공자 | H23: 동서울대학교, 게임콘텐츠과 | I23: 안녕하십니까. 시스템의 의도를 파악하고 데이터를 구조화하여 재미를 설계하는 기획자 지망생, 김서현입니다. 저는 동서울대학교의 게임콘텐츠 전공 과정을 통해 기획을 비롯한 게임 개발의 전반적인 기초를 다졌으며, 게임의 본질은 유저에게 납득 가능한 도전을 제시하는 의도된 균형에 있다고 믿습니다. 경일게임IT아카데미에서 저의 열정과 지식을 증명하고 싶습니다. 저의 가장 큰 강점은 데이터 기반의 구조화 능력입니다. 전공 지식 외에도, 저는 7년간 파이널판타지14 레이드에서 공대장을 맡아 로그를 분석하여 직업별 밸런스와 시너지의 성공률을 정량화하고 조율하는 실습을 지속해왔습니다. 특히 스프레드시트 함수를 활용해 복잡한 실무 데이터를 90% 이상 효율화한 경험은, 복잡한 게임 시스템의 밸런스 테이블을 자동화하고 검증하는 능력으로 직결된다고 믿습니다. 저는 단순한 플레이를 넘어 시스템 설계의 의도를 분석하고 재구성하는 균형의 설계자가 되고 싶습니다. 니어 오토마타의 경주 퀘스트처럼, 유저가 시스템의 틀을 스스로 해석하고 새로운 규칙을 따르도록 선택의 여지를 설계하는 서브 시스템에 대한 깊은 애정이 있습니다. 또한, 공대장 경험을 통해 유저의 동기와 숙련도를 고려한 협력형 퀘스트 서사를 만드는 중요성을 체득했습니다. 부트캠프를 통해 이 분석적 사고와 실행력을 심화하고, 최종적으로 유저의 행동과 동기를 예측하며 의도와 균형이 명확한 시스템을 설계하는 기획자로 거듭나겠습니다. 감사합니다. | J23: 저는 20년도에 대학을 졸업하고, 졸업시기에 맞춰 코로나19의 발생으로 취업의 문이 좁아졌습니다. 가정형편상 오랜기간 구직활동을 할 수 없었기에 게임 기획자의 꿈을 잠시 내려놓고, 사회의 경험을 쌓게 되었습니다. 그럼에도 저는 꿈을 포기하지 않고, 꾸준히 다양한 게임을 즐기며 기획서를 작성하거나 분석을 해왔습니다. 하지만 긴 공백기 탓에 다시 전공을 살려 구직활동을 해왔지만 혼자서 취업의 트렌드를 파악하기 어려웠고, 오랜기간 사용하지 않은 용어들을 잘 기억하지 못하는 등의 문제가 있었습니다. 이에 대한 도움을 받고자, 경일IT아카데미의 부트캠프를 신청하게 되었습니다. | K23: 2년제 전문대학에서 게임을 전공했으며, 게임 기획서와 졸업 프로젝트를 만들며 졸업했습니다. | L23: 시스템 기획자, 콘텐츠 기획자, 레벨 디자이너, UI/UX 기획자, 시나리오 라이터, 설정 기획자, 전투 기획자, 몬스터 기획자 ... | M23: 이번 부트캠프를 통해, 기초의 기반을 더 탄탄하게 쌓고, 더 견고하고 완성도 높은 포트폴리오 기획서를 작성하여 게임 회사에 기획자로 취업하고자 합니다. 데이터 분석 기반의 시스템 설계 능력을 심화하고, 균형과 의도가 명확한 포트폴리오 기획서를 완성하여 현업 시스템 기획자로 취업하는 것이 목표입니다. | N23: 보유 | O23: 아니오 | Q23: 대화와 타협을 통한 해결 | R23: 배움과 성장으로 받아들임 | S23: 문제 해결에 필요한 실질적 도움 제공 | T23: 아니요 | V23: 예 | W23: 없음 | X23: 부트캠프를 통해 저의 분석적 사고와 실행력을 심화하고, 최종적으로 유저의 행동과 동기를 예측하며 의도와 균형이 명확한 시스템을 설계하는 기획자로 거듭나겠습니다. 그 외로는 개인 포트폴리오 작업물을 별도로 피드백 받을 수 있을지가 궁금합니다. 감사합니다. | Y23: 김서현 | Z23: 45993 | AA23: 동의함 | AB23: 김서현 | AC23: 45993 | AD23: 동의함
A24: 45990.703 | B24: se7471@naver.com | C24: 김성현 | D24: 남 | E24: 30살(96년생) | F24: 대학교(중퇴) | G24: 비전공자 | H24: 동신대,전기공학과 | I24: 이번 경일아카데미로 공부하게되면서 게임쪽에 관심을 가지고있는 생각을 좀 어느정도 할수있을수도 있겠구나 하게 될것같습니다 감사합니다 | J24: 게임을 경험이 있는 입장이였고 뭔가 게임을 만든다?라는 생각을 접해본게 방송인분들이 여러게임을 하시는거 보면서 관심도 좀 가지게 되었습니다 그래서 한번으로는 게임관련 시스템글을 읽어보던가도 했었던것 같고요 다른쪽으론 이걸 이런식으로 가는건 어떨까?하는 생각도 해보았기도 했고요 그러다 이런 교육을 광고로도 보기도했는데 막상 선택은 못했었는데.. 유튜버 분께서 여기 추천해주는 글을 올리시는거 보고 신청하게 되었습니다 감사합니다 | K24: 따로는 없고..그냥 정보만 대충 흩어만보았습니다 | L24: 게임 개발자,게임 디자인 개발자,게임 기획자,게임 모션 그래픽 디자인?, | M24: 게임쪽에서 한번 일해보는건으로 통해 이런저런 경험을 가지고 좀더 진취적인 앞길을 갈수있으면 어떨까 합니다 | N24: 미보유 | O24: 예 | P24: 우울증이 좀 있고,공황이 좀 있습니다 약먹을 정도까지 갔지만 한 2년전부터는 호전이되는것 같아 먹지 않게되었습니다. | Q24: 대화와 타협을 통한 해결 | R24: 배움과 성장으로 받아들임 | S24: 문제 해결에 필요한 실질적 도움 제공 | T24: 아니요 | V24: 아니요 | W24: 유튜버ㆍ지식백과 | X24: 얼굴보고 하기가 좀 낯설겠지만..수료하게된다면 노력해보겠습니다 | Y24: 김성현 | Z24: 45990 | AA24: 동의함 | AB24: 김성현 | AC24: 45990 | AD24: 동의함
A25: 45952.712 | B25: tarrot00@gmail.com | C25: 김수환 | D25: 남 | E25: 33살(93년생) | F25: 대학교 졸업 | G25: 비전공자 | H25: 한국외국어 대학교 사회과학전공 | I25: 안녕하세요, 저는 2년 정도 게임 QA로 근무하면서 게임의 완성도와 서비스 안정성을 검수하는 일을 해왔습니다. 업무 중에 디자인 업무에도 참여하게 되면서 자연스럽게 게임 시스템 설계나 콘텐츠 구조에 관심이 생기게 되었습니다. 그 경험을 계기로 기획자로 커리어를 전환해보고 싶다는 생각이 들어 이번 부트캠프에 지원하게 되었습니다. AI를 활용한 기획에 대해 배우고, 실제 포트폴리오까지 만들어보면서 제 방향성을 좀 더 구체화하고 싶습니다. 잘 부탁드립니다. | J25: 2년간 게임 QA로 근무하며 개발 전반의 품질 관리와 콘텐츠 구조를 검수하는 과정에서 자연스럽게 기획 업무에 관심을 가지게 되었습니다. 생성형 AI를 활용한 기획 방법을 배우고, 이를 통해 창의적이고 효율적인 게임 기획 역량을 키우기 위해 본 과정에 지원했습니다. | K25: 회사 게임 디자인 업무 진행 | L25: 전투 기획자, 콘텐츠 기획자, 시스템 기획자 | M25: 수료 후에는 배운 기획 지식과 AI 활용 능력을 바탕으로 실제 게임 개발 현장에서 창의적이고 데이터 기반의 기획자로 성장하는 것이 목표입니다. | N25: 보유 | O25: 아니오 | Q25: 대화와 타협을 통한 해결 | R25: 과거의 실수와 연관지어 자신감 상실 | S25: 문제 해결에 필요한 실질적 도움 제공 | T25: 아니요 | V25: 예 | W25: 없음 | X25: 취업준비를 병행하면서 수업에 참여할 예정이어서 그런 부분에 있어서 면접이나 자기소개서 작성 등 취업에 시간을 할애하여야 할 때 교육을 어떻게 참여하면 될지 궁금합니다. | Y25: 김수환 | Z25: 45952 | AA25: 동의함 | AB25: 김수환 | AC25: 45952 | AD25: 동의함
A26: 45977.688 | B26: tldhswls123@gachon.ac.kr | C26: 김시온 | D26: 여 | E26: 24(02년생) | F26: 고등학교 졸업 | G26: 비전공자 | H26: 컴퓨터공학과 | I26: 안녕하세요. 플레이어의 선택과 감정을 설계하는 내러티브 지향 게임 디자이너 지망생 김시온입니다. 대학교 게임 제작 동아리에서 무박 2일 게임잼에 5번 이상 참여했고, 2024년에는 동서대학교에서 진행한 딥다이브 게임잼에도 참가했습니다. 제가 만든 게임을 초면인 사람들이 직접 플레이하면서 재밌다고 말해줄 때 가장 큰 보람을 느꼈고, 그 경험 덕분에 ‘나는 플레이 경험을 설계하는 일을 계속 하고 싶다’는 확신을 갖게 됐습니다. 최근에는 GameAIfy 게임 공모전에 팀을 꾸려 PM 겸 총괄 기획으로 참여했는데, 그 과정에서 데이터 구조나 기획 문서 작성 역량이 아직 많이 부족하다는 걸 느꼈습니다. 이번 부트캠프에서는 이 부분을 체계적으로 보완해서, 팀과 더 잘 소통하고 실제 구현까지 고려하는 게임 디자이너로 성장하고 싶어 지원했습니다. | J26: 최근 GameAIfy에서 주최한 AI 에셋 활용 게임잼에 참여하면서, AI가 게임 기획 작업의 효율을 크게 높일 수 있다는 것을 체감했습니다. 특히 현업 기획자 분께 멘토링을 받으며 GPT-머메이드를 활용해 스크립트 구조도와 관계도를 정리해 보니, 머릿속에서만 고민하던 아이디어를 훨씬 빠르게 시각화하고 검증할 수 있다는 점에서 제 작업 방식의 방향성이 많이 달라졌습니다. 이번 부트캠프에서는 AI를 활용해 효율적으로 기획 문서를 작성하고 아이데이션하는 방법을 체계적으로 배우고, 동시에 AI에게 더 나은 질문을 던지기 위해 필요한 게임 기획 기초 지식을 쌓고자 지원했습니다. | K26: 스나이퍼 팩토리에서 진행한 10주 완성 유니티 프로젝트 과정에 참여하며 C# 기반 유니티 프로그래밍 역량을 키웠습니다. 이 과정에서 웅진의 스마트올 프로젝트 과제에 PM으로 참여해 일정 관리와 커뮤니케이션을 담당했고, 결재용 문서와 발표용 PPT, 스토리 및 퀘스트 스크립트 작성 업무를 수행했습니다. 다만 실제 게임 시스템 설계나 밸런싱과 같은 기획 핵심 영역에 깊게 관여하지 못한 아쉬움이 있었고, 이를 계기로 기획의 기초를 체계적으로 쌓아야겠다고 느꼈습니다. 지난 4년간 학교 게임 제작 동아리 활동을 하면서 여러 스터디와 미니게임 제작에 참여했지만, 역할은 기획자보다는 프로그래머일 때가 더 많았습니다. 덕분에 아이디어를 프로토타입으로 구현하고, 플레이 가능한 형태로 빠르게 옮기는 경험은 많이 쌓을 수 있었습니다. 지금은 기획자의 기초가 충분히 구조화되어 있다고 말하긴 어렵지만, 이번 과정을 통해 기획 기본기를 다진다면, 프로그래밍 역량과 프로젝트 경험을 함께 가진 기획자로 성장할 수 있는 잠재력은 분명하다고 생각합니다. | L26: 시스템 기획자, 레벨 디자이너, PM, PO, PMO, 시나리오 기획자, 퀘스트 기획자, 전투 기획자, UI기획자, AI 기획자, AI 기술 기획자, 컨텐츠 기획자, 클래스 디자이너, 밸런스 기획자, 몬스터 디자이너 | M26: 기획자라고 부를 수 있을 만큼 빠르고 명확한 기획 문서 작성 능력을 갖는 것을 제일 원합니다. 이를 통해 최종적으로 뜻이 맞고 상황이 되는 사람을 모아 3개월 내에 핵심 재미를 검증하고, 1년내에 인디게임을 만들어 스팀에 출시하는 것이 목표입니다. | N26: 보유 | O26: 예 | P26: 목디스트와 손목에 건초염이 발생하여 물리치료를 자주 받아야 함. 알러지성 비염이 있어 환절기에는 비염약을 먹어야함. | Q26: 대화와 타협을 통한 해결 | R26: 배움과 성장으로 받아들임 | S26: 문제 해결에 필요한 실질적 도움 제공 | T26: 아니요 | V26: 예 | W26: 없음 | X26: 공부를 하느라 바쁘긴 하겠지만 개인적으로 기획중이거나 구상중인 게임에 대한 피드백도 받을 수 있는 기회가 있음좋겠습니다. | Y26: 김시온 | Z26: 45977 | AA26: 동의함 | AB26: 김시온 | AC26: 45977 | AD26: 동의함
A27: 45988.622 | B27: rladudeh6055@gmail.com | C27: 김영도 | D27: 남 | E27: 25살(01년생) | F27: 대학 졸업예정자 | G27: 비전공자 | H27: 한신대학교 한중문화콘텐츠학과 | I27: 저는 어릴적부터 다양한 콘텐츠를 좋아해서 그런 콘텐츠를 기획해보고 싶다는 생각을 가지고 살았습니다. 드라마 영화 만화 등 여러가지 콘텐츠를 좋아하고 즐겼지만, 가장 좋아했던건 게임이었습니다. 게임이랑 장르는 재미있고 흥미로운 스토리를 기반으로 나의 선택과 경험이 세계의 모습을 바꿀 수 있다는 점이 저에게 매력적으로 다가왔습니다. 저는 그 때문에 게임을 기획하는 기획자의 길을 가고 싶다는 생각을 했습니다. 게임에 대한 흥미와 열정은 남들보다 더 강하리라는 확신을 가지고 있습니다. | J27: 저는 앞서 말한 것처럼 게임에 대한 애정과 흥미는 깊지만, 당장 게임을 기획하고 그것을 실제로 만들어나가는 기술과 지식이 없다는 것이 저의 단점이라고 생각했습니다. 이런 단점을 보안하고 싶다는 생각이들었고 그렇기 때문에 이번 과정을 참여하고 싶다는 생각이 들었습니다. | K27: 학교에서 콘텐츠 기획에서 게임에 대한 기획을 해본적은 있지만, 명확한 지식과 기술없이 기획만 해본 적은 있습니다. | L27: 게임기획 (콘텐츠 기획자, 레벨 디자이너, 전투디자인, 시스템 기획자) | M27: 제가 이 과정을 수료한 이후에는 이곳에서 배운 지식을 통하여 취업에 대한 목표와 계획에 대해서 더 세부적으로 준비할 생각입니다. | N27: 보유 | O27: 아니오 | Q27: 대화와 타협을 통한 해결 | R27: 배움과 성장으로 받아들임 | S27: 문제 해결에 필요한 실질적 도움 제공 | T27: 아니요 | V27: 아니요 | W27: 없음 | X27: 콘텐츠에 대한 이해와 스토리텔링에 대해서는 전공자이기 때문에 어느정도 이해하고 있지만, 게임업계에 대한 구체적 상황이나 프로그램을 다룬다는 점에서는 조금 걱정됩니다. 하지만 시작한 이상 열심히 참여하고 배운 내용을 통해 취업까지 이어진다면 좋겠다는 생각을 합니다. | Y27: 김영도 | Z27: 45988 | AA27: 동의함 | AB27: 김영도 | AC27: 45988 | AD27: 동의함
A28: 46003.62 | B28: yungjingim@gmail.com | C28: 김용진 | D28: 남 | E28: 32세(93년생) | F28: 대학교 2학년중퇴 | G28: 비전공자 | H28: 극동대학교 만화애니메이션학과 | I28: 원래는 만화와 게임이 좋아서 일러스트작가나 캐릭터디자인으로 꿈꿨지만 개인적인 사정으로 다른 회사에서 8년 일하다가 이제와서 하고싶은 일에 도전해봅니다. 항상 꿈꿔왔던, 하고싶었던것을 할수있는 기회가 왔다고 생각해 다시 도전하고싶습니다. 잘부탁드립니다. | J28: 제가 구독중인 G식백과 김성회님의 영상을 시청중에 협업으로 광고중에 나와서 관심을 갖게 되었고, 하고싶었던 일에 다시 도전하게끔 만드는 계기가 되었습니다. 또한 대학에서는 만화 애니학과에서 기획하고싶었던 게임과 설정 캐릭터들이 있어서 늘 만들고 싶었습니다. | K28: 없음 | L28: 게임기획자(게임 세계관 및 스토리 관련) | M28: 말그대로 수려한 후에는 여기서 배운 지식과 정보를 통해서 제가 예전부터 꿈꿨던 게임을 기획하고싶습니다. | N28: 보유 | O28: 아니오 | Q28: 대화와 타협을 통한 해결 | R28: 배움과 성장으로 받아들임 | S28: 문제 해결에 필요한 실질적 도움 제공 | T28: 아니요 | V28: 예 | W28: 없음 | X28: 열심히하겠습니다아아! | Y28: 김용진 | Z28: 46003 | AA28: 동의함 | AB28: 김용진 | AC28: 46003 | AD28: 동의함
A29: 45967.714 | B29: gimyungyu9@gmail.com | C29: 김윤규 | D29: 남 | E29: 24살(02년생) | F29: 대학교 재학중 | G29: 비전공자 | H29: 광주대학교 경찰행정학과 | I29: 저는 운동을 좋아하고 활발하머 긍정적인 에너지를 가지고 주변 사람들과의 소통을 즐기는 사람입니다. 새로운 환경에서도 빠르게 적응하고 주변 사람들과의 좋은 관계를 유지하는데 장점이 있습니다. 평소 어떤 일이든 완벽하게 해내고자 하는 성향이 강해 맡은 일은 끝까지 책임지고 세심하게 처리하는 편입니다 계획을 세우고 효율적으로 실행하는 것을 선호하고 디테일한 부분까지 놓치지 않기 위해 지속적으로 점검하는 성격을 가지고 있습니다 또한 외국어에 대한 흥미와 강점을 가지고 있습니다. 일본어와 영어를 꾸준히 학습하였으며 언어를 통해 다양한 문화와 사고방식을 이해하려 노력해왔습니다 이러한 경험은 새로운 사람들과의 커뮤니케이션 능력을 키우는 데 큰 도움이 되었습니다 | J29: 어릴 적부터 게임은 제 삶의 큰 부분을 차지해왔습니다. 단순히 즐기는 것을 넘어, 다양한 장르의 게임을 접하면서 ‘이 게임은 왜 재미있을까’, ‘어떤 점이 개선되면 더 좋을까’라는 생각을 자연스럽게 하게 되었습니다. 이러한 경험을 통해 게임의 구조, 밸런스, 스토리 전개 등 세부 요소에 대한 막연하게나마 분석하는 습관을 키울 수 있었습니다. 게임을 단순한 소비자가 아닌 창작자의 시선에서 바라보게 되면서, 게임 기획에 대한 관심이 깊어졌습니다. 좋은 게임은 플레이어에게 재미뿐 아니라 감정적 몰입과 특별한 경험을 선사한다고 생각합니다. 저 역시 그런 경험을 제공하는 기획자가 되고 싶습니다. | K29: 없습니다 | L29: 시스템 기획자, 콘텐츠 기획자, 기술 기획자 | M29: 수료 후 게임기획자로서의 취업을 목표로 열심히 도전할 것입니다. 이 과정을 통해 배운 것을 토대로 목표하고자 하는 기업에 인재상에 도달할 수 있게 게임 기획에 있어서 필요한 지식들을 더 공부하며 포토폴리오 또한 더욱 완벽하게 준비할 수 있도록 노력할 것입니다. 결국 이 과정을 수료하는 것은 취업에 목적을 두고 있기 때문에 수료 후 게임기획자로서의 취직을 위해 디테일 한 부분 놓치지 않고 준비할 것입니다 | N29: 보유 | O29: 아니오 | Q29: 대화와 타협을 통한 해결 | R29: 자신을 비난하고 자책하는 경향 | S29: 문제 해결에 필요한 실질적 도움 제공 | T29: 아니요 | V29: 아니요 | W29: 없음 | X29: 아무래도 온라인이기 때문에 전문적인 수업과 관리에 대한 우려가 조금은 있습니다. 기획자가 되고싶다는 욕심이 크다보니 더욱 열심히 수업의 내용를 배우고 싶고 포토폴리오에 관해서도 더 잘 준비하고 싶은 부분이 있는 것 같습니다. 물론 잘 이끌어주시겠지만 시작의 길에 있다보니 막연한 걱정도 조금은 있는 것 같슴니다..!! | Y29: 김윤규 | Z29: 45967 | AA29: 동의함 | AB29: 김윤규 | AC29: 45967 | AD29: 동의함
A30: 45997.686 | B30: dbsgml430@gmail.com | C30: 김윤희 | D30: 여 | E30: 28 (98년생) | F30: 중졸 | G30: 비전공자 | H30: 없음 | I30: 안녕하세요 28살 김윤희 입니다 취업제대로 해본적도 없고 자기소개도 처음 써보는데 이때까지 살아오면서 뭘 해보자한게 없었습니다 처음으로 해보고자해서 지원했습니다 잘부탁드립니다 | J30: 아직 뭘 한번도 배워본적도 없고 제가 뭘해야할지도 모르는 상황에서 알바생활만 하다가 유튜브광고를 통해 신청하게되었습니다 뽑아만 주신다면 안빠지고 열심히 공부하고 배우겠습니다 정말 모르는게 많지만 잘부탁드리겠습니다 | K30: 아니요 없습니다 | L30: 잘모룹니다! | M30: 수료후엔 관련된 회사들로 취업을 하고싶습니다 취직이 되어 배운것들을 잘 활용해 보고싶니다 | N30: 미보유 | O30: 아니오 | Q30: 분노나 감정을 억누르고 침착함을 유지 | R30: 배움과 성장으로 받아들임 | S30: 문제 해결에 필요한 실질적 도움 제공 | T30: 아니요 | V30: 아니요 | W30: 없음 | X30: 만약에 돈이 너무 없어서 알바를 해야하는 상황이 오면 어쩌나요? | Y30: 김윤희 | Z30: 45997 | AA30: 동의함 | AB30: 김윤희 | AC30: 45997 | AD30: 동의함
A31: 45992.732 | B31: eogks3681@gmail.com | C31: 김재환 | D31: 남 | E31: 28(98년생) | F31: 고등학교 졸업 | G31: 비전공자 | H31: 메카트로닉스 | I31: 평소에 게임에 관심이 많은 상태에서 게임 관련 유튜브에서 소식을 듣게되었습니다 이걸 좋은 기회로 생각하여 게임 업계로 취업하고 싶은 취업준비생 김재환 입니다 | J31: 주말마다 Wixoss라는 오프라인 카드게임을 취미로 즐기고 있었습니다 어느날 Wixoss를 하면서 친해진 사람 중 게임업계에 있는 사람이 많다고 알게되어 게임업계에 흥미가 생겼습니다 그러다 유튜브에서 본 과정을 알게되 신청하였습니다 | K31: 없습니다 | L31: 게임 기획자는 게임의 제작 필요한 작업을 하는 사람입니다 시나리오, 레벨, 컨텐츠, 전투, 밸런스, 시스템 등에 세부 직군이 있다고 알고있습니다 저는 건물이나 몬스터의 위치 및 양으로 게임의 난이도를 조절하는 레벨 디자인에 흥미를 가지고 있습니다 | M31: 수료 후 목표 1위는 당연히 취업 입니다 늦었다고 생각하지만 부모님이 나이가 많으셔서 빠른 자립을 위해서 입니다 | N31: 미보유 | O31: 아니오 | Q31: 대화와 타협을 통한 해결 | R31: 자신을 비난하고 자책하는 경향 | S31: 상황에 대한 이해와 위로 | T31: 아니요 | V31: 예 | W31: 없음 | X31: 12번에서 캠은 없고 마이크만 있은 경우에는 무엇을 선택하면 되나요 본 과정 전부 비대면 온라인 수업입니까? 수업에 늦거나 개인용무로 빠지면 어떻게 됩니까? 녹화본이 있나요? | Y31: 김재환 | Z31: 45992 | AA31: 동의함 | AB31: 김재환 | AC31: 45992 | AD31: 동의함
A32: 45950.552 | B32: oberstmarkts@gmail.com | C32: 김종우 | D32: 남 | E32: 35살(91년생) | F32: 대학원 졸업 | G32: 비전공자 | H32: 부산대학교 경영학 재무관리 | I32: 안녕하세요. 저는 비전공자로서 게임 개발에 첫발을 내딛고자 온라인 게임 기획자 부트캠프 4기에 지원하는 김종우입니다. 경영학을 공부하고 여러 차례 창업을 경험하며 전략·재무·데이터를 다뤄 왔지만, 결국 제가 오래 붙잡고 고민한 것은 ‘사람들이 왜 몰입하고, 무엇에 보상을 느끼는가’였습니다. 그 질문이 저를 게임으로 데려왔고, 이제는 플레이어 심리와 시스템 설계를 결합해 즐거운 경험을 만드는 기획자가 되고자 합니다. 제가 걸어온 길은 다양합니다. 스타트업에서 비즈니스 모델을 설계하고, 제품·웹서비스를 직접 만들며 A/B 테스트와 퍼널을 개선했습니다. 해군 장교 복무로 팀을 이끌고, 위기 상황에서 의사결정과 커뮤니케이션을 단련했습니다. 출판·커머스·소프트웨어 등 여러 현장을 오가며 배운 것은 “가설을 세우고 빠르게 검증하는 루프”와 “유저의 목소리를 데이터로 번역하는 법”이었습니다. 전공은 다르지만, 이 역량은 곧 게임 기획의 기본 역량—코어 루프 정의, 온보딩·난이도·경제 밸런스, 라이브옵스 지표 관리—와 맞닿아 있습니다. 저는 특히 시스템 기획과 경제 밸런싱에 관심이 큽니다. 재화의 생성·소각 사이클, 인플레이션 방지 장치, 보상 곡선과 피로도 관리 같은 이슈를 데이터 기반으로 설계하고 싶습니다. 유저 세그먼트별 동기(경쟁·수집·협동)를 맥락화하여 이벤트를 설계하고, 장기 리텐션을 해치지 않는 과금 UX를 고민하겠습니다. “공정하지만 도전적인 게임”을 만들기 위해 윤리적 수익화 원칙을 지키는 것도 약속드립니다. 비전공자로서의 겸손함도 잊지 않겠습니다. 부트캠프에 합류한다면, 저는 “작게 만들고 자주 검증하는 팀”을 지향하겠습니다. 실패를 숨기지 않고 기록하며, 동료들의 기획 의도를 존중하는 태도로 팀의 속도를 지키겠습니다. 플레이어의 하루를 더 재미있게 만드는 시스템을 설계하고, 팀과 함께 배워 성장하겠습니다. 온라인 게임 기획자 부트캠프 4기에서 저의 첫 걸음을 시작할 수 있도록 기회를 부탁드립니다. 감사합니다. | J32: 1. 데이터 기반 플레이 경험 최적화 플레이어 심리와 지표를 바탕으로 가설→실험→검증 루프를 돌려 몰입을 설계하고 싶습니다. 2. 시스템·경제 밸런싱 역량 전환 재화 생성–소각, 보상 곡선, 피로도·인플레 관리 등 수치 설계를 통해 공정한 재미와 수익을 함께 달성하고자 합니다. 3. 작은 실험의 반복 + 라이브옵스 코어 루프·튜토리얼·이벤트를 작게 빠르게 만들고, 1/7일차 리텐션·ARPDAU로 즉시 개선하는 운영 근육을 기르고 싶습니다. 4. 협업과 커뮤니티 공진화 기획–아트–개발–QA 협업을 통해 완성도를 높이고, 유저 피드백과 메타 변화에 민첩하게 대응하는 문화를 만들고자 합니다. 5. 장기 커리어 비전 시스템 기획→밸런스/라이브 →프로덕션 리드로 성장해, 오래 사랑받는 윤리적 서비스와 IP를 만드는 것이 목표입니다. | K32: 경제학수업-게임이론. 앱개발 4개월 과정(부산_SBS아카데미) 한국표준협회 블록체인 교육과정 그외, 홈페이지 개발이나 웹을 활용한 창업 등 | L32: 1. 경제·밸런스 기획 (Economy Designer) 적합: 재무·수치 감각 → 재화 생성·소각, 보상 곡선 설계에 직결 입문 과제: 코어 루프 가정 후 밸런스 테이블(엑셀)과 시뮬 시트 1종 2. 라이브옵스 기획 (LiveOps) 적합: 운영/그로스 경험 → 이벤트 캘린더·패치 사이클 설계 입문 과제: 4주 라이브 캘린더 + 1/7일차 리텐션 개선 가설·지표판 3. 수익화/과금 기획 (Monetization) 적합: BM 설계·윤리적 수익화 원칙 보유 입문 과제: 배틀패스/번들 2안, A/B 가설표(가격·확률·피로도 가드레일 포함) 4. 게임 PM/프로덕트 매니저 적합: 다프로젝트 리드 경험 → 로드맵·KPI·협업 허브 역할 입문 과제: 미니 MRD/PRD 1세트 + 마일스톤/리스크 로그 5. 데이터 애널리스트(게임) 적합: 퍼널/코호트 분석 경험 풍부 입문 과제: 텔레메트리 이벤트 스키마 초안 + 가짜데이터 리포트(코호트/ARPDAU) | M32: 3년(0–36개월): “입문→핵심 파트 소유” 주니어 경제·밸런스 디자이너 또는 라이브옵스 기획 → 2년차에 미들 레벨 도전 보조 역량: 수익화 문서화, 데이터 분석(기초 SQL), PM 보조 5년(37–60개월): “시니어 코어 소유 → 미니 리드” 시니어 경제/라이브 기획 또는 수익화 리드 후보 소규모 스쿼드(2–4명) 리딩, 주니어 코칭 1–2명 10년(61–120개월): “제품 책임/조직 설계 → IP 확장” 리드 시스템/경제 디자이너, 라이브옵스 책임, 프로덕트 리드 또는 소규모 스튜디오 공동 창업 포트폴리오 IP 1–2개 장기 운영(시즌형·크로스 플랫폼) | N32: 보유 | O32: 아니오 | Q32: 분노나 감정을 억누르고 침착함을 유지 | R32: 배움과 성장으로 받아들임 | S32: 상황에 대한 이해와 위로 | T32: 예 | U32: 신속채무조정과정에 있습니다. | V32: 아니요 | W32: 없음 | X32: 비전공자라서 두 배로 준비했습니다. 저는 ‘작게 만들고 빨리 검증’하는 태도로 코어 루프–튜토리얼–밸런싱을 반복 개선하고, 데이터(리텐션·ARPDAU)와 플레이테스트를 근거로 판단하겠습니다. 화려한 역할보다 필요한 일을 먼저 맡겠습니다—리서치, 로그 정리, 밸런스 시트, 패치 노트까지. 공정한 수익화와 장기 재미를 함께 지키며 팀의 속도를 높이겠습니다. 결과가 틀리면 가설을 바꾸고, 실패는 회고로 남기겠습니다. 3년 내 미들레벨 기획자로 성장해 시즌 운영을 책임지고, 5년 차에는 경제·라이브 영역의 미니 리드를 목표로 하겠습니다. 첫걸음의 무게를 알고 있습니다. 기회를 주신다면 끝까지 책임지겠습니다. | Y32: 김종우 | Z32: 45950 | AA32: 동의함 | AB32: 김종우 | AC32: 45950 | AD32: 동의함
A33: 45989.818 | B33: kjs627480@gmail.com | C33: 김준섭 | D33: 남 | E33: 25살(01년생) | F33: 고등학교 졸업 | G33: 비전공자 | H33: 목원대학교 아트미디어학과(현재는 자퇴) | I33: 안녕하세요!충청남도 당진에 거주 중인 김준섭이라고 합니다!저는 긴장도 많이하고 낯을 많이 가려 도전 정신이 많이 부족했던 사람이었습니다.하지만 아르바이트와 군대를 다녀오며 사회생활을 배워오며 사람들 앞에서 긴장감과 낯을 가리는 것이 많이 줄어들었고 소극적인 태도로는 제 꿈에 다가가기 힘들다고 생각되어 이번 G식백과 김성회님의 게임제작 부트캠프 게시물을 확인하고 이 기회를 무조건 잡고 적극적으로 참여하며 배우며 성장해야한다고 느꼈습니다!이번 부트캠프에 참여해 한 사람의 몫을 하는 사람이 되고싶습니다! | J33: 저는 평소에도 다양한 게임을 해보며 한번쯤은 나도 게임을 제작해보고 싶다고 생각하던 사람이었습니다.그리고 이번에 G식백과 김성회님의 게임제작 부트캠프의 게시물을 보고 꼭 게임업계에서 일하고 싶다고 생각을 하던 저에게 이 기회를 무조건 잡아야 된다고 생각하고 지원하게 되었습니다!현재까지도 관심있는 출시되는 게임을 직접해보고 즐겨보며 오프라인 행사도 참여해보며 유저의 입장에서 어떤 점이 즐겁고 민감한지 배우고 있습니다!많이 부족한 사람이지만 이번 게임제작 부트캠프에 적극적으로 참여해 부족한 저를 선생님들의 배움으로 부족한 부분을 고쳐가며 정말 마지막 기회라고 생각하고 열심히 배우고 노력하며 게임업계에 취업해서 꿈을 향해 달려가고 싶습니다!긴글 읽어주셔서 감사합니다! 현재 하고있는 게임: 리그오브레전드,이터널리턴,림버스컴퍼니,브라운더스트2,스텔라소라,스타세이비어 등이 있습니다! | K33: 게임관련된 학습에 경험이 없지만 이번 부트캠프에서 모든걸 배우며 시작하고 싶습니다! | L33: 제일 배우고 싶은건 게임의 규칙과 스토리,시스템을 설계하고 싶은 게임기획자가 되고 싶고 게임기획자가 꿈인 만큼 이번 부트캠프로 게임업계에 관련된 다양한 분야들을 더 세세히 정확하게 알고싶습니다! | M33: 저는 수료 후 부트캠프에서 배운 모든 것들을 활용하며 게임을 제작해서 저의 꿈의 목표에 가장 가까운 림버스컴퍼니를 만드신 김지훈 디렉터님 처럼 훌륭하고 유저와 소통하며 친화적인 게임 업계인이 되는것이 목표입니다! | N33: 보유 | O33: 아니오 | Q33: 상황을 피하는 경향 | R33: 배움과 성장으로 받아들임 | S33: 상대방이 고칠 수 있도록 충고 | T33: 아니요 | V33: 아니요 | W33: 없음 | X33: 게임제작 부트캠프로 제 인생의 전환점으로 삼아 변하고 노력하는 사람이 되어 부끄럼없이 한 사람의 몫을 하는 사람이 되고 싶습니다! | Y33: 김준섭 | Z33: 45989 | AA33: 동의함 | AB33: 김준섭 | AC33: 45989 | AD33: 동의함
A34: 45966.466 | B34: jhk920707@gmail.com | C34: 김지훈 | D34: 남 | E34: 33살(92년생) | F34: 대학교 중퇴 | G34: 비전공자 | H34: 경희대 한방재료공학과 | I34: 뉴미디어 엔터테인먼트, 주로 유튜브에서 10년 가까이 일했습니다. 최신 경향의 스타트업을 하다보니, 3d 애니메이션도 하게 되었는데 갈수록 현업에서 메타버스의 시대가 오고 있는 것이 느껴졌습니다. 그리고 메타버스의 끝은 결국 게임에 맞닿아있는 것 같아, 게임 교육을 받으려했으나 마음에 드는 과정을 찾지 못 했습니다. 경일아카데미가 커리큘럼이 좋은 건 알고 있었는데, 마음에 드는 과정이 나와 신청하게 되었습니다. | J34: 많은 직무교육을 찾아봤지만 AI시대에 대체되지 않을 내용을 찾기 어려웠습니다. 게임 기획은 아직 인간이 할 수 있는 부분이 많고, 인디게임도 오히려 AI도움을 받아 더 활성화될 거라 생각합니다. 무엇보다 가장 고관여의 콘텐츠를 직접 만들어보고 싶습니다. | K34: 없습니다 | L34: 게임PM, GM, 게임 기획자 | M34: 게임을 만드는 법을 배워 제가 마음에 드는 게임을 만들고 싶습니다. | N34: 보유 | O34: 예 | P34: 허리와 목이 안 좋아 온라인 과정을 신청하게 됐습니다. 우울증 약과 ADHD약도 적지 않게 복용 중입니다. | Q34: 대화와 타협을 통한 해결 | R34: 배움과 성장으로 받아들임 | S34: 문제 해결에 필요한 실질적 도움 제공 | T34: 아니요 | V34: 아니요 | W34: 없음 | X34: 마음에 드는 온라인 과정을 찾기 힘들었는데, 드디어 찾아서 최대한 수료하고 싶습니다. | Y34: 김지훈 | Z34: 45966 | AA34: 동의함 | AB34: 김지훈 | AC34: 45966 | AD34: 동의함
A35: 45990.719 | B35: linon1596@gmail.com | C35: 김태형 | D35: 남 | E35: 28 | F35: 대학교 졸업 | G35: 비전공자 | H35: 서울호서직업전문학교 / 인테리어 디자인 | I35: 안녕하세요 28살 김태형입니다 평소 학교와 취업을 했을때 지각을 해본적이 없었으며 일을 할때도 항상 맡은 일은 열심히 해왔습니다 또한 모르는 일이나 잘 안풀리는 일을 할때에는 사람들에게 물어봐가면서 해결을 하였고 다른 사람들과 잘 지냈습니다 비전공자이지만 새로운 경험을 해보고 싶었으며 게임을 자주하여서 어떻게 게임을 만드는지 궁금하여서 지원을 해보았습니다 | J35: 취업준비중에 친구가 알려주어서 지원을 하게 되었습니다 저 또한 새로운 경험을 시도해보고 싶었으며 게임을 좋아하여 어떻게 만드는 건지 궁금하였고 무언가를 만드는걸 좋아하였는데 게임은 만들어 본적이 없으며 혼자서 만들려고 하여도 경험이 없고 여러 자료를 보아도 무슨 말인지 알수가 없어서 포기하였습니다 하지만 이런 기회가 생겨서 도전해보고 싶어져서 지원을 하게 되었습니다. | K35: 없습니다 | L35: 없습니다 | M35: 게임 회사에 들어가보고 많은 경험을 쌓으면서 여때까지 쌓은 경험으로 저의 실력으로 게임을 제작해 보고 싶습니다 | N35: 미보유 | O35: 아니오 | Q35: 대화와 타협을 통한 해결 | R35: 배움과 성장으로 받아들임 | S35: 문제 해결에 필요한 실질적 도움 제공 | T35: 아니요 | V35: 아니요 | W35: 친구 | X35: 열심히 배워보겠습니다 | Y35: 김태형 | Z35: 45990 | AA35: 동의함 | AB35: 김태형 | AC35: 45990 | AD35: 동의함
A36: 45999.765 | B36: areagate34@gmail.com | C36: 김태환 | D36: 남 | E36: 27살(98년생) | F36: 대학교 졸업 | G36: 전공자 | H36: 건국대학교 컴퓨터공학 | I36: 대학교에서 배운 기본적인 프로그래밍 능력, 그리고 음악 및 글쓰기 활동을 통한 예술지식을 토대로 게임을 만들어가는 개발자, 디자이너 모두와 소통하는 기획자가 되고 싶습니다. | J36: 대학과정에서 프로젝트를 진행할 때 기획 분야에서 큰 흥미를 느꼈습니다. 이후 기획자로 취업을 준비하였지만, 혼자서 과정을 진행하기에는 어려움이 많았습니다. 전문적으로 기획을 배워본 것도 아니며 준비하고 있는 과정이 실무와 얼마나 닿아있는지, 이런 형태의 포트폴리오를 회사에서 원하는 것인지 알기 어려웠습니다. 이런 과정을 여러번 반복하면서 자연스럽게 게임기획이라는 목표에서 멀어지고 말았습니다. 이번 기회를 통해 실제 기획이라는 분야의 전문성을 높이고 실질적인 경험을 토대로 자신만의 게임을 만들고 싶습니다. | K36: 대학교 과정중 진행한 프로젝트 2~3회 | L36: 밸런스 기획, 전투 기획, 시나리오 기획, 동선 및 맵구조 디자인, 시스템 기획, 레벨 디자인 | M36: 볼륨이 크지 않더라도 모두에게 여운을 남길 수 있는 작품을 만들고 싶습니다. | N36: 보유 | O36: 아니오 | Q36: 대화와 타협을 통한 해결 | R36: 배움과 성장으로 받아들임 | S36: 문제 해결에 필요한 실질적 도움 제공 | T36: 아니요 | V36: 예 | W36: 없음 | X36: 모니터의 위치상 카메라의 각도 조절이 어려운 상황입니다. 때에 따라 상반신 전체가 나오지 않을 수 있습니다. | Y36: 김태환 | Z36: 45999 | AA36: 동의함 | AB36: 김태환 | AC36: 45999 | AD36: 동의함
A37: 45996.538 | B37: dpfvpfxmlove@gmail.com | C37: 김태훈 | D37: 남 | E37: 만 24살 (2001년생) | F37: 대학교 졸업 | G37: 비전공자 | H37: 충청대학교 바이오분석학과 | I37: 이번 게임기획자 과정에 참여하게 된 김태훈입니다. 지금까지는 단순히 게임하는 것을 좋아하는 사람이었다면, 이번 기회를 통해 내가 진짜 하고 싶은 직무를 습득해서 덕업일치를 이루고 싶습니다. | J37: 지금까지 게임을 즐기기만 했고, 현생과는 다른 세계라고 생각했었습니다. 우연히 유튜브에서 아카데미를 접하게 되었는데, 내가 배운 전공이랑 거리가 있지만 단순히 전공을 따라가 취업하는 것 보다는 내가 진짜 관심있고, 하고 싶은 업을 배우는 것이 더 중요하다고 생각했고, 이번에 좋은 기회가 왔다고 생각해서 신청하게 되었습니다. | K37: 없습니다. | L37: 프로듀서, 운영자, 게임 디렉터, (시스템, 레벨)디자이너, 아트팀, 음향팀 등 | M37: 아카데미 과정을 잘 수료하여 단순히 직장에 취업한다는 것이 아닌, 내가 즐기면서 일할 수 있고 내가 원하는 게임을 만들고, 이끌어나가는 사람이 되고 싶습니다. | N37: 미보유 | O37: 아니오 | Q37: 논리적인 논쟁으로 해결 | R37: 배움과 성장으로 받아들임 | S37: 문제 해결에 필요한 실질적 도움 제공 | T37: 아니요 | V37: 아니요 | W37: 없음 | X37: 1. 추가 입학하게 되어 진도를 따라갈 수 있을까 다소 걱정되지만, 노력해서 따라갈 수 있도록 하겠습니 다. 2. 마이크는 보유중이지만 캠이 없는데, 문제가 된다면 말씀해주시면 감사하겠습니다. | Y37: 김태훈 | Z37: 45996 | AA37: 동의함 | AB37: 김태훈 | AC37: 45996 | AD37: 동의함
A38: 46008.593 | B38: baoo88000@gmail.com | C38: 김태훈 | D38: 남 | E38: 27살(99년생) | F38: 고등학교 졸업 | G38: 전공자 | H38: 장안대 게임컨텐츠과 | I38: 게임을 좋아하고 재밌는 게임을 만들고 싶어서 지원하였습니다. 다른사람들에게도 게임의 재미를 느낄수 있는 게임을 만들고싶습니다! | J38: 학교에서 어느정도를 배웠지만 게임 기획관련 직무를 더욱더 알고싶어 신청하게 되었습니다. 또한 같은 직군을 준비하는 분들과 함께 팀플등을 하며 의견공유 등을 할 수 있을거라 생각해 신청하게 되었습니다. | K38: 학교에서 기초적인 학습을 하였고 동아리를 들어가 개발을 6개월 정도 해보았습니다. | L38: 게임기획자 중 시스템기획자나 게임 밸런스 디자이너, 레벨 디자이너 정도를 생각하고 있습니다. | M38: 수료후 배운 지식을 바탕으로 게임 기획자로 취업을 성공하는것이 목표입니다! | N38: 미보유 | O38: 아니오 | Q38: 대화와 타협을 통한 해결 | R38: 배움과 성장으로 받아들임 | S38: 문제 해결에 필요한 실질적 도움 제공 | T38: 아니요 | V38: 아니요 | W38: 없음 | X38: 과정에 성실하게 참여하고 많을걸 배워가겠습니다 | Y38: 김태훈 | Z38: 46008 | AA38: 동의함 | AB38: 김태훈 | AC38: 46008 | AD38: 동의함
A39: 45980.597 | B39: youtoo1729@gmail.com | C39: 김현우A | D39: 남 | E39: 26살 | F39: 졸업 예정 | G39: 비전공자 | H39: 시각정보디자인 | I39: 저는 비록 게임이 전공도 아니며 게임업계에 대해서 아는것이 없지만 저의 열정은 누구보다 높다고 자부하며 반드시 게임업계에 취업해서 게임개발자 라는 타이틀을 얻고싶습니다 | J39: 게임업계 취업 희망하며 게임이 현재 자신과 가장 적성에 맞다고 판다하여 본과종에 참여하여 자신의 능력을 향상시켜서 게임업계 진출을 위한 능력을 습득하고 나아가 실제 게임업계에 취업을 희망하여 본 과정에 참여를 신청함 | K39: 전무 | L39: 게임 기획자(벨런스, 경제, 콘텐츠, 스토리), 원화가, 모델가, 개발자 | M39: 게임기확자를 희망하고 있으며 기획자주에서도 가급적 스토리 기획자를 희망하여 실제 게임 기획자로서 취업을 목표로 하고 있음 | N39: 보유 | O39: 아니오 | Q39: 대화와 타협을 통한 해결 | R39: 과거의 실수와 연관지어 자신감 상실 | S39: 상황에 대한 이해와 위로 | T39: 아니요 | V39: 아니요 | W39: 없음 | X39: 성실히 과정에 임할것을 각오합니다 | Y39: 김현우 | Z39: 45980 | AA39: 동의함 | AB39: 김현우 | AC39: 45980 | AD39: 동의함
A40: 45981.723 | B40: gustlrdn3@gmail.com | C40: 김현우B | D40: 남 | E40: 27살(99년생) | F40: 대학교 졸업 | G40: 비전공자 | H40: 하얼빈공업대학교 컴퓨터공학과 | I40: 안녕하세요. 저는 어릴 때부터 게임을 하면서 이건 왜 이렇게 만들어졌을까?, 저건 왜 이런 구조일까? 라는 궁금증을 많이 가졌습니다. 단순히 플레이하는 것을 넘어서, 게임이 만들어지는 과정과 구조를 이해하고 싶다는 생각이 커졌고, 그 호기심이 결국 기획자가 되고 싶은 목표로 이어졌습니다. 이제는 유저로서 느꼈던 의문들을 기획 관점에서 분석하고, 더 나은 경험을 설계하는 기획자가 되고자 노력하고 있습니다. | J40: 여러 부트캠프 후기를 찾아보고 비교했을 때 이 과정이 가장 체계적이고 실무 중심이라는 느낌을 받았습니다. 또한 앞으로는 AI를 활용할 줄 아는 기획자가 더욱 중요해질 것이라 판단해서 생성형 AI를 실제로 활용해보는 커리큘럼에 큰 매력을 느껴 참여하게 되었습니다. | K40: 전문적인 게임 기획 교육을 받은 경험은 아직 없지만, 메이플스토리 등 여러 게임들을 플레이하며 시스템 구조와 유저 경험에 대해 분석해 본 경험이 있습니다. 이번 과정을 통해 실제 실무 중심의 기획 역량을 체계적으로 쌓고 싶습니다. | L40: 시스템 기획자, ux/ui기획자, 밸런스 기획자, 컨텐츠기획자, QA, 시나리오기획자, 게임bm기획자 | M40: 본 과정을 통해 쌓은 개발자와 원활히 소통하며 실무에 적용 가능한 게임기획 역량을 갖추어 취업하는 것입니다. | N40: 미보유 | O40: 예 | P40: 허리디스크가 있습니다. 지금은 호전되어서 약도 안먹고 일상생활에 문제없습니다. | Q40: 대화와 타협을 통한 해결 | R40: 배움과 성장으로 받아들임 | S40: 상황에 대한 이해와 위로 | T40: 아니요 | V40: 아니요 | W40: 없음 | X40: 노트북의 내장된 카메라와 마이크로 화상수업 참여가능한지 궁금합니다. 과정을 충실히 수행하며 기획자로서 성장할 수 있도록 최선을 다하겠습니다 | Y40: 김현우 | Z40: 45981 | AA40: 동의함 | AB40: 김현우 | AC40: 45981 | AD40: 동의함
A41: 45961.682 | B41: tigerlow0723@gmail.com | C41: 김흥규 | D41: 남 | E41: 27살(99년생) | F41: 대학교 졸업 | G41: 전공자 | H41: 강남대학교/소프트웨어 | I41: 게임 기획자의 길을 갈구하는 남자 김흥규라고 합니다. 기획 실력은 아직 서투르지만 기획을 할 때의 열정은 뛰어나다고 생각합니다. 좋은 환경이 주어진다면 제 능력을 어디까지 뿜어낼 수 있는지 한계를 넘어 도전해 보고 싶습니다. 책임을 지겠다는 말이 굉장히 민감하게 들릴 수도 있는 부분이지만 남에게 피해를 주는 걸 굉장히 싫어하는 사람으로서 한 번 맡은 바는 끝까지 책임감을 갖고 임하겠습니다. 사실 전문적인 도움을 받아본 적이 없어 지금 하고 있는 것들이 잘하고 있는 것인지를 몰라 스스로에게 의문을 품으면서 게임 기획자에 대한 열정이 조금씩 식어가고 있었습니다. 그러다 이번에 이렇게 좋은 기회를 발견하게 되었고 가슴 한 편에 게임 기획자를 갈구하던 열정이 다시 타오르기 시작했습니다. 꼭 이 한 몸 불 싸지르며 게임 기획자의 꿈을 밟아보고 싶습니다. 게임 기획자 도전!!! | J41: 친구들과 게임 프로젝트를 처음 진행하게 되었을 때 팀장인 친구가 “너 아이디어도 많은 거 같은데 기획 한 번 해보는 거 어때?”에서 호기롭게 시작을 하여 기획을 맡게 되었습니다. 만들어지는 과정에서 여러 힘든 점도 많았지만 그래도 제 손으로부터 그림이 그려지며 게임이 점차 한 단계씩 쌓아 올려지는 게 보이면서 그 속에서 뿌듯함을 느낄 수 있었습니다. 1인 개발자가 아닌 이상 회의를 진행하고 사람들끼리 의견을 주고받으며 상대를 설득시킬 수 있어야 한다고 생각하는데 이 속에서 여러 의견을 종합하여 서로를 설득하고 달아오른 분위기를 완화될 수 있게 제 스스로 감정에 요동치지 않고 객관적으로 회의 때마다 좋은 결과를 도출해 낼 수 있는 능력을 제가 어느 정도 갖고 있다고 생각합니다. 게임을 만들어가는 사람이 되어 누군가 즐길 수 있게 될 거라는 생각에 크게 흥미를 느끼게 되었고 작업을 진행하는 데에도 하는 작업은 어려울 수 있어도 차근차근 게임 만들어지는 모습에 만족감을 느낄 수 있었습니다. 또한 사람들과 유하게 지내는 데에 재능이 있다고 생각하여 게임 기획자를 하겠다는 꿈을 확실하게 갖게 되었습니다. 그래서 이번에 이 과정에 참여하여 이제는 전문적인 과정과 함께 게임 기획자의 꿈을 꼭 실천해 보고 싶어 신청하게 되었습니다. | K41: 학교 친구들과 함께 교외활동으로 취업을 위한 게임 프로젝트를 하나 진행한 적이 있습니다. 거기서 기획을 맡았고 2D 로그라이크 게임을 진행하면서 주마다 회의를 거쳐 레벨 디자인, 컨텐츠 기획, 몬스터 기획과 아트 기획 등 거의 모든 부문들 도맡아 기획을 하였습니다. 그러나 학기 중부터 시작해 시험 기간이 되면 진행 속도가 현저히 느려졌었고 그러다 나중에 취업을 하게 된 인원들이 나타나며 결국 프로젝트가 무산되어 아쉽게 끝마치지 못하고 그만둘 수밖에 없게 됐습니다. | L41: 레벨 디자이너, 밸런스 디자이너, 서버 개발자, bm 기획자, 컨텐츠 기획자, 모델러 | M41: 과하다고 생각하실 수도 있지만 남들이 충분히 알 만한 기업의 게임 기획자로 들어가고 싶습니다. 모바일도 좋지만 pc쪽으로 가는 걸 좀 더 생각하고 있습니다. | N41: 보유 | O41: 아니오 | Q41: 대화와 타협을 통한 해결 | R41: 자신을 비난하고 자책하는 경향 | S41: 문제 해결에 필요한 실질적 도움 제공 | T41: 아니요 | V41: 아니요 | W41: 없음 | X41: 8개월 동안 열심히 배우고 거기서 멈추는 게 아니라 스스로 더 노력을 하여 꼭 게임 기획자로 취업을 하고 싶습니다! | Y41: 김흥규 | Z41: 45961 | AA41: 동의함 | AB41: 김흥규 | AC41: 45961 | AD41: 동의함
A42: 45994.488 | B42: mangjihun6224@gmail.com | C42: 맹지훈 | D42: 남 | E42: 29살 (97년생) | F42: 고등학교 졸업 | G42: 비전공자 | H42: 시화공업고등학교 시스템제어전기과 | I42: 현실때문이란 변명으로 미루고 포기한 뒤 소비자로서만 즐기다 우연히 눈에 들어온 부트캠프 소식에 이게 마지막 기회일 수 있을거란 생각으로 다시 꿈을 이루기위해 지원하게 된 게임 기획자 지망생 맹지훈이라고 합니다. | J42: 제가 본 과정에 참여를 신청한 계기는 꿈에 대한 도전을 처음이자 마지막으로 싶기 때문입니다. 고등학생 시절 다문화 센터의 봉사활동 중 ui 디자이너를 지망하던 대학생분과 만난적이 있었습니다. 그분은 당시 제가 말하는 상상속 게임 디자인에 관련한 잡담들을 진지하게 들어주다. 저에게 자신이 다니는 대학교에 입학하여 함께 게임에 관련한 교육을 받아보는 게 어떠냐는 권유를 해주셨었습니다. 그 당시 저는 산업체로 이미 공장에 취업이 확정난 상황이라 게임 기획에 대해 관심이 생겼음에도 긴 고민을 한 이후 현실이란 이유로 진학을 포기하고 공장에서 일하는 것을 선택했습니다. 이후에 다시 그분의 말이 계기가 되어 마음속에 있던 관심이 꿈이 된 시기가 있었지만 이마저도 또 다시 마주한 현실을 변명삼아 눈을 돌리고 어린 시절의 허망한 꿈이라 스스로를 속이며 앓고 있는 후회섞인 마음을 애써 부정해왔습니다. 그렇게 약 10년이 지나 다니던 회사를 관두고 집에서 휴식하던 중 김성회님의 유튜브에 올라온 부트캠프관련 게시글을 보게 되었습니다. 이전이라면 예전 추억을 곱씹으며 넘길 글이었지만 부정해왔던 관심이 다시 솟기 시작했습니다. 글을 보고 몇일을 고민하던 저는 스스로에게 질문을 던졌습니다. 늘 변명만 하고 도망치던 것에 대하여, 처음이자 마지막으로 도전해보면 안되는 걸까 질문에 대한 답은 시도하자, 도전해보자였습니다. 내가 상상만 하던 콘텐츠, 보스, 캐릭터들의 디자인을 실현시켜보자고 제가 본 과정에 참여하는 이유와 이후 게임 기획자로서 취업하고 싶어하는 이유는 상상만 하던 꿈을 현실을 이유로 대며 변경하고 도망치는 것이 아닌 상상속의 게임을 현실에서 마주하고 싶다는 욕구때문입니다. | K42: 전혀 없습니다. | L42: 시나리오 기획자, 밸런스 기획, ui/ux 기획, 시스템 기획자, 전투 기획자 | M42: 이곳에서 배운 지식을 기반으로 취업한 회사에서 경험을 쌓은 뒤 능률을 인정받아 프로젝트의 개발을 처음부터 끝, 더 나아가 정식 서비스 까지 사람들에게 자랑스럽게 내놓을 수 있는 게임을 만들어 내는 것입니다. | N42: 보유 | O42: 예 | P42: 긴장성 두통을 앓고 있으며 관련한 진통제와 근육이완제가 집에 구비되어 있습니다. | Q42: 대화와 타협을 통한 해결 | R42: 자신을 비난하고 자책하는 경향 | S42: 문제 해결에 필요한 실질적 도움 제공 | T42: 예 | U42: 현재 무직 상태로 모아둔 돈을 통해 최소한의 개인 지출은 충당하고 있으나 이외 생활비는 모두 가족에게 기대고 있는 상황입니다. | V42: 아니요 | W42: 없음 | X42: 교육을 성실히 참여하고 배운 뒤 제 것으로 만들어 내려 노력하겠습니다. 부족한 부분들은 메모하고 참고하여 같은 실수가 나오지 않도록 지적받지 않은 부분은 제가 이해한 방향성이 맞다고 인지하되 그 이유가 무엇인지 파악하고 더 나아가기 위한 준비를 할 것입니다. | Y42: 맹지훈 | Z42: 45994 | AA42: 동의함 | AB42: 맹지훈 | AC42: 45994 | AD42: 동의함
A43: 45985.448 | B43: mose94444@gmail.com | C43: 박경태 | D43: 남 | E43: 21살(05년생) | F43: 대학교 휴학 | G43: 비전공자 | H43: 원광대학교 뷰티디자인학부 | I43: 안녕하세요. 경일 게임 아카데미에 지원하게 된 박경태입니다. 저는 평소에 어떤 것을 접하면 ‘왜 이렇게 만들었을까’ ‘다르게 만들면 어떨까’를 자연스럽게 생각하는 습관이 있었습니다. 그런 생각들이 쌓이면서 단순히 게임을 즐기는 것보다 만드는 과정에 더 관심이 생겼고 자연스럽게 기획자가 되고 싶다는 마음이 생겼습니다. 기획이라는 일은 아이디어를 정리하고, 구조를 만들고, 다른 사람들과 조율하면서 완성해가는 과정이라고 알고 있습니다 저는 무언가에 몰입해서 오래 고민하는 걸 좋아하고, 의견을 주고받으며 더 나은 방향을 찾아가는 과정이 편한 사람이라 기획이라는 역할이 제 성향과 잘 맞는다고 느꼈습니다. 아직 배워야 할 점이 많지만 경일에서 차근차근 배우면서 멋진 기획자로 성장하고 싶습니다. | J43: 기획을 해보고 싶다는 마음은 있었지만, 막상 혼자 공부하려고 하니까 어디서부터 어떻게 시작해야 할지 감이 잘 잡히지 않았습니다. 기본도 제대로 모르면서 혼자만 고민하는 데는 한계가 있다고 느껴서, 기초부터 차근차근 배울 수 있는 곳을 찾게 됐습니다. 그래서 확실하게 방향을 잡고 싶다는 마음으로 경일 게임 아카데미에 신청했습니다. | K43: 아직 없습니다 | L43: 밸런스 기획자, UI 기획자, 컨텐츠 기획자등 여러분야의 기획자와 개발자가 있는 것으로 알고 있습니다 | M43: 수료 후에는 기획의 기초를 확실히 다지고 실제로 작은 프로젝트라도 스스로 완성할 수 있는 실력을 갖추는 것을 목표로 하고 있습니다 그 과정에서 제 성향과 맞는 기획 분야를 더 정확하게 찾고 포트폴리오를 만들어 게임 회사에 지원할 수 있는 준비를 갖추고 싶습니다 | N43: 보유 | O43: 아니오 | Q43: 대화와 타협을 통한 해결 | R43: 배움과 성장으로 받아들임 | S43: 상황에 대한 이해와 위로 | T43: 아니요 | V43: 예 | W43: 없음 | X43: 먼저 멋진 기회 주셔서 감사합니다 배울 수 있는 동안 성실하게 임하고, 주어진 과정들을 끝까지 열심히 해내겠습니다. 부족하더라도 꾸준히 나아가겠습니다. | Y43: 박경태 | Z43: 45985 | AA43: 동의함 | AB43: 박경태 | AC43: 45985 | AD43: 동의함
A44: 45986.982 | B44: gg.ikane13@gmail.com | C44: 박기은 | D44: 여 | E44: 26살(00년생) | F44: 대학교 졸업 | G44: 비전공자 | H44: 연성대학교 시각디자인과 | I44: 게임 기획자를 꿈꾸는 박기은 입니다! 고등학생 때부터 게임을 좋아해 게임 업계에 종사하고 싶다는 마음으로 게임 캐릭터 디자이너를 목표로 잡았습니다. 고등학생 2학년부터 미술 실기를 준비했지만 원하는 대학에 들어가지 못해 시각디자인과로 학교를 졸업하게되었습니다. 하지만 캐릭터디자이너에 대한 로망이 남아있어 대학 졸업 후 캐릭터디자인 전문 학원에서 수업을 받았었지만 제 생각 만큼의 성과가 나오지 않았고 그대로 방황하며 앞으로의 길에 대해 고민하고있었습니다. 하지만 게임업계에서 일하고싶다는 생각은 변하지 않았었고 여러가지 일들을 찾아보던 와중 게임 기획자라는 직업이 굉장히 매력적으로 다가왔습니다. 이번에야 말로 반년간 경일아카데미에서 열심히 공부해서 꼭 게임 제작의 꿈을 이루고싶습니다. | J44: 제 최종 목표는 게임을 만드는 능력을 길러 모두가 재미있게 플레이 할 수 있는 게임을 만드는 것입니다. 좋은 퀼리티의 게임을 만들기 위해서는 팀 내의 모두와 적극적인 커뮤니케이션과 기획 단계에서 부터 멀리 보고 옳은 길로 게임을 이끌어 갈 수 있는 능력이 가장 중요하다고 생각합니다. 이 과정을 통해 그러한 능력을 향상 시킬 수 있다고 느껴서 신청하게되었습니다. 특히 학원 내 다른 분들과 함께 게임을 만드는 커리큘럼이 있는 게 굉장히 매력적이었습니다! | K44: 고등학생때 코딩에 관심이 있어 JAVA코딩 동아리에 가입해 JAVA의 기초에 대해 부원들과 함께 공부했었습니다.(게임관련 코딩은 아니었습니다..) 대학생때에도 교양수업으로 코딩을 선택해 배웠으며 대학 졸업 후에는 1년반 정도 게임캐릭터디자인 학원에 다녔습니다.(sbs아카데미) | L44: 밸런스 기획자, 컨셉 기획자, 시스템 기획자, 시나리오 기획자 | M44: 수료 후 최대한 빠르게 취직해서 경력을 쌓고 언젠간 제가 원하는 게임을 만들고 싶습니다. 그리고 모두가 즐겁게 플레이 할 수 있는 게임들을 많이 만들고 싶습니다. | N44: 미보유 | O44: 아니오 | Q44: 논리적인 논쟁으로 해결 | R44: 배움과 성장으로 받아들임 | S44: 문제 해결에 필요한 실질적 도움 제공 | T44: 아니요 | V44: 아니요 | W44: 없음 | X44: 커리큘럼에서 기대되는 것도 많고, 저에게 정말 좋은 경험이 될 것 같습니다! 1년간 열심히 공부하겠습니다. | Y44: 박기은 | Z44: 45986 | AA44: 동의함 | AB44: 박기은 | AC44: 45986 | AD44: 동의함
A45: 45966.808 | B45: bustajmahal@gmail.com | C45: 박도원 | D45: 남 | E45: 31살(95년생) | F45: 대학교 졸업 | G45: 비전공자 | H45: 부산대학교 만화애니메이션 전공 | I45: 만화, 애니메이션을 전공하고 영상제작 및 모션그래픽, 애니메이션 동화 작업 등 영상계열 업무를 진행하다 게임 기획을 준비중인 박도원 이라고 합니다. 잘 부탁드립니다. | J45: 기존 영상 및 애니메이션 업계의 낮은 임금 및 AI 발전에 따른 미래 불안정성 등으로 인해 해당 계열의 미래가 불투명하다고 느껴졌으며, 기존부터 기획 및 조정 등의 업무에 대해 흥미가 있었고 게임 개발또한 예전부터 꿈꿔오던 길이었기에 진로를 변경하고자 신청을 바랍니다. | K45: SBS 서울 게임 아카데미에서 게임 기획자 기초반을 국비지원 과정으로 수료하였습니다. 또한 현재는 에픽게임즈에서 스토어, 포트나이트, 폴가이즈 관련 PS 업무를 약 1년 반정도 진행중입니다. | L45: 기획 과정과 관련된 분야로는 몬스터 전투 기획자, PVP 기획자, 레벨 디자이너, 길드 및 파티 컨텐츠 기획자, 등이 있는 것으로 알고있습니다. | M45: 해당 과정을 수료하는 동안 열심히 배우고 좋은 포트폴리오를 제작하여 기획자로 취업하는것이 목표입니다. | N45: 보유 | O45: 아니오 | Q45: 대화와 타협을 통한 해결 | R45: 배움과 성장으로 받아들임 | S45: 상대방이 고칠 수 있도록 충고 | T45: 아니요 | V45: 아니요 | W45: 없음 | X45: 한국 게임 업계가 과거에 비해 상대적으로 침체 상태인 것으로 알고있어, 신입 채용이 적다고 하여 약간 걱정 및 불안감이 듭니다. 다만 그만큼 열심히 수료하여 취업이 되도록 노력하겠습니다. | Y45: 박도원 | Z45: 45966 | AA45: 동의함 | AB45: 박도원 | AC45: 45966 | AD45: 동의함
A46: 45957.652 | B46: spiderjocker@gmail.com | C46: 박민규 | D46: 남 | E46: 25살(01년생) | F46: 대학교 졸업 | G46: 비전공자 | H46: 가톨릭상지대학교 철도전기과 | I46: 24년도 12월부터 25년도 9월초 까지 게임업계 준비를 하다, 올해 하반기 면접 전형까지는 갔으나 부족한 점을 느껴 다시 배우고자 하는 학생입니다 | J46: 제 실력에 부족함을 느끼고 면접 당시 포트폴리오 부분에서 노력은 많이 한 티가 보이지만 어쩔 수 없이 신인과 무 경험자의 느낌이 난다는 이야기를 많이 받아 그것을 보완하고 더 발전 하기 위해 지원 했습니다, 또한 서브컬처 게임과 액션 게임에 특별한 애정을 가지고 있으며 추후 그런 프로젝트에 참여하기 원합니다. | K46: 지금까지 관련 학습은 24년도 12월부터 9월초 까지 다른 학원 (메가스터디)에서 수업을 받은적이 있습니다. | L46: 게임 기획 전형에서 컨탠츠 기획 부분과 시스템 기획 중 전투 기획 분야를 목표로 포트폴리오를 작성했으며 습작 형태이긴 하지만 전체적인 게임 기획서와 시나리오 포트폴리오를 만들어 본 경험이 있습니다. | M46: 가장 큰 목표는 서브컬처 계열 프로젝트로 취직하는 것이 큰 목표이지만 취업이 목표입니다. | N46: 미보유 | O46: 예 | P46: 목 디스크가 있어 주기적으로 스트레칭을 하고 있으며 그 외 질병으론 만성 어지럼증이 있으나 컨디션이 좋지 않은 경우를 제외하면 일상생활 지장 없는 정도입니다. | Q46: 대화와 타협을 통한 해결 | R46: 배움과 성장으로 받아들임 | S46: 문제 해결에 필요한 실질적 도움 제공 | T46: 아니요 | V46: 아니요 | W46: 없음 | X46: 개인적인 공간을 확보 하는 것이 조금 힘들지만 과정에 참여하게 된다면 반드시 해결하겠습니다. | Y46: 박민규 | Z46: 36927 | AA46: 동의함 | AB46: 박민규 | AC46: 36927 | AD46: 동의함
A47: 45958.684 | B47: 020513pms@gmail.com | C47: 박민수 | D47: 남 | E47: 24살(02년생) | F47: 대학교 휴학 | G47: 비전공자 | H47: 전남대학교 융합생명공학과 | I47: 안녕하세요. 24살 현재 대학교 휴학중인 박민수입니다. 학교 재정상황과 여러 일이 겹쳐서 알바하면서 쉬고있습니다. 예전부터 컴퓨터공학과 생명공학 중 고민하면서 재수도 하고 편입 준비도 했습니다. 건강상 올해는 쉬고 편입 원서를 작성해보고 된다면 내년에 편입 준비를 해서 컴퓨터공학 쪽으로 공부를 해보고싶었습니다. 쉬면서 코딩에 대해 접하게 되었고 자연스럽게 광고를 보고 지원하게되었습니다. 컴퓨터에 대해 관심이 많고 관심이 있는 분야에서는 집중력과 흥미가 많아 이번 계기로 최대한 열심히 배워보고싶습니다. | J47: 자기소개와 같이 쉬면서 코딩에 접하게 되었고 어려움을 느껴 배워보고싶어 지원하게 되었습니다. 컴퓨터공학에 관심이 점점 늘어 이번 계기로 열심히 배워보고싶고 이제는 진로에 대해 마음을 굳히고 싶습니다. | K47: 없습니다 | L47: 게임개발자, 여러 소프트웨어 개발 | M47: 진로에 대한 고민을 굳히고 후에 미래에 어떻게 하는 것이 좋을지 생각해보고 취업이나 대학에 나오고 대학원까지 생각해보고싶습니다 | N47: 보유 | O47: 예 | P47: 공황장애가 있습니다 | Q47: 대화와 타협을 통한 해결 | R47: 자신을 비난하고 자책하는 경향 | S47: 문제 해결에 필요한 실질적 도움 제공 | T47: 예 | U47: 비용 부담이 있다면 고민을 좀 해봐야될 것 같습니다 | V47: 아니요 | W47: 없음 | X47: 비용에 대한 걱정과 아무래도 비전공자이다 보니 어려움을 느끼고 막히지는 않을까 걱정입니다 | Y47: 박민수 | Z47: 45958 | AA47: 동의함 | AB47: 박민수 | AC47: 45958 | AD47: 동의함
A48: 45989.739 | B48: billy38p@gmail.com | C48: 박상진 | D48: 남 | E48: 35살 | F48: 대학교 졸업 | G48: 비전공자 | H48: 건국대 글로컬 의용전자공학 | I48: 요즘에 유망한 직종으로 취직하고 싶어서 신청하게 되었습니다. 학습력은 뛰어나기 때문에 빠르기 익힐 것이라 자신합니다. 감사합니다. | J48: 전도유망한 직종에 관련 기술을 배운 뒤에 취직을 하고 싶어 지원하게 되었습니다. 취직에는 특별한 기술이 필요해보여서 배우기 위해서 신청하였습니다. 마침 사람인에서 지원이 있길래 오랜 고민 끝에 신청하게 되었습니다. | K48: 없습니다. | L48: 없습니다. | M48: 실무를 잘 배운 뒤이 관련 업종에 빠르게 취직하는 것이 목표입니다. 개발자로서 좋은 직장을 가는 것이 목표입니다. | N48: 미보유 | O48: 아니오 | Q48: 대화와 타협을 통한 해결 | R48: 배움과 성장으로 받아들임 | S48: 문제 해결에 필요한 실질적 도움 제공 | T48: 예 | U48: 생활비 | V48: 아니요 | W48: 없음 | X48: 기간이 긴데 수업 이후에 취직이 안 될까 두려움. | Y48: 박상진 | Z48: 45989 | AA48: 동의함 | AB48: 박상진 | AC48: 45989 | AD48: 동의함
A49: 46007.743 | B49: dudtjd115@gmail.com | C49: 박영성 | D49: 남 | E49: 22세(04년생) | F49: 고등학교 졸업 | G49: 비전공자 | H49: 백석문화대학교 웹툰애니메이션 학부 웹툰과 | I49: 안녕하세요 경일 아카데미 게임 기획과정에 지원하게 된 인천 서구 거주중인 박영성입니다. 어릴때부터 공상이 많고 어떤 컨텐츠에 대한 생각이 많았으며, 고등학교 이후부터 지인들과 TRPG등을 할때, 우리가 플레이하는 테마에 맞지 않는 부분의 룰 등을 변형 시켜 하우스 룰을 만들고, 이러한 경험을 살려 취미삼아 군내에서도 TRPG 룰북에 대한 기획을 해보는 등 제가 상상한 어떤 컨텐츠로 다른 사람들과 즐거움을 나누고, 제가 좋아하는 소재에 대한 관점을 공유하고 싶다는 생각이 간절했었습니다. 실제로 제가 속한 TRPG 팀에서 좋은 반응을 얻었었고, 저 혼자 만의 작업이 아닌, 소속된 플레이어들을 모아서 아이디어를 모으고, 룰에 시스템적으로 매끄럽게 포함시키기 위해 고민하고, 피드백을 종합하고 분류하여 수용하며, 테스트를 구성하여 진행하거나, 완성된 부분을 정리하여, 자료와 함께 같이 기여해준 플레이어들에게 발표하며 소개하며 큰 성취감을 느낄 수 있었던 것 같습니다. 이러한 취미 생활로서 기획을 이어 나가고 있으면서도, 제 앞으로 인생 진로에 대한 걱정과 고민이 많고 막막하던 차였는데 때 마침 지인을 통해 경일 아카데미에 대해 알게 되었고, 지인들의 권유와 추천을 받아 신청하게 되었습니다. 제가 좋아하고 즐거움을 나눈 일을 보다 체계적이고, 제대로 끝맺어 보고, 이후로도 관리하여 완성도를 올리고 수요에 반응하는 일까지 전부를 경험해보고 이를 통해 제 취미 정도 였던 경험을 다듬어 저의 능력으로 완성시켜내고 싶습니다. 늦게 참여하게 된 만큼 정말 성실하게 수업에 임할 수 있도록 하겠습니다. | J49: 저는 평소에도 취미 생활로서 지인들과 즐기는 TRPG 등의 하우스 룰을 설계하거나, 이러한 경험을 토대로 자체적인 TRPG 룰북을 기획해보고 있었던 차 였습니다. 이 과정에서 지인들과 함께하며 지인들과 아이디어를 나누고 수용하고, 구현에 대해 각 분야에 능력을 가진 지인들과 일해 역할을 분담해보고, 어떻게 해야 지인들의 수요에 반응하고 기획자의 의도와 시너지를 내는 컨텐츠를 만들어낼 수 있을지 고민해보는 등의 과정을 거치며 실제로 TRPG에 참여하는 인원들에게 좋은 호응을 이끌어냈고, 이 과정에서 큰 성취를 느끼며 취미로서 지속해나가고 있었습니다. 그러던 차에 진로로 고민하는 제 모습을 보고 지인들이 경일 아카데미와 함께 게임 기획의 길을 추천해주었고, 제 능력을 보다 다듬고 완성된 결과물을 낼 수 있는 사람이 되어 제 컨텐츠로 저의 관점과 즐거움을 여러 사람들과 공유하고 싶어 지원하게 되었습니다. | K49: 공적으로 인정받는 학원, 부트캠프, 학교, 회사, 전공등의 게임 관련 학습 및 업무 경험은 없습니다. 다만 주변 지인중에 게임 전공으로 유학을 진행중이던 사람이 있었고, 이 사람과 게임성에 대해 몇차례 토의를 가져 본 것과, 앞서 소개해드린 개인 취미로서의 프로젝트의 경험은 있습니다. 또한 웹툰 애니메이션 학부를 재학하며 연출과 스토리 등의 기획적인 요소를 일부 배웠는데, 게임에 완전히 똑같이 적용되진 않더라도 어느정도 핵심적인 맥락면에서 조금 더 잘 이해할 수 있는 부분이 있지 않을까 생각합니다. | L49: 시나리오 디자이너, 아트 디렉터, UI 설계, QA, 레벨 디자인 등에 대해 인지하거나, 그러한 직무 분야가 있다는 것을 알고 있습니다. | M49: 경일 아카데미를 수료하여 제가 즐거움과 취미로 삼는 일이 제 능력이 될 수 있고 사회에서 요구되는 역량으로 키워나갈 수 있는지 확인하고, 실제로 성장 시켜 저의 능력과 진로로 삼아 게임 개발 업게에 종사하는 사회인으로 거듭나고, 사회와 회사가 요구하는 게임과 더불어, 제 개인 취미 생활에서의 기획자로서도 더욱 다듬어져 프로젝트를 완성도 있게 완결시키고, 제가 좋아하고 잘하는 일을 통해 저의 앞으로의 인생의 동반자로서, 취미에서도 진로에서도 게임 기획을 함께 하고 싶습니다. | N49: 보유 | O49: 예 | P49: 우울증과 무기력증 진단을 고등학교 1학년때 받은적은 있으나, 고등학교 2학년 부터 병원에 다니지 않고도 일상생활을 영위하고 군생활에서도 전역까지 크게 문제 된 적 없이 정상적으로 잘 지내고 있기에 큰 문제가 되진 않을것 같습니다. | Q49: 대화와 타협을 통한 해결 | R49: 자신을 비난하고 자책하는 경향 | S49: 상황에 대한 이해와 위로 | T49: 아니요 | V49: 아니요 | W49: 친구 | X49: 진로 문제로 혼란스럽던 차에, 제가 취미로서 어느정도 성취감을 느낄 수 있던 분야에 대해 구체적인 어떤 길을 찾아낸 것이 무척 기쁩니다. 물론 취미로 하는 것과는 전혀 다른 수준의 일일 것이고, 요구되는 것도 제가 할 수 있는 것도 다를 것이란 것은 알지만, 그러면서도 제가 평소 좋아하고 상상해오던 것들을 해낼 수 있는 역량을 갖추는 것, 지금 하고 있고 해온 것들을 더 잘할 수 있게 된다는 것에 대한 기쁨과, 이것을 사회가 요구하는 능력으로 가다듬어서 저의 능력으로 다듬어 사회에 나아갈 수 있을 것에 대한 기대감이 큽니다. 비록 아직 사회인으로서도 기획자로서도 부족한 것이 많지만, 늦게 참여하게 되는 만큼 더더욱 열심히 임할 수 있도록 하고, 뭔가 지적해주시면 배움의 기회로 삼아 나아가도록 하겠습니다. | Y49: 박영성 | Z49: 46007 | AA49: 동의함 | AB49: 박영성 | AC49: 46007 | AD49: 동의함
A50: 45979.591 | B50: wonu1124@gmail.com | C50: 박원우 | D50: 남 | E50: 28살(98년생) | F50: 대학교 졸업 | G50: 비전공자 | H50: 명지전문대학 정보통신공학과 | I50: 안녕하십니까 지원자 28세 박원우 입니다. 저는 명지전문대학 정보통신공학과를 졸업하고 기초적인 기술들을 학습하다 개발에 관심이 생기며 이를 기반으로 게임 개발에 관심이 생기며 학습하다 기획에 어려움에 부딪혀 지원하게 되었습니다. 현재 독자적으로 유니티 프로그램을 활용해 보려하였으나 혼자서 진행하기에는 복잡하여 여러가지를 찾아보던와중 최근 ai생성형을 기반한 개발과 기획을 진행하는 경일아카데미에 프로그램을 보고 보다 체계적인 게임기획 역량과 개발 능력을 상승시키는 경험을 배우고 기획자로 성장할수 있는 기회가 되었으면 하고자 지원하게 되었습니다. 감사합니다. | J50: 본과정에 참여를 신청한이유는 독자적으로 개발과 기획을 학습하던중 어려움을 느끼고 어려움을 느끼던중 관심과 흥미가 더욱 생기게 되어서 타 지인들과 현재 개발 기획자로 업계종사자들 에게 자문을 구해본 결과 이러한 프로그램들이 저에게 성장의 기회와 큰 도움이 될것이라 생각했기 때문입니다. | K50: 없습니다. | L50: 시스템 기획자, 콘텐츠 기획자 , 라이브 기획자, 레벨디자이너, QA 기획자 | M50: 수료후에 어엿한 기획자로 거듭하여 더욱 많은 경험을 쌓고 최종적으로는 게임을 기획 개발하여 다른 사람들이 즐길수 있는 게임을 제작하는것이 저의 목표입니다. | N50: 보유 | O50: 아니오 | Q50: 대화와 타협을 통한 해결 | R50: 배움과 성장으로 받아들임 | S50: 문제 해결에 필요한 실질적 도움 제공 | T50: 예 | U50: 현재 거주하는곳에서 단기알바 등으로 해결하는중이나 프로그램에 참여하게되면 수입원이 줄게되어 주말 또는 야간을 근무하게 될듯합니더. | V50: 예 | W50: 형제 | X50: 이 기회를 토대로 반드시 어엿한 게임 기획자로 성장하고싶습니다. | Y50: 박원우 | Z50: 45979 | AA50: 동의함 | AB50: 박원우 | AC50: 45979 | AD50: 동의함
A51: 46007.64 | B51: iworkgiovana@gmail.com | C51: 박유진 | D51: 여 | E51: 34살(92년생) | F51: 대학교 졸업 | G51: 비전공자 | H51: 서울대학교 의학과 | I51: 부트캠프에 지원하는 박유진이라고 합니다. AI 교육을 통해 더 나은 개발자로 성장하고 기쁜 마음으로 교육에 참여하겠습니다. | J51: AI 수요가 점차 늘어나는 데 비해 제 개발 실력이 부족하여 반복하여 많은 공부가 필요함을 느꼈습니다. 국비지원이라는 좋은 제도를 통하여 AI 생태계의 일원으로 자리매김할 기회라는 생각을 했고 광범위한 개발 언어를 학습하고 그동안 부족했던 개발 실력을 끌어올릴 뿐만 아니라 게임 기획자로 성장할 수 있는 좋은 기회라는 생각이 들었습니다. 게임 기획이라는 분야도 블루오션으로 흥미로운 것 같습니다. 열심히 참여하여 빠른 시일 내에 취업할 수 있도록 노력하고 성심성의껏 배우겠습니다. | K51: 아니요. | L51: 게임 기획자 | M51: 부트캠프에서 열심히 배우고 훌륭한 게임 기획자로 성장하여 광범위한 AI 인프라의 일원으로 성장하고 싶습니다. | N51: 보유 | O51: 아니오 | Q51: 상황을 피하는 경향 | R51: 자신을 비난하고 자책하는 경향 | S51: 상황에 대한 이해와 위로 | T51: 예 | U51: 생활비 | V51: 아니요 | W51: 회사 동료 | X51: 잘 부탁드려요. | Y51: 박유진 | Z51: 46007 | AA51: 동의함 | AB51: 박유진 | AC51: 46007 | AD51: 동의함
A52: 45980.489 | B52: hyunsu112913@gmail.com | C52: 박현수 | D52: 남 | E52: 만 21살(03년생) | F52: 대학교 1학년 중퇴 | G52: 비전공자 | H52: 전남대학교 글로벌비즈니스학부 | I52: 안녕하세요. 게임 기획자를 꿈꾸는 청년 박현수입니다. 어릴때부터 게임을 좋아했고 지금도 이 분야에 많은 관심을 가지고 있습니다. 기본을 배운다는 마음가짐으로 8개월의 교육기간동안 최대한 열심히 많이 배워가겠습니다. | J52: 어릴때부터 게임을 굉장히 좋아했고, 관심을 가지고 있는 분야였지만 용기가 부족해 시작조차도 해보지 않았었는데 혼자만의 시간을 보내면서 많은 고민과 나의 진로에 대해 생각을 해보았습니다. 그렇게 내가 좋아했고 평소에도 가장 많이 접하고 있는 게임분야쪽에 일을 하게된다면 결과와 무관하게 후회는 하지않을거같다는 확신이 든다는 결론이 나왔습니다. 아무것도 모르는 상태에서 배우는것이기에 기본기, 기본개념을 충실하게 배우기위해서 신청하게되었습니다 | K52: 없습니다. | L52: 게임개발자, 클라이언트 / 서버 개발자, 엔진 최적화 전문가, AI 엔지니어 | M52: 실무에서 나에게 부족한 역량이나 필요한 능력치를 기르기위해 필요한 자기계발의 시간을 가지거나 실무경험을 통하여 파악할 수 있도록 발전할 수 있는 시간을 보내기 | N52: 보유 | O52: 아니오 | Q52: 대화와 타협을 통한 해결 | R52: 배움과 성장으로 받아들임 | S52: 문제 해결에 필요한 실질적 도움 제공 | T52: 아니요 | V52: 아니요 | W52: 없음 | X52: 전화 상담간에 전공자 비율이 30%라고 들었지만 저처럼 완전히 처음 시작하는 사람이 얼마나 되는지 그리고 이런 케이스의 비중과 전망?이 어떻게 되었는지는 잘모릅니다. 그렇기에 수업이 진행되는데 강사님의 진도내용을 이해하지 못하고 흐름을 놓친다거나 팀프로젝트에서 따라가지 못하고 피해를 끼칠 수 있는 부분이 걱정이 갑니다. 그렇다고 하더라도 포기하거나 그만둘 생각은 없지만 열심히 하겠습니다. | Y52: 박현수 | Z52: 45980 | AA52: 동의함 | AB52: 박현수 | AC52: 45980 | AD52: 동의함
A53: 45966.709 | B53: herobrinered327@gmail.com | C53: 배주빈 | D53: 남 | E53: 26살(00년생) | F53: 고등학교 졸업 | G53: 비전공자 | H53: 경일대학교, 경영학과 | I53: 22년도에 제대이후 쭉 군휴학으로 연장하다 작년에 대학교를 자퇴햇습니다. 많은 시간을 낭비햇지만 더이상은 그러고 싶지않은 생각에 작년부터 나태햇던 자신을 고치고자 하나하나 작은 것부터 시작햇습니다. 처음엔 집안일, 그리고 옷에 관심을 가지며 자신을 가꾸는데에 이어 운동까지 하면서 망가졋던 건강을 챙기기시작햇지만….. 그런데 경제활동을 안하던 상황속에서 지출할 곳이 많아지니 점점 제가 할수잇는 것들이 경제적인 부분들에 잇어서 제한된 일이 생겨나더라구요. 이런 상황속에서.. 늦엇지만 이제서라도 일을 하고싶다는 의지가 샘솟앗습니다. 그렇게 우연히 본 누구나 게임회사에 취직할수잇다는 어떤 학원의 광고. 처음으로 무료 컨설팅을 받으면서 이전부터 제가 꿈꿧던 게임 기획자의 불씨를 다시 불태울수잇었던 계기가 되었지만 막상 가격을 들었을때 정말 망설여졌습니다. 하지만 저의 기획자가 되고싶은 마음은 타올라서 이곳저곳을 찾아다니며 눈에 들어온곳이 이곳입니다. 제가 꿈에 그리던 회사에 취직할 수 있도록 정말 열심히 하겠습니다. | J53: 중학교때부터 게임을 하는것이 아닌 게임회사에 취직하여 만들어보고 싶다는 생각이 들엇습니다. 그땐 비록 저의 두루뭉실했던 생각과 빈약한 의지에 시도는 못햇지만 지금이라도 게임회사 취업에 도전하고 싶습니다. 이왕 인생을 걸것이면 제가 좋아하고 꿈에 그리던 일을 하는 것이 나을 거란 마음에 여기에 신청을 했습니다. | K53: 11월 3일에 이븐아이라는 학원에 컨설팅을 받은 것이 전부입니다. 그땐 상담을 받으면서 정말 좋은 학원이라는 것이 느껴졋지만, 비용에서 오는 부담감때문에 아쉬웟습니다. | L53: 전투 개발자, 게임 디렉터, 운영자, 시나리오. | M53: 제가 좋아하는 게임회사인 프로젝트문에 취업하여 제가 좋아하는 게임 자신또한 개발에 참여하며 플레이하고있다면 이것보다 행복한 일은 아무것도 없을 것입니다. | N53: 미보유 | O53: 예 | P53: 일자목과 이명이 잇고 약을 먹고잇는건 이명 약을 복용하고잇습니다. | Q53: 대화와 타협을 통한 해결 | R53: 자신을 비난하고 자책하는 경향 | S53: 상황에 대한 이해와 위로 | T53: 예 | U53: 알바를 할 곳을 구하고잇지만, 쉽게 구해지지도 않기도 하고 이것이외엔 경제적인 활동은 없기때문입니다. | V53: 아니요 | W53: 없음 | X53: 반드시 취업하고싶습니다 | Y53: 배주빈 | Z53: 45966 | AA53: 동의함 | AB53: 배주빈 | AC53: 45966 | AD53: 동의함
A54: 45982.797 | B54: eabaeh223jin8h@gmail.com | C54: 배진희 | D54: 여 | E54: 27살(99년생) | F54: 고등학교 졸업 | G54: 비전공자 | H54: 백석대학교 국어국문학 전공 | I54: 어릴 때 공책게임을 만든 적이 있습니다. 아이템을 팔고 시스템을 조율하며 친구들의 반응을 보는 일이 재미있었습니다. 게임을 매개로 소통하고, 불만을 듣고 해결하는 과정도 즐거웠습니다. 현금이 오가는 걸 선생님께 걸려 운영을 멈추게 되었지만, 포기하지 않고 방식을 바꿔 다시 만들기도 했습니다. 이 경험 덕분에 저는 좋아하는 일에는 끈기 있게 몰두하고, 소통으로 문제를 해결하는 사람이라는 걸 알게 됐습니다. | J54: 명절에는 온 가족이 모여 PC방에 갈 정도로 게임을 좋아하는 부모님 밑에서, 저 역시 게임을 애정하는 사람으로 자랐습니다. 저에게 게임은 인생 그 자체로 빠질 수 없는 키워드입니다. 할 만한 게임이 없어서 각자 다른 게임을 하는 가족들을 보다가, 문득 "내가 만든 게임을 플레이하는 모습을 보고싶다." 는 생각이 들었습니다. 평생 마음 한구석에 품어만 두었던 막연한 꿈이었지만, 우연히 경일게임아카데미 광고를 보게 되었고 체계적으로 짜여진 커리큘럼과 이미 기반이 다져있는 기획반을 알게 되었습니다. 경일에서 배우면 많은 것을 얻을 수 있을 것 같고, 전문적으로 배워 보고 싶어 신청했습니다. | K54: 없습니다. (타 부트캠프 사전 교육 학습.) | L54: 시나리오, 콘텐츠 퀘스트 기획자, 이벤트 기획자, 기획QA, 밸런스 기획자, 레벨 기획자 등. | M54: 수료 후에는 게임 직군으로 취업해 현업에서 경험하며, 더 많이 배우고싶습니다. 장기적으로는 유저들이 몰두해서 즐겁게 플레이 할만한 게임을 기획하는 것이 제 목표입니다. | N54: 보유 | O54: 아니오 | Q54: 대화와 타협을 통한 해결 | R54: 배움과 성장으로 받아들임 | S54: 문제 해결에 필요한 실질적 도움 제공 | T54: 예 | U54: 정기적으로 지출하는 돈이 있어서 국민취업제도 및 아르바이트를 병행 예정입니다. 추가적인 정부 지원이 정책이 있으면 알아두고 싶습니다. | V54: 아니요 | W54: 없음 | X54: 게임 분야에 대해 아예 잘 몰라서 낯설지만, 재미를 쫓는 사람이 되고싶습니다. 호기심과 좋아하는 것에는 몰두하는 끈기를 무기 삼아 열심히 배우겠습니다. | Y54: 배진희 | Z54: 45982 | AA54: 동의함 | AB54: 배진희 | AC54: 45982 | AD54: 동의함
A55: 45986.624 | B55: formelodyne@gmail.com | C55: 서진호 | D55: 남 | E55: 34 (91년생) | F55: 고등학교 졸업 | G55: 비전공자 | H55: 한국게임과학고 프로그래밍 | I55: 고등학교 시절 프로그래밍을 하려고 했으나 생각하는 방식이 논리적이지 않아 개발을 잘 못했고, 아트쪽은 3D든 2D든 완전 별로였습니다. 지금에서야 돌이켜보면 이 게임이 왜 좋았는지에 대해서 생각을 하며 어떤식으로 만들었는지 게임을 해보며 역기획처럼 이게 왜, 어떻게 재미있는가에 대해서 생각을 하는 시간이 많아졌고 친구들에게도 이 게임이 "이래서 재밌더라" 라고 표현을 하면 공감을 했습니다. | J55: 언제부턴가 1인 개발이라도 게임을 만들어보고 싶다는 생각을 줄곧 해왔습니다. 기획은 어떻게 해야 하는지, 아트는 어떻게 해야하는지, 코딩은 어떻게 할지에 대해 생각하다 보면 막연해지는 느낌이 강하게 느껴져서 포기하곤 했었습니다. 그러다가 이번에 모집하는 글을 보고 그리고 며칠을 고민했습니다. 그게 지금 한 결정에 변화를 준 과정은 아니였지만, 스스로가 얼마나 하고 싶었는지에 대해서 되돌아보는 시간은 되었다고 생각합니다. 제가 좋아하는 게임을, 제가 만들고 싶은 게임을 드디어 표현할 기회가 왔습니다. 그래서 신청했습니다. 떨어진다면 아쉽고 언젠가를 다시 노리겠지만, 그 때가 지금이 된다면 저는 지금을 즐길 준비가 되어 있습니다. | K55: 한국게임과학고 3년을 프로그래밍으로 했었지만 기획서에 관한건 사실 생각이 안나고 대부분의 기억이 까마득합니다. | L55: 테크니컬 디자이너, 메커니즘 룰 디자이너, 전투 기획, UI/UX 기획, 밸런스 기획, 시나리오 기획 | M55: 재미있는 게임을 만들고 싶습니다. 30년 가까이 하고있는 이 게임이라는 취미를 즐기며 제가 받은만큼 누군가에게 영감을 주고, 재미를 주고 싶습니다. 솔직히 수료 후의 제가 어떨지 지금은 정말 하나도 예상을 못하겠습니다. 회사에 취업을 할지 아닐지도 잘 모르겠습니다. 그래도 적어도 지금은 여기서 배우면서 제가 어디로 갈지에 대한 방향성은 알게 될 것 같다는 확신은 있습니다. | N55: 보유 | O55: 예 | P55: 우울증(약을 꾸준히 먹으면 괜찮음), 뇌경색(2025년 8월 21일 입원, 현재는 퇴원 후 집에서 회복중, 큰 지장 없음) | Q55: 상황을 피하는 경향 | R55: 배움과 성장으로 받아들임 | S55: 문제 해결에 필요한 실질적 도움 제공 | T55: 예 | U55: 최근 뇌경색으로 인해 병원에 입원하는 등의 일로 인해 현재 저축해둔 돈이 없습니다. 아르바이트도 현재 하고있지 못해 금전적인 사정이 좋지는 않지만, PC는 예전에 좋게 환경 세팅을 해뒀습니다. | V55: 예 | W55: 없음 | X55: 1달에 1번씩, 3달에 1번씩 병원을 가야하는데 이 경우엔 괜찮은지 여쭤봅니다. | Y55: 서진호 | Z55: 45986 | AA55: 동의함 | AB55: 서진호 | AC55: 45986 | AD55: 동의함
A56: 46000.738 | B56: fkauseowkd@gmail.com | C56: 성민재 | D56: 남 | E56: 28살(98년생) | F56: 대학교 졸업 | G56: 비전공자 | H56: 고려대학교 세종캠퍼스/글로벌경영학과 | I56: 저는 플레이어 경험을 중심에 두고 고민하는 게임기획자 성민재입니다. 다양한 보드게임과 RPG를 즐기며 ‘왜 이 구조가 재미있는가’를 분석해 왔습니다. 직접 보드게임 프로토타입 제작에 참여하며 유저 피드백을 바탕으로 규칙과 밸런스를 조정했고, 그 과정에서 재미 요소를 구조적으로 해석하는 능력을 키웠습니다. 또한 데이터 기반으로 문제를 찾고 개선하는 데 익숙하며, 새로운 시스템을 배우고 적용하는 데 거리낌이 없습니다. 저는 플레이어가 자연스럽게 몰입하고, 선택의 의미를 느낄 수 있는 경험을 설계하는 기획자가 되고 싶습니다. | J56: 게임을 좋아하는 것에서 그치지 않고, 플레이어의 경험을 설계하는 과정을 제대로 배우고 싶어서 수업에 참여합니다. 그동안 보드게임 제작에 참여하며 간단한 규칙을 만들고 피드백을 반영해 개선하는 경험을 했는데, 이를 디지털 게임기획으로 확장하고자 합니다. 체계적인 기획 방법과 실제 개발 흐름을 배우며 제 역량을 구체적으로 발전시키고 싶습니다. | K56: SBS에서 6개월 게임기획 공부했습니다 | L56: 게임기획자(시스템,시나리오,밸런스 등), | M56: 직접 기획 문서를 작성해보고, 작은 프로토타입이라도 하나 완성하는 것이 목표입니다. | N56: 보유 | O56: 아니오 | Q56: 분노나 감정을 억누르고 침착함을 유지 | R56: 배움과 성장으로 받아들임 | S56: 문제 해결에 필요한 실질적 도움 제공 | T56: 아니요 | V56: 아니요 | W56: 없음 | X56: 기초를 탄탄히 다지고, 매 프로젝트마다 한 단계씩 성장하겠습니다. | Y56: 성민재 | Z56: 46000 | AA56: 동의함 | AB56: 성민쟈 | AC56: 46000 | AD56: 동의함
A57: 45979.925 | B57: tjdgusrb155@gmail.com | C57: 성현규 | D57: 남 | E57: 39(87년생) | F57: 대학교 졸업 | G57: 비전공자 | H57: 건양대학교, 임상병리학 | I57: 게임을 좋아하며 여러종류의 게임을 즐기며 생활하였습니다. 좋아하는 게임과 관련된 일을 한다면 재밌고 능률 좋게 일을 할수 있을것 같습니다. | J57: 어릴적 부터 지금 까지 pc게임과 모바일 게임을 즐겨 해왔습니다. 우연히 온라인 교육과정을 알게 되었고 이번 기회를 통해 좋아하는 일을 해볼 수 있는 마지막 기회라고 생각합니다. 그리고 잘 할수 있을것 같습니다. | K57: 없습니다. | L57: 게임 개발자 | M57: 큰 목표는 대기업에 들어가서 재미잇는 게임을 만드는데 보탬이 되고싶습니다. | N57: 미보유 | O57: 예 | P57: 허리디스크, 5년전 수술 하였고 현재는 특이사항 없음 | Q57: 분노나 감정을 억누르고 침착함을 유지 | R57: 자신을 비난하고 자책하는 경향 | S57: 타인에게 엄격한 편이지만 굳이 얘기하지 않음 | T57: 예 | U57: 현재 자영업중으로 고정지출이 있음. | V57: 아니요 | W57: 없음 | X57: 걱정되는 부분은 당연히 비전공자 인 부분 입니다. 전공자에 비해 뒤떨어질수 밖에없다고 생각됩니다. 수료 후 차이가 많이 날까 걱정됩니다. | Y57: 성현규 | Z57: 45979 | AA57: 동의함 | AB57: 성현규 | AC57: 45979 | AD57: 동의함
A58: 46009.655 | B58: xoy1542@gmail.com | C58: 손호진 | D58: 남 | E58: 28살(98년생) | F58: 대학교 졸업 | G58: 전공자 | H58: 중부대학교 게임소프트웨어학과 | I58: 대학교 졸업 후에 다른 일도 해보고 싶었어서 전공 관련으로 쉬었다가 다시 게임 쪽으로 취업하게 되고 싶어서 정보를 찾아보았고, 이 교육을 통해 이력서나 포트폴리오를 다시 만들어서 취업을 해보려고 합니다. | J58: 다른 아카데미는 개발쪽에 중점을 두고 기획쪽은 많이 없는 반면에, 이 곳은 다른 곳보다는 더 기획 부분에서 얻을 부분이 많아보였고, 모집과정에 생성형 AI가 들어가면서 요즘 화두인 AI또한 배워갈 수 있을 것이라 생각했습니다. | K58: 없습니다. | L58: 게임기획자를 지망하고 있고, 세부 분야에 대해선 크게 희망하는건 없지만, 레벨기획과 관련해서는 저와 맞지 않는 부분이 많아서 가장 기피하고 있습니다. | M58: 수료가 되는대로 게임회사에 지원하여 합격하는 것을 목표로 하고 있습니다. | N58: 보유 | O58: 아니오 | Q58: 대화와 타협을 통한 해결 | R58: 자신을 비난하고 자책하는 경향 | S58: 문제 해결에 필요한 실질적 도움 제공 | T58: 아니요 | V58: 예 | W58: 없음 | X58: 열심히 하겠습니다. | Y58: 손호진 | Z58: 46009 | AA58: 동의함 | AB58: 손호진 | AC58: 46009 | AD58: 동의함
A59: 45964.88 | B59: a01043581218@gmail.com | C59: 송아영 | D59: 여 | E59: 31(94년생) | F59: 대학교 졸업 | G59: 비전공자 | H59: 청강문화산업대학교/만화창작 | I59: 반갑습니다, 저는 16년도에 졸업한 이후로 단 한 번도 전공과 관련된 일을 한 적이 없는 사람입니다. 여러가지 서비스직을 전전하던 도중 최근 게임산업 취직이 뜨는 이슈라는 사실을 알게 되었습니다. 하던 일들에 회의감을 가지고 있던 저로써는 끌리지 않을 수가 없었어요. 내가 좋아하는 게임으로도 사회에 기여할 수 있다는 사실이 매력적이었습니다. 저는 7살부터 아버지가 pc를 상대로 플레이하고 계신 스타크래프트를 구경하면서 게임에 빠져들게 되었는데요. 자기소개 안에 다 담기 어렵다고 생각될 정도로 많이 했습니다. PC게임부터 닌텐도, 닌텐도 스위치, 모바일 등등 다양한 게임을 해왔습니다. 부모님께는 늘 골칫덩이로 살아왔습니다. 게임만 너무 해서요. 혼나기만 했던 이 경험을 십분 활용할 수 있는 분야라는 점에 설레기도 합니다. 열심히 배우겠습니다. 감사합니다. | J59: 제가 좋아하는 일과 관련된 일에 종사하고 싶습니다. 나는 비전공이니까, 할 수 있는 것 부터 해야지! 하고 시나리오 라이터를 목표로 했는데요. 시나리오 라이터도 많은 것들을 알고 있어야 되더라고요. 그래서 신청하게 되었습니다. | K59: 취미와 관련된 경험은 있지만 학습 또는 업무경험은 없습니다. | L59: 시나리오 라이터, 레벨 디자이너, 몬스터 디자인, 홍보/판촉 분야, QA 관련, 이벤트 기획자, UI디자이너, GM(유저 민심 내지 플레이 환경 파악) | M59: 데브캣 시나리오 라이터 입사가 목표이나, 수료 과정 도중 바뀔지도 모르겠습니다. 워낙 게임 업계의 일에 대해 단편적인 면 만을 알고 있어서요. | N59: 미보유 | O59: 예 | P59: 성인 ADHD / 콘서타, 아토목세틴 등 | Q59: 대화와 타협을 통한 해결 | R59: 다른 이유나 환경을 도출하려는 경향 | S59: 문제 해결에 필요한 실질적 도움 제공 | T59: 아니요 | V59: 예 | W59: 게임 내 지인 | X59: 목표는 '내가 직접 짠 스토리를 대중에게 선보이고 싶다!' 는 작은 목표가 있습니다. 화이팅!! | Y59: 송아영 | Z59: 45964 | AA59: 동의함 | AB59: 송아영 | AC59: 45964 | AD59: 동의함
A60: 45986.809 | B60: acaums123@gmail.com | C60: 송찬형 | D60: 남 | E60: 23살 | F60: 고등학교 졸업 | G60: 비전공자 | H60: 고졸 | I60: 비록 전공은 게임 디렉팅쪽과는 연관이 없지만 어릴때부터 게임에 흥미를 갖고 있었고 단순한 게임 플레이를 넘어서 저만의 게임 세상을 창조해보고 싶습니다 | J60: 이 과정에 참여를 신청한 이유는 게임에 대한 흥미를 좀 더 경제적이고 구체적으로 활용해보고 싶기 때문입니다. 그리고 무엇보다 즐겁게 배우고 싶고 한번뿐인 제 인생을 가꾸어 나가고 싶기 때문입니다 | K60: 미대 입시를 준비했습니다 | L60: 클라이언트 개발자 게임 디렉터 일러스트레이터 스토리작가 | M60: 게임 회사에 들어가 기획에 참여하고 베이스를 쌓은 후 게임 디렉팅을 총괄해보고 싶습니다 | N60: 미보유 | O60: 예 | P60: 우울증이 있습니다 하지만 현재는 많이 좋아져 거의 완치상태입니다 | Q60: 대화와 타협을 통한 해결 | R60: 배움과 성장으로 받아들임 | S60: 상대방이 고칠 수 있도록 충고 | T60: 아니요 | U60: 현 | V60: 아니요 | W60: 인스타그램 | X60: 파이팅 | Y60: 송찬형 | Z60: 45986 | AA60: 동의함 | AB60: 송찬형 | AC60: 45986 | AD60: 동의함
A61: 45974.739 | B61: jeungha89@gmail.com | C61: 승정하 | D61: 남 | E61: 28살(98년생) | F61: 대학교 졸업 | G61: 비전공자 | H61: 미네소타 주립대학교 심리학과(전공), 통계학과(부전공) | I61: 안녕하세요. 게임을 통해 다른 사람들에게 긍정적인 영향을 주고 싶은 승정하라고 합니다. 저는 사실 게임을 취미로만 즐겼던, 미국 심리학계 연구원이였습니다. 플레이는 장르와 플랫폼에 상관없이 다양하고 오랫동안 즐겼지만, 게임 제작은 대학교 시절 컴퓨터 공학 수업 중 제작한 간단한 게임이 다였습니다. 그러던 중 라이엇 게임즈에 재직중이던 한 친한 지인분의 권유로 연구를 통한 간접적인 영향보다는 게임을 통해 조금 더 제가 잘 체감할 수 있고, 직관적이고, 긍정적인 영향을 다른 사람들에게 주는 경험을 하기 위해 게임 업계 취업을 준비하게 되었습니다. 제게 게임은 3살적 부모님 무릎에 앉아 시작된 제 추억이자, 오랜 유학 생활 중 세계 곳곳에 퍼져있는 제 친구들과의 연결점이자, 열정적으로 응원하는 스포츠이자, 이제는 제가 이루고 싶은 꿈입니다. | J61: UX/UI 디자이너 직군으로 취업 준비를 하던 중 조금 더 제 적성에 맞는 게임 업계 직군을 찾다가 신청하게 되었습니다. 제 백그라운드 특성상 데이터를 기반으로 한 기획 및 개발이 조금 더 적성에 맞다고 생각했고, 게임 제작 및 운영에 직관적인 영향을 미칠 수 있는 직군이 기획자라고 생각했습니다. 그리고 기획자라는 직군에 대해 배우기 위해 체계적이고 확실한 게임 제작에 관한 교육과정을 찾고 있었습니다. 제 기준은 3가지였습니다. 첫 번째로는 체계적이면서 오픈된 커리큘럼, 그리고 두 번째로는 확실한 취업 가능성, 마지막으로 실무에 준하는 경험을 할 수 있는가였습니다. 전에 다니던 학원에서 취업 관련 지원을 전혀 받지 못해 신중하게 여러 기관을 찾아보다가 경일게임아카데미 설명회 참관 후 신청을 결심하게 되었습니다. | K61: 대학교 3학년 때 라켓이라는 프로그래밍 언어를 이용해 간단한 게임 개발을 해본적이 있습니다. SBS 게임 아카데미에서 게임 UX/UI 디자인 과정을 수료했고 포트폴리오 완성까지 완료하였습니다. | L61: BM 관련 기획자는 이벤트나 상용화 관련 시스템 및 개선점 기획 및 제작합니다. 밸런스 기획자는 경제, 레벨, 캐릭터간의 능력치 등 균형이 필요한 여러 요소들을 분석하고 조정합니다. 플레이어들이 공정하고 재밌게 플레이 할 수 있도록 여러 새로운 패치나 버전들을 거치는 과정 속에서 게임의 밸런스를 유지합니다. | M61: 최우선적으로는 게임 기획자로서 퀄리티 높은 프로젝트를 최소 4개 완성시키고 싶습니다. 이 과정속에서 게임 업계에서의 협업도 배우고 좋은 팀원들도 만나고 저도 좋은 팀원이 되고 싶습니다. 그 뒤로는 누구나 아는 게임 회사에서 게임을 기획하면서 경험을 쌓고 다른 사람들에게 좋은 경험을 하게 해주는 낭만있는 게임을 만드는것이 제 최종 목표입니다. | N61: 보유 | O61: 예 | Q61: 대화와 타협을 통한 해결 | R61: 배움과 성장으로 받아들임 | S61: 문제 해결에 필요한 실질적 도움 제공 | T61: 아니요 | V61: 예 | W61: 친구 | X61: 앞서 언급한 목표외에는 기획자 과정에서 심화과정까지 수료하는것이 개인적인 목표입니다. 게임 지표나 더 자세한 데이터를 다루고 이를 통해 더 높은 경쟁력을 보유한 게임 기획자가 되고 싶습니다. | Y61: 승정하 | Z61: 45974 | AA61: 동의함 | AB61: 승정하 | AC61: 45974 | AD61: 동의함
A62: 45993.073 | B62: zeno9758@gmail.com | C62: 신석균 | D62: 남 | E62: 31살(94년생) | F62: 대학교 졸업 | G62: 비전공자 | H62: 동아대 행정학과 | I62: 게임을 만들어보고 싶어 강의를 신청하게 된 신석균이라고 합니다. 평소 가벼운 소설을 쓰면서 소설설정이나 게임설정을 만들어 보면서 깊은 흥미를 가지게 되었고 이번 기회에 제대로 게임기획에 대해서 알고 싶고 또한 이를 바탕으로 직업을 삼아서 진정으로 하고 싶은 일을 할 수 있게 되었으면 좋겠습니다. | J62: 평소에도 게임에 관심이 많으며 즐겨하고 있습니다. 그리고 아주 가벼운 소설등을 쓰면서 소설 설정이나 게임 설정 등을 구상하고 만들고 있었습니다. 다만 이는 아주 취미의 영역이었으나 현재 다시 일을 구하게 되면서 '내가 정말 하고 싶은 일은 무엇인가 ' 에 대해 생각하면서 평소 좋아하는 것에 대해 다시 한번 생각하게 되었습니다. 그렇게 막연하게 게임 기획이나 개발에 대해서 생각하고 있다가 무언가 체계적인 교육이나 과정등이 필요한 것 같아서 조사하던 중 본 과정을 발견하였고 이에 참가하게 되었습니다. | K62: 안타깝게도 게임과 관련된 학습 및 업무 경험은 존재하지 않습니다. | L62: 게임 기획자의 세부 직군은 시스템 기획, 콘텐츠 기획, 밸런스 기획자, 시나리오 기획자 등이 있는 것으로 알고 있습니다. 시스템 기획은 전체적인 시스템이 어떻게 작동할 것인지를 설계하는 업무입니다. 단순한 작동 매커니즘부터 중요한 게임 시스템을 기획하는 것입니다. 이를 수행하기 위해서는 프로그래밍에 대한 지식과 경험이 필요하며 가장 중요한 파트를 담당합니다. 콘텐츠 기획은 단순하게 게임을 하는 사람들이 소비하는 콘텐츠를 어떻게 만들지를 기획하는 곳입니다. 밸런스 기획자는 게임 내 밸런스를 개발하고 조절하며 때로는 레벨 디자인과 맞물려 수치등을 조절하는 업무를 맡습니다. 또한 이는 콘텐츠 기획과 맞닿아 있어 긴밀한 상의가 필요합니다. 시나리오 기획은 단순하게는 그 게임의 배경 설정이나 로어 등을 만들고 더 크게는 게임의 시나리오를 만듭니다. | M62: 이 과정을 수료 후 게임 회사에 취직을 하거나 게임 개발에 필요한 능력을 기를 수 있는 공부를 하겠습니다. | N62: 미보유 | O62: 아니오 | Q62: 대화와 타협을 통한 해결 | R62: 배움과 성장으로 받아들임 | S62: 타인에게 엄격한 편이지만 굳이 얘기하지 않음 | T62: 아니요 | V62: 아니요 | W62: 없음 | X62: 게임 기획이나 개발에 대한 경험이나 지식이 없어서 초반에 많이 힘들것으로 예상되나 절대 포기하지 않고 끝까지 배울 것이며 어렵더라도 많은 것을 배울 수 있었으면 좋겠습니다. | Y62: 신석균 | Z62: 45993 | AA62: 동의함 | AB62: 신석균 | AC62: 45993 | AD62: 동의함
A63: 45980.576 | B63: tlsdnrua97@gmail.com | C63: 신우겸 | D63: 남 | E63: 29살(97년생) | F63: 대학교 중퇴 | G63: 비전공자 | H63: 인제대학교 신문방송학과 | I63: 1997년 대구에서 태어난 29살 남자입니다. 초중고를 졸업하고 대학교 때부터 타지생활을 했습니다. 사회에 나와 새로운 경험을 하자라는 취지로 살아왔습니다. 다양한 경험을 하고 배우고 그러면서 적응력이 빨라진 것 같습니다. ENTJ인 만큼 계획적이고 진취적이며 새로운 것을 접하는 것을 두려워 하지 않습니다. 붙임성도 좋고 저만의 방식으로 새로운 것을 만드는 것도 좋아합니다. 집안의 장남이기도 하여 책임감도 좋습니다. 한번 부여 받은 프로젝트는 밤낮없이 마무리하는 것을 목표로 달립니다. 학업에 대한 아쉬움이 있어 학업을 더 하고 싶다는 생각을 하고 싶었는데 이번 기회에 다시 해보고 싶습니다 | J63: 평소 창의력과 아이디어가 좋다는 말을 들었습니다. 유치원때 CD로 출시된 백구게임을 시작으로 현재는 롤, 피파, 서든등 어렸을 때부터 게임하는 것을 좋아하는 편이었고 지금도 꾸준히 하는 중입니다. 몇가지 게임만 하는 것이 아니라 대부분의 게임을 접해봤습니다. FPS, RPG, STEAM 게임 등 다양한 컨셉의 게임을 접해봤기 때문에 장르마다의 장단점을 다른 사람들에 비해서 잘 파악하고 있습니다. 또한 사람을 관리하고 사람을 상대하는 영업일도, 금융일도 해보면서 사람을 분석하고 판단하는 능력이 길러져 제가 경험해봤던 것들을 게임과 접목시킨다면 새롭고 놀라운 퍼포먼스가 나올 수 있다고 생각합니다. 그리고 AI 시대라고 할 수 있을 만큼 요즘은 인공지능이 없으면 발전하기가 어려운 시대입니다. AI를 통해 디테일한 코칭이 가능하기 때문에 이 부분을 활용하는 법을 잘 배워서 희대의 레전드 게임을 만드는 것이 목표로 잡고 지원하게 됐습니다. | K63: 없습니다 | L63: UI/UX 기획자, 콘텐츠/내러티브 기획자, 시스템 기획자, 서버 프로그래머, 이펙트 아티스트 (VFX/FX) | M63: 국내의 넥슨, NC소프트, 크래프톤 같은 대기업에서 텐센트, 소니, 마이크로스프트 같은 해외 대기업으로 더 많은 것을 배우고 세계적인 저만의 새로운 게임을 만드는 것이 목표입니다. | N63: 미보유 | O63: 아니오 | Q63: 대화와 타협을 통한 해결 | R63: 배움과 성장으로 받아들임 | S63: 문제 해결에 필요한 실질적 도움 제공 | T63: 예 | U63: 재정적인 수입이 현재보다 더 떨어질 우려가 있습니다 | V63: 아니요 | W63: 없음 | X63: 화상 면접때 뵙겠습니다! 잘 부탁드립니다! | Y63: 신우겸 | Z63: 45980 | AA63: 동의함 | AB63: 신우겸 | AC63: 45980 | AD63: 동의함
A64: 45946.533 | B64: ranee0806@gmail.com | C64: 신유진 | D64: 남 | E64: 만23세 (01년생) | F64: 대학교 졸업예정 | G64: 전공자 | H64: 경희대/연극영화,디지털콘텐츠학 | I64: 서브컬처/시스템 특화 게임 기획자 신유진입니다. 일본에서의 생활 경험과 더불어 원신,우마무스메,명일방주 등 다양한 서브컬처 플레이경험을 바탕으로 말이 되는 기획이 아닌, 최선의 기획을 제시할 수 있는 기획자입니다. | J64: 생성형 AI를 활용한 기획에 대한 학습을 통해 개인 역량 및 커리어 증진 이를 통한 효율적인 업무 역량을 습득하고 향후 AI시대에 유능한 기획자로 1인분이 아닌 10인분 이상을 해낼 수 있는 인재가 되기 위함 | K64: 개인 개발 경험 2건, 중소기업 2개월 경력 | L64: 기획자는 회사마다 팀마다 나누는 기준, 세부업무가 달라서 굳이 이름붙이는 의미는 없다 | M64: AI를 활용한 레퍼런스 조사, 그래프 시각화, 반복업무 효율화 등을 해낼 수 있는 기획자 | N64: 보유 | O64: 아니오 | Q64: 논리적인 논쟁으로 해결 | R64: 배움과 성장으로 받아들임 | S64: 타인에게 엄격한 편이지만 굳이 얘기하지 않음 | T64: 아니요 | V64: 예 | W64: 없음 | X64: AI활용 역량 관련해서 크래프톤제외 아직 제대로 보급조차 안된 듯합니다. 선두 주자로 합류하겠습니다. | Y64: 신유진 | Z64: 45946 | AA64: 동의함 | AB64: 신유진 | AC64: 45946 | AD64: 동의함
A65: 45988.695 | B65: shinhakdo@gmail.com | C65: 신학도 | D65: 남 | E65: 82 | F65: 대학교 졸업 | G65: 비전공자 | H65: 일본어과 | I65: 엠게임에서 7년정도 3디 캐릭터 모델링을 했습니다. 퇴사후 모델링 외주일과 게임제작을 하고 있습니다 | J65: 모바일 게임을 만들고 있는데 유니티 사용법과 c# 프로그래밍, 그리고 시스템기획쪽이 부족해 지원하게 됬습니다. 요즘은 ai를 적극 이용하는 추세인데 그것도 많이 부족합니다. | K65: 엠게임 7년, 외주는 현재도 하고 있습니다. | L65: 기획쪽은 시스템, 벨런스, 시나리오 등등이 잇을거고 개발쪽은 원화, 모델러 ㅡ배경, 캐릭, 프랍 ㅡ있습니다. | M65: 현재개발중인 게임을 좀더 다듬어 재미진 게임출시가 목표입니다. | N65: 보유 | O65: 아니오 | Q65: 대화와 타협을 통한 해결 | R65: 배움과 성장으로 받아들임 | S65: 문제 해결에 필요한 실질적 도움 제공 | T65: 아니요 | V65: 예 | W65: 없음 | X65: 음 위에 써놔서 따로 할말은 없습니다. | Y65: 신학도 | Z65: 45988 | AA65: 동의함 | AB65: 신학도 | AC65: 45988 | AD65: 동의함
A66: 45951.069 | B66: ansungjin9888@gmail.com | C66: 안성진 | D66: 남 | E66: 28살(98년생) | F66: 대학교 졸업 | G66: 비전공자 | H66: 영남대학교 컴퓨터공학과 | I66: 저는 게임을 좋아합니다. 평범했던 일상과는 다르게 제가 원한다면 모험을 떠날 수도 있고, 얼굴도 모르는 사람과 함께 공동의 목표를 향해 나아갈 수도 있는 이러한 특별한 경험을 할 수 있다는 감정에 게임을 좋아하게 되었습니다. 제가 제 자신의 진로를 고민하는 시기가 왔을 때 제가 느꼈던 이 경험과 감정들을 다른 이들에게도 주고 싶다는 생각을 했습니다. 그렇게 처음에 게임 개발자의 꿈을 가지고 컴퓨터공학과에 진학해 학문을 쌓았습니다. 하지만 개발자의 길은 제가 추구한 게임의 이상향에 도달하기엔 아쉬움이 있었습니다. 제 자신의 생각을 게임으로 만들고 싶었던 저에겐 다른 행동이 필요했습니다. 이후 게임의 전반적인 메타, 트렌드를 공부하며 게임 기획을 접하게 되고 나서야 제가 찾던 방향이 게임 기획자라는 것을 깨닫게 되었습니다. 현재는 게임 기획자를 꿈꾸며 제가 느꼈던 것처럼 플레이하며 새로운 경험과 감정을 드리는 게임을 제작하고 싶다는 꿈이 생겼습니다. 단순히 ‘게임’이 아닌 사람들에게 각인되는 ‘경험’을 제작하는 게임 기획자라는 목표를 달성하고자 합니다. | J66: 이번 부트캠프에 지원하는 이유는 제가 쌓아온 열정과 경험을 실무적인 역량으로 발전시키기 위해서입니다. 단순히 이론이나 문서 작성에 머무르지 않고 생성형 AI를 활용한 최신 트렌드의 게임 기획 방식과 현직자의 피드백을 통해 ‘실제로 작동하는 기획’을 배워보고 싶습니다. 또한 온라인 환경에서 협업 기반 프로젝트를 경험할 수 있다는 점이 제가 나아가고 싶은 방향이라 생각합니다. 이번 4기 과정에서는 AI, 유니티, UI/UX 등 게임 기획의 실질적인 도구를 다루며 다양한 기획 포트폴리오를 완성할 수 있다고 알고 있습니다. 저는 이 과정을 통해 제 아이디어를 구조화하고 기술적 이해도를 더해 개발자 및 아티스트와 원활히 소통하는 기획자로 성장하고 싶습니다. | K66: 2020년부터 2021년까지 SBS아카데미 학원을 다니며 게임 기획 공부를 시작했습니다. 해당 과정에서 게임기획의 기초부터 기획서 작성까지 배우며 기초를 다졌습니다. 이후 2022년 메이플스토리월드 슈퍼해커톤에 참가해 다른 사람과의 협업을 통해 프로젝트를 진행하기 시작했습니다. 2024년에는 파이널플로라는 회사에 입사하게 되어 1년간 근무했습니다. 이후 제 자신이 조금 부족하다고 느껴 퇴사를 하고 재취업준비를 하고 있었습니다. 그러던중 이번 부트캠프를 알게되어 신청하게 되었습니다. | L66: 시스템 기획자, 밸런스 기획자, 컨텐츠 기획자, 레벨 디자이너, 시나리오 디자이너, 세계관 기획자, UI/UX기획자, BM기획자, 이벤트 기획자, 리드 디자이너 | M66: 이번 부트캠프에서 얻은 배움을 바탕으로, 유저에게 단순한 재미를 넘어 ‘기억될 경험’을 제공하는 기획자가 되는 것이 제 목표입니다. | N66: 미보유 | O66: 아니오 | Q66: 대화와 타협을 통한 해결 | R66: 배움과 성장으로 받아들임 | S66: 문제 해결에 필요한 실질적 도움 제공 | T66: 예 | U66: 현재 월세를 내며 지내고 있는데 돈을 마련할 시간이 부족할거 같음 | V66: 예 | W66: 없음 | X66: 없습니다. 열심히 하겠습니다. | Y66: 안성진 | Z66: 45951 | AA66: 동의함 | AB66: 안성진 | AC66: 45951 | AD66: 동의함
A67: 46000.691 | B67: yee8190@gmail.com | C67: 예인해 | D67: 남 | E67: 26살(00년생) | F67: 고등학교 졸업 | G67: 전공자 | H67: 상업고등학교(스마트콘텐츠과) | I67: 안녕하세요, 게임 기획을 배우고 싶은 예인해입니다. 저는 게임을 즐길 때 단순한 플레이를 넘어, 왜 이 구조가 재미를 만드는지, 어떤 밸런스가 플레이 경험을 변화시키는지 분석하는 데 큰 흥미를 느껴왔습니다. 이런 관심을 기반으로 기획에 대해 더 깊이 배우고 싶어 이번 수업에 지원했습니다. 수업을 통해 기획 사고 방식과 실제 제작 프로세스를 체계적으로 익히고, 작은 프로젝트라도 완성도 있게 만들어 보고 싶습니다. 배움에 적극적이고 탐구하는 태도를 바탕으로, 함께 성장할 수 있는 수업의 일원이 되고 싶습니다. 감사합니다. | J67: 저는 기획 경험이 전혀 없는 상태에서 혼자 공부하며 한계를 크게 느꼈고, 기본기를 잘못 쌓는 것에 대한 두려움도 생겼습니다. 이 과정은 기초부터 실제 제작 실습까지 단계적으로 배울 수 있는 커리큘럼이 가장 잘 갖춰져 있어, 무베이스인 제가 기획자로 성장하기 위해 꼭 필요한 곳이라고 생각했습니다. 그래서 이 수업이 아니면 제대로 시작하기 어렵다고 판단해 지원했습니다. | K67: 없음 | L67: 콘텐츠 기획자(시나리오, 레벨 디자인, 퀘스트), 시스템 기획자(벨런스, 게임 내부 경제, 레벨) | M67: 수료 후에는 배운 기획 프로세스를 기반으로 실제 플레이 가능한 프로토타입과 기획 포트폴리오를 완성하는 것이 목표입니다. 이를 통해 신입 게임 기획자로 지원할 수 있는 실질적인 역량과 근거를 갖추고, 현업에서 바로 기여할 수 있는 준비된 인재로 성장하고자 합니다. | N67: 보유 | O67: 아니오 | Q67: 분노나 감정을 억누르고 침착함을 유지 | R67: 자신을 비난하고 자책하는 경향 | S67: 문제 해결에 필요한 실질적 도움 제공 | T67: 아니요 | V67: 아니요 | W67: 없음 | X67: 처음부터 끝까지 전부 비대면으로 진행되는지 궁금합니다. 거주지 위치 상 대면 수업의 경우 약간의 애로사항이 있을 수 있습니다. | Y67: 예인해 | Z67: 46000 | AA67: 동의함 | AB67: 예인해 | AC67: 46000 | AD67: 동의함
A68: 45944.883 | B68: dt8922dt8922@gmail.com | C68: 오동건 | D68: 남 | E68: 24살(01년생) | F68: 대학교 휴학(3학년) | G68: 비전공자 | H68: 전주대 물리치료학과 | I68: 저는 타전공 3학년 휴학생입니다. 군전역 후 전공이 생각보다 맞지 않아 일하면서 하루하루를 때우던 중 수시원서를 쓸 때 소프트웨어학과에 지원했던 것이 생각났고, 제가 원래 게임을 좋아하는데 이번에 국비지원과정이란 것을 알게 되어 모든 상황이 맞아떨어져 지원하게 되었습니다. | J68: 저는 원래 게임을 하는것과 시나리오, 웹소설 같은 이야기들을 좋아했습니다. 예전에는 롤이나 배그 같이 아무 이야기 없는 게임들만 플레이했었는데, 요즘 게임 시장에는 좋은 스토리를 가진 게임들이 많이 나오고 있습니다. 이런 게임들을 자주 즐기다 보니 자연스레 관심이 생기게 되어 게임기획에 지원하게 되었습니다. | K68: 없습니다 | L68: 시나리오 기획자, 설정 기획자, 퀘스트 기획자 | M68: 시나리오, 설정 기획자가, 퀘스트 기획자가 되고 싶습니다 | N68: 보유 | O68: 아니오 | Q68: 대화와 타협을 통한 해결 | R68: 자신을 비난하고 자책하는 경향 | S68: 문제 해결에 필요한 실질적 도움 제공 | T68: 예 | U68: 국취제에 훈련비를 받으면 문제 없으나 국취제 1유형이 안되면 생활비대출이 필요합니다 | V68: 아니요 | W68: 없음 | X68: 좋아하는 것을 배우는 것은 무엇보다 즐거운 일입니다. 이 마음으로 끝까지 가겠습니다 | Y68: 오동건 | Z68: 45944 | AA68: 동의함 | AB68: 오동건 | AC68: 45944 | AD68: 동의함
A69: 45999.707 | B69: oh8271@gmail.com | C69: 오재욱 | D69: 남 | E69: 28살(98년생) | F69: 대학교 졸업 | G69: 비전공자 | H69: 항공대학교 기계공학과 | I69: 저는 어릴 때부터 다양한 게임을 해왔으며 플레이 할 때마다 조금씩 이런 부분은 고치면 좋을텐데, 또 이런 부분은 이렇게 나왔으면 좋겠다라는 생각을 늘 해왔습니다. 이번 교육으로 게임 기획자로서 큰 발전을 이루고 싶습니다. | J69: 자격증을 공부하며 진로를 결정하고 있던 와중 우연히 인스타그램에서 국비 교육 지원 광고를 보게 되어 홈페이지에서 과정에 대해 읽어 보았습니다. 단순히 교육만 하는 것이 아닌 실습 위주라고 하여 좀 더 끌리게 된거 같습니다. | K69: 없습니다. | L69: 게임 기획자 | M69: 게임플랫폼에 제가 개발한 게임을 런칭하여 유튜버들이나 스트리머들이 플레이 하고 즐거워하는것을 보고싶습니다. | N69: 보유 | O69: 아니오 | Q69: 대화와 타협을 통한 해결 | R69: 배움과 성장으로 받아들임 | S69: 문제 해결에 필요한 실질적 도움 제공 | T69: 아니요 | V69: 예 | W69: 없음 | X69: 열심히 교육을 들어서 제가 얻어가는게 많았으면 좋겠습니다 | Y69: 오재욱 | Z69: 45999 | AA69: 동의함 | AB69: 오재욱 | AC69: 45999 | AD69: 동의함
A70: 45982.654 | B70: reals2006n@gmail.com | C70: 오종호 | D70: 남 | E70: 33살(92년생) | F70: 대학교 졸업 | G70: 비전공자 | H70: NAIT DMIT | I70: 게임 기획자 지망생 오종호입니다. 저는 캐나다 영주권자이며, 어렸을때부터 서브컬쳐에 관심이 많았습니다. 덕분에 영어, 일본어가 되어 국산게임에만 한정되지 않고 다양한 게임들을 해보았으며, 커뮤니티를 통해 각 나라별 니즈를 파악하는데 유리합니다. 한가지 일에 몰두하기보다 여러가지일을 멀티로 하고 다양하게 이것저것 접하는것을 좋아합니다. 넓게 보고, 다양한 게임을 조사하고, 새로운 메타에 빠른게 적응해야하는 기획자가 저에게 잘 어울릴거라고 생각해 이번에 배워보려고 합니다. | J70: 외국에서 살다가 한국에 돌아와서 새출발을 하게되었습니다. 이 기회에 제가 가장 좋아하고 가장 자신있는 일을 본업으로 하고 싶습니다. 유저가 진심으로 사랑에 빠질수있는 게임을 같은 마음을 가진 동료들과 함께 만들고 싶습니다. 군대 제대하고 10여년간 200에 가까운 서브컬쳐 게임을 해봤고 유저의 마음은 누구보다 잘압니다. 하지만 게임을 해본 경험만 있지 직접 프로젝트에 참여한 경력이 아직 없습니다. 외국에 익숙한 저는 어디서 어떻게 이 분야에 취직을 할 수 있는지도 막막합니다. 이 프로젝트의 도움이 절실하다고 느꼈습니다. 이곳에서 기초를 다지고 제 경험을 살려 한사람분의 기획자가 되는것이 제 목표입니다. | K70: 없습니다 | L70: PD(총괄), GM, 일러, 개발, 기획, 마케팅, 검수, 법무, 인사 | M70: 서브컬쳐 개발에 참여하는것. 가능하다면 제 의견을 신입이라고 무시하지 않고 진지하게 함께 공유할 동료들이 있는 프로젝트에 참여하고 싶습니다. | N70: 보유 | O70: 아니오 | Q70: 대화와 타협을 통한 해결 | R70: 배움과 성장으로 받아들임 | S70: 문제 해결에 필요한 실질적 도움 제공 | T70: 아니요 | V70: 아니요 | W70: 없음 | X70: 다른 수강생들에 비해 나이가 많을거 같아서 조금 걱정이나 적응해보록 할 것. | Y70: 오종호 | Z70: 45982 | AA70: 동의함 | AB70: 오종호 | AC70: 45982 | AD70: 동의함
A71: 45981.81 | B71: yong926000@gmail.com | C71: 용혁 | D71: 남 | E71: 26살 | F71: 대학교 졸업 | G71: 비전공자 | H71: 여주대학교 / 보건행정 | I71: 어렸을 때부터 게임을 많이 해왔고 실제로 게임 개발 관련해서도 많은 점들이 궁금했었는데, 제 성향상 개발보다는 기획에 맞는다는 생각이 들었고 게임 기획과 운영 관련해서 많은 것들을 배워보고 싶었습니다. 친구의 추천으로 관련된 내용들이 궁금했고 이번 기회에 배워보고 싶어요 | J71: 친형과 친구들과 쉬는 시간, 남는 시간에 다양한 활동을 했지만 그 중에서도 재미있게 했던 것은 게임이었습니다. 학창 시절 친구들과 친해질 때 축구나 스포츠 활동도 있었지만 같이 게임을 하면서 많이 친해졌는데요. 그렇다보니 게임을 많이 하게 됐고, 자연스럽게 게임 소식이나 정보 공략에도 관심을 가지게 됐습니다. 고등학교를 다니면서 게임 블로그를 운영했고 다양한 게임들을 플레이 해봤고 기획이나 개발 단계에도 관심을 가지게 됐습니다. 그 중에서도 게임 기획과 운영을 전반적으로 담당할 수 있는 게임 기획 과정에 흥미를 느끼게 되서 신청하게 됐습니다! | K71: 사실 전혀 없습니다. 그나마 게임과 관련된 부분은 게임 홍보 정도 일 것 같아요. 게임 블로그를 운영하면서 게임 소개, 플레이, 공략, 무료 배포 소식 등 다양한 소식을 전했던 것 같아요. | L71: GM, 콘텐츠 기획자, 이벤트 기획, 퀘스트 기획 | M71: 크래프톤, 넥슨과 같은 게임 회사에 취직하고 싶습니다. | N71: 보유 | O71: 아니오 | Q71: 대화와 타협을 통한 해결 | R71: 배움과 성장으로 받아들임 | S71: 상대방이 고칠 수 있도록 충고 | T71: 아니요 | V71: 아니요 | W71: 친구 | X71: 흥미가 생긴만큼 게임 기획을 알려주는 기간 동안 열심히 공부하고 꼭 나만의 것으로 만든 뒤에 취직하고 싶습니다! | Y71: 용혁 | Z71: 45981 | AA71: 동의함 | AB71: 용혁 | AC71: 45981 | AD71: 동의함
A72: 45989.792 | B72: adamantfamily@gmail.com | C72: 우성혁 | D72: 남 | E72: 30살(1995년생) | F72: 대학교 졸업 | G72: 비전공자 | H72: 인천대학교 자연과학대학 물리학과 | I72: 게임 회사 근무 중 이직하여 재취업을 준비 중입니다. 기획은 컨셉 디자인 분야로 시작하였고, 재직 중 시스템 및 콘텐츠 디자인 분야에도 실무 경험을 얻었습니다. | J72: 실업 후 구직 준비 상태에서 국비 지원 교육 과정을 통해 직무 능력 및 업무 진행 감각을 유지하여, 재취업 후 빠르고 안정적으로 업무를 진행할 수 있도록 준비하고자 본 과정에 참가 신청을 하게 되었습니다. | K72: 대학교 졸업 후 단기 학원 수강을 이수한 경험이 있었고 이후 회사에 재직하여 근무했었습니다. | L72: 클라이언트 시스템 기획, 게임 콘텐츠 기획, 전투 시스템 디자인, 인게임 밸런스 기획, 캐릭터 및 아이템 콘셉 디자인 | M72: 부트캠프 강의로 수강한 내용을 통해 구직 활동에 즉시 활용 가능한 업무 능력 및 포트폴리오를 확보하여 빠른 재취업을 시도할 예정입니다. | N72: 미보유 | O72: 아니오 | Q72: 대화와 타협을 통한 해결 | R72: 배움과 성장으로 받아들임 | S72: 문제 해결에 필요한 실질적 도움 제공 | T72: 아니요 | V72: 아니요 | W72: 없음 | X72: 수강 기간 중 구직을 위한 외부 활동(면접, 실업인정 등)이 발생하는 경우에는 어떻게 처리되는지 | Y72: 우성혁 | Z72: 45989 | AA72: 동의함 | AB72: 우성혁 | AC72: 45989 | AD72: 동의함
A73: 45996.681 | B73: woopower96@gmail.com | C73: 우현승 | D73: 남 | E73: 29세(96년생) | F73: 대학교 졸업 | G73: 비전공자 | H73: 한양대 콘서바토리(실용음악과 보컬,작곡) | I73: 안녕하세요 저는 실용음악 보컬과 작곡을 전공했고 최근 3년정도 세무 관련 사무직으로 근무했었습니다. 어렸을때부터 만화 그리기, 캐릭터 만들기, 작곡 등 예술활동과 창작에 관심을 가져왔습니다. | J73: 게임과 창작을 좋아하다보니 자연스럽게 나만의 게임을 만들고 싶은 마음이 있었지만, 전문적인 지식 부족과 경제활동 등의 이유로 시간을 제대로 투자하지 못했습니다. 이번 퇴사를 계기로 원하는 분야에 취업하고 싶은 목표가 생겨서 제대로 공부할수있는 좋은 기회라고 판단했습니다. | K73: 없습니다. | L73: 스토리 기획자, 밸런스 기획자, 개발자, QA팀 등 | M73: 게임 제작이라는게 단순한 아이디어만으로 완성되는게 아닌 실제로 이루어지는 다양한 과정과 디테일한 기술 등을 익히고, 새로운 분야의 취업과 그를 위한 기반을 쌓고싶습니다. | N73: 보유 | O73: 아니오 | Q73: 대화와 타협을 통한 해결 | R73: 배움과 성장으로 받아들임 | S73: 문제 해결에 필요한 실질적 도움 제공 | T73: 아니요 | V73: 아니요 | W73: 없음 | X73: 지금까지의 생활, 경제활동과는 다른 분야로서의 도전이기 때문에, 이 과정에 열심히 참여하고 공부해서 지식을 쌓고 최종적으로 취업까지 연결시키고싶습니다. | Y73: 우현승 | Z73: 45996 | AA73: 동의함 | AB73: 우현승 | AC73: 45996 | AD73: 동의함
A74: 45940.603 | B74: realkevin1995@gmail.com | C74: 유수환 | D74: 남 | E74: 31살(95년생) | F74: 대학교 졸업 | G74: 비전공자 | H74: 건국대학교 경영학과 | I74: 3년간 마케팅 직군에서 근무한 수강 희망생 유수환입니다. 첫 직장인 플랙스뉴럴랩스에서 콘텐츠 마케팅을 담당했으며, 현재는 콜랩코리아에서 국내 게임 브랜드들을 대상으로 인플루언서 마케팅 대행 업무를 수행하고 있습니다. 전공과 강점을 살려 마케팅 분야에서 커리어를 이어왔으나, 평소 게임 기획에 대한 열의가 커 이번 기회를 통해 직무 전환 및 개발사 취업을 이루고자 본 부트캠프에 지원했습니다. 특히 게임 기획과 Unity를 함께 학습할 수 있다는 점이 본 프로그램의 가장 큰 매력으로 다가왔습니다. 8개월간 성실히 교육에 임해 실무 역량을 쌓고, 수료 후 모바일 게임 개발사에 취업하는 것을 목표로 하고 있습니다. | J74: 포트폴리오 측면에서, 마케팅 경력만으로는 게임 기획자로 취업하기에 다소 한계가 있다고 느꼈습니다. 이에 기획자에게 요구되는 핵심 역량을 체계적으로 쌓기 위해 본 과정에 지원했습니다. 특히 개발자로서의 기본 역량까지 함께 익힐 수 있다는 점이 큰 매력으로 다가왔습니다. 3년 전 그로스 마케팅 부트캠프를 통해 첫 취업에 성공한 경험이 있어, 교육 프로그램이 제공하는 실질적 혜택과 가능성을 잘 이해하고 있습니다. 또한 수강생의 의지에 따라 더 많은 기회를 얻을 수 있다는 점도 인지하고 있습니다. 취업이 1차 목표이지만, 인디 게임 제작에도 관심이 있어 기획 업무 전반에 대한 이해를 넓히는 것이 필요하다고 판단했습니다. 수강생 간 네트워킹과 현직자 멘토링 등 부가적인 프로그램을 통해 업계에 대한 이해도를 한층 높이고자 합니다. | K74: 현재 재직중인 콜랩코리아에서 네오위즈, 위메이드, 조이시티 등 다양한 브랜드의 마케팅팀과 소통하며 인플루언서 마케팅을 도와드렸습니다. 브라운더스트2, 로스트소드 등의 타이틀 홍보를 목표로 북미, 유럽, 대만, 한국 등 다양한 리전에서 캠페인을 진행했으며, 인플루언서 제안 및 운영, 홍보방안 기획 업무를 중점적으로 수행했습니다. 게임 기획과는 거리가 있으나 게임 업계 및 트렌드에 대한 이해도를 높이는 데에 도움이 되었습니다. | L74: 채용 사이트를 통해 크게 5가지 게임 기획 관련 직무를 확인했습니다. (시나리오, 콘텐츠, 레벨, 밸런스, BM) 모든 채용 가능성에 기회를 열어두고 싶으나, 구체적으로 한가지 직무를 선정해야한다면 회사의 매출에 가시적으로 기여할 수 있는 BM 기획자 역량을 훈련하는 것이 필요하다고 생각하고 있습니다. | M74: 수료 시점인 7월부터 하반기 채용의 기회가 생길 것으로 예상됨에 따라, 6개월 이내로 취업에 성공하는 것을 단기 목표로 설정했습니다. 지인들을 통해 채용 기회가 다소 줄었다고 들은 바, 프로그램 수강 중에도 부가적인 자기계발을 통해 모바일 게임을 기획, 제작 및 출시함으로써 한층 더 완성된 포트폴리오를 만들어 보고자 합니다. 중장기적으로는 시니어 급으로 성장하여 신규 타이틀의 기획을 이끌어가고 싶습니다. 이용자 경험을 중심으로 한 기획 역량을 갖추어, 재미와 완성도를 모두 갖춘 게임을 제작하는 기획자로 성장하고자 합니다. | N74: 보유 | O74: 아니오 | Q74: 대화와 타협을 통한 해결 | R74: 배움과 성장으로 받아들임 | S74: 문제 해결에 필요한 실질적 도움 제공 | T74: 아니요 | V74: 예 | W74: 없음 | X74: 궁금한 사항 및 우려사항은 별도로 없습니다. 열심히 임하겠다는 각오로 지원한 바, 앞으로 잘 부탁드리겠습니다. | Y74: 유수환 | Z74: 34837 | AA74: 동의함 | AB74: 유수환 | AC74: 34837 | AD74: 동의함
A75: 45931.611 | B75: dbgocks99@gmail.com | C75: 유해찬 | D75: 남 | E75: 27살(99년생) | F75: 대학교 재학중 | G75: 비전공자 | H75: 한국방송통신대학교 . 컴퓨터과학과 | I75: 누구나 즐길 수 있는 게임을 만들고 싶은 유해찬입니다. 저는 어렸을적부터 한시도 빠짐없이 게임과 함께 했습니다. 이런게임도 저런게임도 해보면서 다양한 게임을 즐겼습니다. 그러한 경험을 통해 즐거움과 짜릿함 쾌감을 느낄때마다 나중에 사람들에게 동일한 경험을 하게 해주고 싶었습니다. 게임을 어떻게 만드는지 궁금해서 무작정 취업을해 모바일게임회사에서 ui 담당 개발자 업부를 하고 외주를 통해 이런저런 경험을 통해 기획자가 없던 회사에서 기획의 중요함을 뼈저리게 느끼게되었고 훌륭한 기획자가 되고싶어 이 과정에 지원하게 되었습니다. | J75: 게임기획자가 되기위해 여러 과정을 찾아보았지만. 상세하게 세분화되어있는 과정이 없고 기획이라 하여 들여다 보았지만 다른부분에 더 치중되어있는 과정이 많았는데 이 과정은 게임기획자 파트 별로 세분화 되어있어 현재 어떤 기획자를 목표로 공부해야할지 모르겠는 나와 같은 사람들에게 모든 파트를 해보면서 원하는 파트를 찾을 수 있을 것이라 생각되어 신청하게되었다. | K75: 모바일게임회사에사 ui 쪽 업무와 로그인, ios 빌드 쪽 업무를 하였다 | L75: 전투기획자, 시스템 기획자, 밸런스 기획자 | M75: 수료 후 계속 수업을 복기하고 업무에 필요할 스킬들을 준비해 취업에 성공하려고 한다. | N75: 보유 | O75: 아니오 | Q75: 분노나 감정을 억누르고 침착함을 유지 | R75: 배움과 성장으로 받아들임 | S75: 타인에게 엄격한 편이지만 굳이 얘기하지 않음 | T75: 아니요 | V75: 아니요 | W75: 없음 | X75: 꼭 취업해서 전 회사 대표님 고개 못들게 할랍니다 | Y75: 유해찬 | Z75: 45931 | AA75: 동의함 | AB75: 유해찬 | AC75: 45931 | AD75: 동의함
A76: 45989.694 | B76: yooarum2941@gmail.com | C76: 유현음 | D76: 여 | E76: 36 | F76: 고등학교 졸업 | G76: 비전공자 | H76: 보건고등학교 간호조무사 | I76: 안녕하세요 저는 간호쪽에서 일했다가 빠에서 일하는사람이였어요 근데 요즘 너무 힘들어서 여길 찾다가 지워하게 되었습니다 | J76: 인스타그램보고 참여하게되었고 해보고싶더라구요 어떤곳인지 참여도 해보고싶고 어떻게 돌아가는지두요그래서 공부도 하고싶고 참여도 하고싶어서 이넣게 지원하게 되었습니다아직은 여기가 뭐하는곳인지는 잘몰으겠으나 한번 공부도하고 수업도 들어보고 겪어보고 싶어 지원하게 되었습니다 | K76: 아니요 | L76: 잘모르겠습니다 | M76: 일딴어떤곳인지를 잘모르겠어요 열심히 해보고싶습니다최선을 다해서 해보고싶어요 취직도 해보고싶구요 그리고 정상적스로 살고싶습니다 진심으로다가요 | N76: 미보유 | O76: 아니오 | Q76: 대화와 타협을 통한 해결 | R76: 자신을 비난하고 자책하는 경향 | S76: 문제 해결에 필요한 실질적 도움 제공 | T76: 아니요 | V76: 아니요 | W76: 없음 | X76: 화이팅하고 포기하지말자 | Y76: 유현음 | Z76: 45989 | AA76: 동의함 | AB76: 유현음 | AC76: 45989 | AD76: 동의함
A77: 45990.697 | B77: yooarum2941@gmail.com | C77: 유현음 | D77: 여 | E77: 37 | F77: 고등학교 졸업 | G77: 비전공자 | H77: 보건고등학교 | I77: 저는부산에서 자라났으며 병원일을하다가 저랑 좀 안맞아서 그만두고 다른일을 하다가 병원겸 다른투잡일을 하다가 인터넷을보고 이 일자리에 이력서를 넣었습니다 it계열 관심도 있기도있고 새로운 일자리를 찾고싶어서 이렇게 이력서를 넣었습니다 | J77: 다른일을 해보고싶습니다 it계열 호기심도 있고 좀더 다른 일도 해보고싶고 병원일은 저랑 좀 안맞는 계열같아서 인스타그램보다가 여기에 넣게 되었습니다 천천히 배우고싶고 어떤걸배우는지도 궁금합니다 | K77: 아니요 | L77: 없습니다 | M77: it계열일하고싶습니다그런계열쪽 일하고싶고 안해본걸해보고싶습니다 | N77: 미보유 | O77: 아니오 | Q77: 대화와 타협을 통한 해결 | R77: 자신을 비난하고 자책하는 경향 | S77: 문제 해결에 필요한 실질적 도움 제공 | T77: 아니요 | V77: 아니요 | W77: 인스타그램 | X77: 화이팅하겠습니다 | Y77: 유현음 | Z77: 45990 | AA77: 동의함 | AB77: 유현음 | AC77: 45990 | AD77: 동의함
A78: 45989.759 | B78: yundonghyun0618@gmail.com | C78: 윤동현 | D78: 남 | E78: 24살(02년생) | F78: 고등학교 졸업 | G78: 비전공자 | H78: 비봉고등학교 디자인과 | I78: 저는 애벌레처럼 열심히 성장하여 꼭 나비로 다시 태어나 날아갈 욕망을 가지고 있는 윤동현입니다! | J78: 저는 게임기획이 모든 것의 시작이라고 생각하고 그 점에 매료되었습니다. 그렇게 게임기획에 관한 꿈을 가지게 되었습니다. 하지만, 비전공자이고 경력도 없어서 어떻게 배우고 시작해야 할 지 검색하고 찾아보던 와중에 경일게임아카데미 기획자 과정을 알게되어 신청하게 되었습니다! | K78: 없습니다. | L78: 콘텐츠 기획자, 시나리오 기획자, 레벨링 기획자 | M78: 저는 게임기획에 관한 것을 배우고, 게임기획 직업으로 취업하는 것이 목표입니다. 수료 후에도 게임 기획에 관한 지식이나 업무 경험 등을 성실히 쌓아 그 빛을 발휘하고 싶습니다. | N78: 미보유 | O78: 아니오 | Q78: 대화와 타협을 통한 해결 | R78: 배움과 성장으로 받아들임 | S78: 문제 해결에 필요한 실질적 도움 제공 | T78: 아니요 | V78: 예 | W78: 없음 | X78: 저는 비전공자라서 다른 분들에 비해 느릴 수도 있다는 걱정이 있습니다. 하지만 그런 걱정따위 교육을 진행하면서 남들에게 피해주지 않도록 열심히 노력하고 공부하여 날려버리겠습니다. 꼭 수료하여 기획자가 되겠습니다. | Y78: 윤동현 | Z78: 45989 | AA78: 동의함 | AB78: 윤동현 | AC78: 45989 | AD78: 동의함
A79: 45953.505 | B79: ceandgou10@gmail.com | C79: 윤유나 | D79: 여 | E79: 35살(91년생) | F79: 대학교 졸업 | G79: 비전공자 | H79: 부천대학교 세무회계과 | I79: 안녕하세요! 다가오는 Ai시대에 내 게임하나라도 기획해보고 출시해보고 싶은 마음으로 부트캠프에 참여를 시작했습니다. 비전공자이지만 최근 몇년동안 영상제작 인원으로 참여했고, 새로운 것을 배우는 것에 대한 두려움이 없고 앞으로 나아가고자 하는 열정을 가지고 있습니다! | J79: 제가 기획하고 만들어서 게임을 출시해보고 싶어서 이 부트캠프를 신청했는데요, 타학원에 비해 Ai와 기획이 일부 포함된다는 점과 커리큘럼도 재미있게 배울 수 있어보였습니다. 또, 실무에서는 어떻게 하고 있는데 궁금했는데 그부분도 해결해줄 것으로 보였습니다. 기획이라는 말만 들었을 때는 정말 첫 기획만 하는 것인가 했는데, 상세한 기획까지 하는 것으로 보아, 제가 목표하는 바를 이룰 수 있게 도움이 될 것 같아서 타 캠프보다 이 캠프에 지원하게 되었습니다. | K79: 없습니다! | L79: 게임을 개발할 때 엔진을 사용한다는 정보만 알아서 유니티를 공부할 계획만 짜고 있었는데요, 그 정보외에는 다른 정보는 잘 알지 못합니다. | M79: 제가 원하는 목표가 뚜렷합니다. 게임기획부터 해서 개발 후에 출시하는 것 비록 간단한 캐주얼 게임이라도 하나라도 먼저 출시해 보고 싶습니다. 그 목표를 이 과정에서 배우고 반드시 해낼 수 있을 거라고 생각합니다. 꼭 배우고 싶습니다. | N79: 미보유 | O79: 아니오 | Q79: 분노나 감정을 억누르고 침착함을 유지 | R79: 배움과 성장으로 받아들임 | S79: 문제 해결에 필요한 실질적 도움 제공 | T79: 아니요 | V79: 아니요 | W79: 회사 동료 | X79: 분명 잘 모르는 부분이라 헤맬 것이지만, 파이썬공부를 조금 해봤을 때도 답을 찾아보면서 해결하려고 했으니, 한걸음 나아가기 위해 받는 고통은 당연하라고 생각합니다 | Y79: 윤유나 | Z79: 45953 | AA79: 동의함 | AB79: 윤유나 | AC79: 45953 | AD79: 동의함
A80: 46006.602 | B80: peronight@gmail.com | C80: 윤준호 | D80: 남 | E80: 39살 | F80: 대학교 졸업 | G80: 비전공자 | H80: 한국폴리텍7창원캠퍼스 / 자동차과 | I80: 제 또래 사람들이 그렇듯, 저 또한 게임을 좋아하고 게임과 함께 자라왔습니다. 학창시절에는 잠깐 게임과 관련된 직업을 가져보고싶다는 막연한 생각을 한 적도 있었지만, 그때당시는 정보도 없고, 자료 또한 어떻게 찾아야할지 몰라 다른 진로른 선택하고 지금까지 걸어왔습니다. 하지만 우연찮은 이번 기회에, 늦었지만 새로운 도전을 해보고 싶습니다. | J80: 게임을 좋아하고, 게임을 매일 플레이 하는 평범한 직장인으로서 컨텐츠를 소비만 하는 게이머가 아닌, 내가 직접 기획하고 만든 작품과 세계로 유저들을 초대하고, 즐거움을 선사하고자 하는 마음에 과정 참여를 신청하게 되었습니다. 지금까지 마땅한 기회가 없었지만, 우연히 눈에 들어온 기획자 양성 과정을 발견하고, 지금이 아니면 다음 기회는 없을지 모른다고 생각하였습니다. | K80: 없습니다 | L80: 시나리오, 콘텐츠, 시스템, 레벨 | M80: 최대한 빠르게 입사를 하여 실무 경험을 쌓으며 자기개발 병행으로 실력을 향상 시키는게 목표입니다. | N80: 미보유 | O80: 아니오 | Q80: 대화와 타협을 통한 해결 | R80: 배움과 성장으로 받아들임 | S80: 문제 해결에 필요한 실질적 도움 제공 | T80: 아니요 | V80: 아니요 | W80: 없음 | X80: 나이가 많은것이 걱정되지만, 열심히 해보겠습니다 | Y80: 윤준호 | Z80: 46006 | AA80: 동의함 | AB80: 윤준호 | AC80: 46006 | AD80: 동의함
A81: 45982.661 | B81: allishalee07@gmail.com | C81: 이가현 | D81: 여 | E81: 25살(01년생) | F81: 대학교 졸업 | G81: 비전공자 | H81: 을지대학교 유아교육학과 | I81: 대학교 생활동안 다양한 아르바이트와 학생회를 병행하며 업무 적응 능력과 커뮤니케이션 능력을 키웠습니다. 졸업 후 학과 조교와 중견 기업의 전략기획 팀에서 실무 경험을 쌓으며 기획의 기초를 배울 수 있었습니다. 이후 본격적으로 취준을 하면서, 평소에 게임을 좋아하는 만큼 해당 업계에서 저의 전문성을 길러 안정적인 직장 생활을 하고자 합니다. | J81: 게임 업계의 직무를 알아보면서 게임 기획자에 대해 알게 되었습니다. 게임을 분석하고 장기적인 시각으로 설계하는 게임 기획자가 되고 싶습니다. 혼자 준비하고 공부하는 과정에서 한계를 느끼며 전문가의 강의와 피드백을 받고자 훈련 교육을 신청하였습니다. | K81: 개인적으로 유튜브를 통해 게임 직무와 관련하여 조사했습니다. | L81: 게임 기획자라는 직군에 대해서 세부적으로 굉장히 다양하게 나뉘고 있습니다. 게임 기획자는 큰 맥락으로 게임을 디자인하는 직무로 세부적인 게임 요소를 분석하여 구성하는 업무입니다. 시스템 기획자는 게임의 UI, 규칙, 기능 등을 설계하여 가장 전체적인 시각으로 게임 유형과 기능, 변수 요소 등을 담당합니다. 밸런스 기획자는 게임 속 레벨 시스템, 아이템, 퀘스트와 보상 등을 각 단계별로 적확한 수준을 설계합니다. 컨텐츠 기획자는 게임 내용을 기획합니다. 스토리, 퀘스트 등의 내용을 담당합니다. | M81: 게임 분석력을 강화하고 이를 바탕으로 나만의 기획서, 포트폴리오를 완성하고 싶습니다. | N81: 보유 | O81: 아니오 | Q81: 분노나 감정을 억누르고 침착함을 유지 | R81: 배움과 성장으로 받아들임 | S81: 상황에 대한 이해와 위로 | T81: 아니요 | V81: 예 | W81: 없음 | X81: 커리큘럼 중에 unity를 활용한 게임 개발이나 협업 등의 과정에서 제가 집에 있는 노트북의 성능이 부족 할 것 같습니다. 이러한 경우 근처 pc방에서 진행을 해도 괜찮을지 우려가 됩니다. 맡은 바에는 항상 끝까지 마무리하는 강한 책임감을 가지고 있습니다. 이번 수업 과정을 통해 저의 실력을 향상 시키며 꼭 취직하고 싶습니다. | Y81: 이가현 | Z81: 36934 | AA81: 동의함 | AB81: 이가현 | AC81: 36934 | AD81: 동의함
A82: 45967.56 | B82: tricombined@gmail.com | C82: 이경민 | D82: 남 | E82: 35살(91년생) | F82: 대학교 졸업 | G82: 비전공자 | H82: 여주대 관광중국어 | I82: 새로운 기술을 두려워하지 않고 스스로 학습해 성과를 내는 사람입니다. AR 프로젝트를 처음 맡았을 때 독학으로 프로그램을 익혀 첫 프로젝트를 성공적으로 완수하여, 시드 투자, 프리A투자에 기여했으며, 이후 다양한 브랜드와의 협업을 통해 사용 경험과 완성도를 높이는 역량을 쌓았습니다. | J82: 한때 게임을 정말 좋아했지만, 일 때문에 오랜 기간 즐기지 못했습니다. 그러나 여전히 게임은 저에게 큰 재미와 열정을 주는 분야입니다. 최근 3D AI 기술의 발전으로 모델러 직군의 변화를 느끼며, 이제는 내가 좋아하는 게임과 관련된 업종에서 새로운 도전을 해보고 싶다는 생각이 들었습니다. 특히 AI를 활용한 게임 기획이라는 점이 미래지향적인 기회로 느껴져 신청하게 됐습니다. | K82: 약 6-7년전 SBS아카데미, S1아카데미에서 게임 모델링을 학습했습니다. | L82: 게임의 콘셉트와 시스템을 기획 및 설계하고, 개발자, 디자이너와 협업하여 게임을 완성하는 직군으로 알고 있습니다. | M82: 수료 후 AI 기술을 활용해 게임 기획 실무에 참여 할 수 있는 역량을 갖추고, 실제 게임 개발사에 취업하여 기획자로서 커리어를 시작하고 싶습니다. | N82: 보유 | O82: 아니오 | Q82: 대화와 타협을 통한 해결 | R82: 배움과 성장으로 받아들임 | S82: 문제 해결에 필요한 실질적 도움 제공 | T82: 예 | U82: 11월말에 이사를 가면서 월세라는 지출이 생길 예정이며, 금전적 수입도 끊긴 상황 | V82: 아니요 | W82: 없음 | X82: ‘지금 하는 취업 할동을 멈추고, 이 과정에 올인하면 취업이 정말 잘 될까? 안 됐을때 다시 모델러로 취업활동을 할 수 있을까?‘하는 걱정이 남아있긴 합니다. 하지만 시작도 안하고 포기하기에는 매력적인 과정이라 도전해보고 싶습니다. | Y82: 이경민 | Z82: 45967 | AA82: 동의함 | AB82: 이경민 | AC82: 45967 | AD82: 동의함
A83: 45993.681 | B83: power122926@gmail.com | C83: 이균호 | D83: 남 | E83: 28살(98년생) | F83: 대학교 졸업 | G83: 비전공자 | H83: 한국영상대학교 / 특수영상제작과 | I83: 안녕하세요. 부트캠프에 지원한 이균호입니다. 게임기획을 공부하고 여러 회사에 지원해본 경력도 있지만 실제로 게임을 만들어본 경험이 없었고 매번 면접에서 고배를 마셨습니다. 이번 과정을 통해 여러 사람과 협업하고 직접 게임을 만들어보는 경험을 가지고 꼭 기획으로 취업하고 싶어서 지원하게 되었습니다. | J83: 본 과정에 지원하여 수많은 사람과 함께 협업하며 게임을 직접 만들어보고 그 과정에서 맞닥뜨릴 역경을 뛰어넘는 경험을 해보고 싶습니다. 저의 부족한 경험을 채우고 꼭 게임 기획의 길을 걷고 싶어 해당 과정에 신청하게 되었습니다. | K83: 타 학원에서 게임 기획 과정을 6개월 간 학습한 경험이 있습니다. 시스템 기획을 메인으로 공부하였고 기획서 포트폴리오를 제작한 경험이 있습니다. | L83: 시스템 기획자, 레벨 기획자, 밸런스 기획자, 콘텐츠 기획자 | M83: 수료 과정을 통해 게임 제작에 있어 어려움이 무엇인지 정확하게 알고 대처할 수 있는 신입이 되어 꼭 게임 기획의 길을 걷고 싶습니다. | N83: 미보유 | O83: 아니오 | Q83: 논리적인 논쟁으로 해결 | R83: 배움과 성장으로 받아들임 | S83: 상황에 대한 이해와 위로 | T83: 아니요 | V83: 아니요 | W83: 유튜브 | X83: 다른 사람과 함께하는 게임 제작 팀 프로젝트는 처음이라 기대되고 설렙니다. 미래의 팀원 분들과 멋진 게임을 만들 수 있도록 노력하겠습니다! | Y83: 이균호 | Z83: 45993 | AA83: 동의함 | AB83: 이균호 | AC83: 45993 | AD83: 동의함
A84: 45966.5 | B84: vmfosel0623@gmail.com | C84: 이길준 | D84: 남 | E84: 32살(93년생) | F84: 대학교 졸업 | G84: 비전공자 | H84: 국제패션디자인학교 - 패션디자인학 | I84: 안녕하세요, 미대입시 이후 25살 부터 6년간 의류회사에서 의류 디자인,의류 그래픽개발 및 생산을 담당하였습니다. 미래에는 회사에 종속되기 보다, 현자 '나'라는 사람을 브랜딩하고 무엇을 기획할 것인가? 가 가장 중요할것이라고 판단이 되었고, ai를 이용하여 1인개발 및 창업을 꿈꾸게 되었습니다. 제것을 만들기 이전에 회사에서 체계적인 실무를 쌓고싶어 지원하였습니다. 바이브코딩으로 초등학생들도 미니게임을 만들고 있다고하여 많은 관심이 생겼고, 어렸을때부터 즐겨하던 게임의 장점들을 취합하여 출시해보고, 유저들의 반응을 살피며 아침에 일어났을때 '오늘도 시작이구나'가 아닌 '빨리가서 개발하고 싶다' 로 시작하는 하루가 되었으면 하는 바램입니다. 감사합니다. | J84: 카이스트에서 뇌과학과 인공지능을 연구하고 계신 김대식 교수님을 유튜브 영상으로 접하게 되었습니다. AI시대에는 인간의 역할이 꼭 필요했으나, 멀지않은 시대에 AGI (인공지는 스스로 업그레이드하는) 시대가 온다고 하여, 과감하게 상향산업에 도전하고 싶다는 생각이 들었습니다. 이제는 도구들이 너무 잘 개발되어있어, 무엇을 만들것이냐에 초점을 두고 움직이고 싶게 되었고, 어려서부터 꿈꿧지만 코딩이 어려워 하지못했던 게임개발을 도전해 볼 수 있겠구나. 라는 생각이 들게 되었습니다. 아주 어릴적, 레드문 / 스톤에이지 등 너무나 재밌게 했던 게임들이 있는데, 요것들을 저의 색감에 맞게 만들어 보고 싶습니다. 꼭 AI를 다루지 않더라도, 나만의 색이 담긴 개발을 하고싶습니다. 그러기위해선 기초적인 배경지식이 필요할것이고, 꼭 배워보고 싶습니다. | K84: 아니오, 게임개발 관련은 없었고, 3D 모델링에 관심이 있어 지금 강의를 듣는 중입니다. | L84: 3D 모델러 / 게임 기획자 / 클라이언트 개발자 | M84: 유니티 엔진에 대한 이해도와 나의 생각을 표현해 낼 수 있는 능력, 내가 모델링한 것을 실제 게임에 적응시키는 능력을 만들고 싶습니다. 초반엔 너무 거대한 프로젝트를 만들기보다, 미니게임부터 만들어서, 0원이던 소액이던 조금이라도 나의 게임에 관심을 가져주는 유저들을 모아보고싶습니다. 바로 눈앞에 보이는것들 하나하나 과정을 겪으면서, 서비스를 경험해보고 싶습니다. 1인 창작자로서의 능력이 만들어졌으면 좋겠습니다! | N84: 미보유 | O84: 아니오 | Q84: 대화와 타협을 통한 해결 | R84: 배움과 성장으로 받아들임 | S84: 문제 해결에 필요한 실질적 도움 제공 | T84: 예 | U84: 아무래도 서울에서 자취를 하고있고, 6개월간 9시부터 18시까지의 수업이면 아르바이트하기도 쉽지 않을 것 같습니다. 당연히 모아놓은돈은 어느정도 있지만, 지원 받을 수 있는 부분이 있다면 받고싶습니다. | V84: 아니요 | W84: 없음 | X84: 제 게임을 하면서 사람들이 즐거움을 느끼는 상상을 하면 벌써 설레는것같습니다. 많이 부족하겠지만 열심히 해보겠습니다. 대기업들이 넓고 범용적인 게임을 만든다면, 저는 날카롭고 예리하게 전략을 짜고 싶습니다. 감사합니다! | Y84: 이길준 | Z84: 45966 | AA84: 동의함 | AB84: 이길준 | AC84: 45966 | AD84: 동의함
A85: 45951.768 | B85: leedogun3@gmail.com | C85: 이도건 | D85: 남 | E85: 96년생 | F85: 대학교 수료 | G85: 비전공자 | H85: 전북대학교 무역학과 | I85: 안녕하세요. 이번에 경일 게임기획자 과정을 신청한 이도건이라고 합니다. 새로 어떤 분야를 처음부터 배우고 시작하기는 마냥 적은 나이는 아니고 이제껏 공부해온 전공관련 분야와는 무관하지만 무언가를 스스로 배우고 이 분야에서 일하고 싶다는 생각이 드는 것도 처음이라 열심히 해보려고 합니다. | J85: 앞서 적었듯이 저는 다른 분야를 전공했고 이 분야는 정말 처음입니다. 그렇지만 분야를 배우고 일해보고 싶다는 것도 처음이라서 공부를 시작했습니다. 이제껏 혼자 공부하고 취업준비를 나름 해보려 했지만 기초지식부터 취업방향성 같은 부분에서 너무 갈피를 잡지 못하고 멀리 돌아가는 느낌이었습니다. 그래서 좀 제대로 된 방향성을 알고 체계적으로 준비를 해보고자 하여 신청하게 되었습니다. | K85: 게임관련 분야로 취업목표를 잡은 이후로 혼자 관련 공부책을 읽거나 유튜브 등은 몇번 보았지만 다른곳에서 직접적으로 배우면서 학습한 경험은 없습니다. | L85: 백엔드 개발자, 시스템 엔지니어, 그래픽 디자이너, qa테스터 | M85: 취업하여 나중에 많은 사람들이 알 만한 게임 제작 프로젝트에 참여하고 싶습니다. 그리고 더 나아가서는 언젠가 그런 프로젝트를 제 주도하에 제작도 하고 싶습니다. | N85: 미보유 | O85: 아니오 | Q85: 대화와 타협을 통한 해결 | R85: 배움과 성장으로 받아들임 | S85: 문제 해결에 필요한 실질적 도움 제공 | T85: 예 | U85: 당장 어려움이 있는 것은 아니고 지금 하고있는 아르바이트 일이 수강진행즌ㅇ 병행이 실질적으로 어려울듯하여 따로 추가 지원에 관련된 안내가 있으면 받고 싶습니다. | V85: 아니요 | W85: 없음 | X85: 처음으로 관심있어 해보고 일해보고 싶다는 분야이기에 취업을 목표로 무조건 열심히 할 계획입니다. 이 과정동안 취업적으로도, 내실적으로도 많이 얻어갈 수 있었으면 좋겠습니다. | Y85: 이도건 | Z85: 45951 | AA85: 동의함 | AB85: 이도건 | AC85: 45951 | AD85: 동의함
A86: 45973.612 | B86: dlehalssla@gmail.com | C86: 이도민 | D86: 남 | E86: 33살(93년생) | F86: 대학교 졸업 | G86: 비전공자 | H86: 호서대학교 건축공학과 | I86: 안녕하세요. 오버워치 프로 팀 코치를 시작으로 젠지에 입사하여 4년간 근무 후 새로운 일을 배우고 싶어 지원하게 된 이도민 입니다. 잘 부탁 드리겠습니다. | J86: 저의 전 직업은 오버워치 코치로 젠지에서 많은 사람들을 가르쳐 왔습니다. 그런데 오버워치 입지가 많이 줄어들면서 코치에서 프로그램 기획 및 운영 부서로 옮기게 되었습니다. 여기서 자신의 부족함을 느끼게 되었고 전문적인 지식을 배워야겠다는 생각이 들었습니다. 많은 게임을 해왔던 경험과 커뮤니케이션 및 기획 디테일에 대한 강점이 있다고 생각하여 기획자 코스로 지원하게 되었습니다. | K86: 오버워치 프로 팀 코치, 오버워치 강사, 프로그램 기획 및 운영 업무를 진행 했었습니다. | L86: 알고 있는 지식이 없습니다. | M86: 구체적으로 회사를 정하자면 블리자드 혹은 시프트 업에 입사하고 싶습니다. 두 회사의 게임(오버워치, 스텔라 블레이드)을 정말 재밌게 했던 경험이 있고 회사 환경은 모르겠지만 이러한 재밌는 게임을 개발한 곳에서 같이 근무를 하고 싶습니다. | N86: 보유 | O86: 아니오 | Q86: 대화와 타협을 통한 해결 | R86: 배움과 성장으로 받아들임 | S86: 문제 해결에 필요한 실질적 도움 제공 | T86: 아니요 | V86: 예 | W86: 없음 | X86: 기존에 해왔던 것들을 버리고 새로운 출발을 하는 만큼 정말 열심히 배우도록 하겠습니다. | Y86: 이도민 | Z86: 45973 | AA86: 동의함 | AB86: 이도민 | AC86: 45973 | AD86: 동의함
A87: 45987.753 | B87: dwoo0420@gmail.com | C87: 이동우 | D87: 남 | E87: 26살(00년생) | F87: 대학교 졸업 | G87: 비전공자 | H87: 군산대학교/기계공학과 | I87: 안녕하세요. 게임(특히 포켓몬)을 좋아하고 모두가 좋아하는 국민게임을 기획하고싶은 이동우입니다. 대학교 졸업후 전북쪽 공기업을 준비하다가 도저히 저랑 안 맞는거 같아서 그만두고 새로운 길을 찾고자 지원하게 되었습니다. | J87: 처음에는 "내가 좋아하는 일을 하면서 먹고 산다면 그것만큼 행복한 일은 없을 거같다"는 유치한 생각으로 게임업계를 알아보기 시작했습니다.여러 게임기획서를 읽어봤는데 레벨 디자인, 맵 설계, 캐릭터 설계등등의 요소들을 보며 왠지 모를 자신감이 생겼습니다. 평소에 게임을 하면서 조금씩 접해본 요소들이여서 그런지 토익이나 역학같은 과목들보다 훨씬 친근하게 느껴졌던 것 같습니다. 그리곤 The art of game design이라는 게임 디자인 책을 읽으며 게임 기획자라는 직업에 빠지게 되었고 운좋게 이번 게임기획자 부트캠프를 보고 지원하게 되었습니다. 이번 부트캠프에서 열심히, 성실하게 교육받아서 제가 원하는일을 하고싶습니다. | K87: 이븐아이에서 컨설팅 잠깐 받았었고 내일배움캠프이서 pm(게임x 일반 pm)과정 사전교육 받았었습니다. | L87: 게임 기획자, 사업 pm, qa, 게임 개발자, 그래픽 디자이너, 유저 데이터 분석가 | M87: 조금 유치하고 구체적이지도 않은 목표지만 적겠습니다..ㅎㅎ 1. 캠프수료후 중소,중견 가리지않고 게임업계 어디로든 취업한다.(직무는 기획이나 pm생각중 캠프수료하면서 바뀔수도 있음) 2. 경력을 쌓은 뒤 넥슨, 넷마블, nc, 펄어비스, 크레프톤과 같은 국내 대기업 게임회사로 이직한다 3. 닌텐도 본사로 이직 이상입니다 | N87: 보유 | O87: 아니오 | Q87: 대화와 타협을 통한 해결 | R87: 배움과 성장으로 받아들임 | S87: 문제 해결에 필요한 실질적 도움 제공 | T87: 아니요 | V87: 아니요 | W87: 없음 | X87: 사회 어디를 가든 성실하다는 말은 항상 들었던 것 같습니다. 막연히 게임이 좋아서 시작했지만 열심히 배우겠습니다. 이번기회를 통해 저의 꿈을 (좋아하는거하며 먹고사는 삶)을 이루고 싶습니다 | Y87: 이동우 | Z87: 45987 | AA87: 동의함 | AB87: 이동우 | AC87: 45987 | AD87: 동의함
A88: 45997.683 | B88: ug777070@gmail.com | C88: 이동현 | D88: 남 | E88: 25살 | F88: 대학교 졸업 | G88: 비전공자 | H88: 전주교육대학교/초등교육과 | I88: 안녕하십니까, 유저의 입장에서 예상하고 개발자의 입장에서 구현하여 본질적 재미를 창조하고 싶은 이동현입니다. 크기만 한 꿈에 실질적인 뼈를 붙이고 싶어 왔습니다. | J88: 독학으로 기획 공부나 포트폴리오를 제작하고 있으나 실무 없이 만드는 탓에 너무 현실성이 없거나, 구조가 분명치 않거나, 가독성이 떨어지는 등의 문제가 인식되었습니다. 그렇기에 현업의 방식을 알기 위해 본 과정에 신청했습니다. | K88: 게임 개발과 관련된 경험은 없습니다. | L88: 콘텐츠 기획자, 시스템 기획자, 레벨 기획자, bm/경제 기획자, 내러티브 기획자, 전투 기획자, ui/ux 기획자, 캐릭터 기획자 | M88: 과정 수료 후 누구나 탐내는 역량을 토대로, 실무를 해내며 업계에 입문하고 싶습니다. | N88: 미보유 | O88: 아니오 | Q88: 분노나 감정을 억누르고 침착함을 유지 | R88: 배움과 성장으로 받아들임 | S88: 문제 해결에 필요한 실질적 도움 제공 | T88: 아니요 | V88: 아니요 | W88: 없음 | X88: 해당 과정이 상당히 가혹하다고 듣고 왔습니다. 성장은 고통 속에서 폭발적으로 일어납니다. 니체가 그랬듯이, 이 과정에서 힘든 여정을 보낼 수 있다면 저는 환영입니다. 저는 주어진 기간 동안 최대한의 역량을 키우고 싶고 감내하며 성장하고 싶습니다. 감사합니다. | Y88: 이동현 | Z88: 45997 | AA88: 동의함 | AB88: 이동현 | AC88: 45997 | AD88: 동의함
A89: 46010.665 | B89: dlansgml4088@gmail.com | C89: 이문희 | D89: 남 | E89: 34 | F89: 고등학교졸업및 장안대학중퇴 | G89: 전공자 | H89: 전기과 및 인터넷정보통신과 | I89: 게임을 좋아해요 그래서 게임스토리를 재미있고 흥미있게 만들어보구싶구 사람유저들이 많이 즐길수있게 만들어보구싶습니다 | J89: 게임을 좋아하다보니 게임을 만들어보구싶구 잔인성이 너무많은 부분을 겪다보니 잔인함을 줄일수있는 부분을찾게되다가 게임을 찾아보게되었어요 그래서 게임으로 잔인함을 잔인하지않고 흥미롭게 만들수있는방향으로 기획해보구싶어요 | K89: 없어요 | L89: 게임개발자 | M89: 저만의 느낌으로 게임을 개발해보고싶어요 그래서 재미있는 방향을 찾아보고싶어요 | N89: 미보유 | O89: 예 | P89: Adhd 우울및 수면 및 중추신경 | Q89: 분노나 감정을 억누르고 침착함을 유지 | R89: 다른 이유나 환경을 도출하려는 경향 | S89: 상황에 대한 이해와 위로 | T89: 예 | U89: 참는게어려운부분 빠르게 즐기는걸 습관되버린등등 | V89: 아니요 | W89: 인스타 | X89: 게임을 무리하여 중독성있게 생각하다가 현실에서 위험하지않는 상황이되구싶어요 | Y89: 이문희 | Z89: 46010 | AA89: 동의함 | AB89: 이문희 | AC89: 46010 | AD89: 동의함
A90: 46007.655 | B90: minwooism@gmail.com | C90: 이민우 | D90: 남 | E90: 25살(01년생) | F90: 대학교 졸업예정 | G90: 전공자 | H90: 충북대학교 컴퓨터공학과 | I90: 게임개발자와 기획자가 되고 싶은 이민우입니다. 아직 경험이 많이 부족합니다. 많이 배워 가고 싶습니다. | J90: 대학교 졸업이 얼마 남지 않은 상태에서 제 포트폴리오가 많이 부족하다는 것을 깨달았습니다. 그러던 중 유튜버의 커뮤니티에서 게임 기획자 부트캠프 소식을 듣게 되었고 신청하게 되었습니다. 이번 기회로 실무 준비 과정을 습득하여 포트폴리오의 완성도도 높이고 저 자신도 성장하길 기대하고 있습니다. | K90: 2024충북게임아카데미 참여경험이 있습니다. | L90: 시스템 기획자, 레벨 디자이너, 컨텐츠 기획자, 클라이언트 개발자. 서버 개발자 | M90: 일단은 교육 중에도 개인 게임 개발을 할 생각이고, 수료 후에도 그것이 부족하다면 더 할 생각입니다. 취업 준비도 꾸준이 할 예정입니다. | N90: 보유 | O90: 아니오 | Q90: 대화와 타협을 통한 해결 | R90: 배움과 성장으로 받아들임 | S90: 문제 해결에 필요한 실질적 도움 제공 | T90: 아니요 | V90: 예 | W90: 없음 | X90: 열심히 해보겠습니다. | Y90: 이민우 | Z90: 46007 | AA90: 동의함 | AB90: 이민우 | AC90: 46007 | AD90: 동의함
A91: 45954.63 | B91: yoon11652@gmail.com | C91: 이범윤 | D91: 남 | E91: 30살(96년생) | F91: 대학교 졸업 | G91: 비전공자 | H91: 서경대학교 영화영상학과 | I91: 안녕하세요. 게임을 통해 일상에 지친 사람들에게 즐거움을 전달하고 싶은 이범윤입니다. 역기획서와 창작 기획서 등을 작성해보며 기획자의 시선으로 바라보는 법을 공부하고, 다양한 장르의 게임들을 플레이하며 재미와 몰입을 이끌어내는 구조를 파악하려 노력하고 있습니다. 독학으로 6개월 정도 진행 중, 몇몇 회사의 서류 전형에 통과하였으나 직무 테스트에서 매번 탈락하여 보다 전문성을 쌓고 기본을 탄탄하게 다지고자 수강 신청하게 되었습니다. | J91: 게임 기획과 관련하여 전문적인 학습을 한 경험이 없기 때문에, 부족한 기초를 보완하고자 신청하게 되었습니다. 또한, AI가 사람을 빠르게 대체하고 있는 상황에서 관련 능력을 길러 보다 경쟁력을 가지고 게임을 제작할 수 있는 사람이 되고자 신청했습니다. | K91: 콜로소에서 유리링 님 강의를 구매 후 수강했습니다. | L91: 시스템/생활콘텐츠/전투콘텐츠/시나리오/퀘스트/캐릭터/밸런스/레벨/이벤트 등 | M91: 실제로 게임을 개발할 수 있는 역량을 다지고, 중견 이상 기업에 취업하고 싶습니다. | N91: 보유 | O91: 아니오 | Q91: 분노나 감정을 억누르고 침착함을 유지 | R91: 배움과 성장으로 받아들임 | S91: 상황에 대한 이해와 위로 | T91: 아니요 | V91: 예 | W91: 없음 | X91: 처음부터 끝까지 집중력을 잃지 않고 성실히 수강하고 발전하여 목표를 이뤄내고 싶습니다. | Y91: 이범윤 | Z91: 45954 | AA91: 동의함 | AB91: 이범윤 | AC91: 45954 | AD91: 동의함
A92: 45974.641 | B92: fkrhswers1@gmail.com | C92: 이상현 | D92: 남 | E92: 만28(96년생) | F92: 전문대 졸업 | G92: 비전공자 | H92: 관련x | I92: 안녕하세요 이번에 경일게임아카데미 게임기획 부트캠프에 지원한 이상현입니다 어렷을때부터 게임을 굉장히 좋아해서 게임을만들고 싶어서 지원하게됬습니다. 좋은경험이 되었으면 좋겠습니다. | J92: 평소에 게임을좋아해 이쪽분야 관심이 많았는데 준비를하다보니 혼자서 게임기획자 취업준비를 하는데 이리저리 찾아봐도 혼자서는 어려움이 컸습니다. 그러다보니 정보를 같은걸 얻는것과 아는사람들한테 물어보는것으로는 한계를 느껴서 참여를 신청했습니다. | K92: 없습니다 | L92: 게임 시스템기획 밸런스 기획 전투기획 개발자 QA cs 등 | M92: 수료후 취업을 하고싶습니다. 가능하면 제가 좋아하는 게임분야를 만들고 싶습니다. | N92: 보유 | O92: 아니오 | Q92: 대화와 타협을 통한 해결 | R92: 배움과 성장으로 받아들임 | S92: 문제 해결에 필요한 실질적 도움 제공 | T92: 아니요 | V92: 예 | W92: 친구 | X92: 8개월이 짧다면짧고 길다면 긴 시간이라고 생각합니다. 그동안에 다른분들과 최대한 좋은관계를 유지하면서 지내고 싶습니다! | Y92: 이상현 | Z92: 45974 | AA92: 동의함 | AB92: 이상현 | AC92: 45974 | AD92: 동의함
A93: 45992.513 | B93: khakiknight3@gmail.com | C93: 이석훈 | D93: 남 | E93: 25살 (01년생) | F93: 고등학교 졸업 | G93: 비전공자 | H93: 학점은행제 과정 컴퓨터공학과 | I93: 심리학 공부하다가 올해 컴퓨터 공학으로 전과하면서 CS지식을 쌓는중입니다. 1학기동안은 C언어를 열심히 해서 C언어 교재의 모든 예제를 풀어봤습니다. 2학기(현재)는 DB관련해서 구조와 SQL공부에 집중하면서 대학 게임개발 동아리에서 기획파트로 프로젝트 참여중입니다. 플머 팀원이 제작한 간단한 코드는 읽고 이해할 수 있습니다. 본 부트캠프에서는 주로 UNITY 툴 사용법에 더 익숙해졌으면 좋겠고 Lua 스크립트 활용, 시스템 설계와 BM설계에 관해서 많은 배움을 얻어갈 수 있으면 좋겠습니다. | J93: 1. [알게 된 경로] G식백과 광고 보고 시기가 적절하여 신청하게 되었습니다. 2. [현재의 상황과 부족한 점의 깨달음] 심리상담에서 게임 기획자를 목표로 변경하면서 소통을 위한 CS지식 습득을 위해서 심리학에서 컴공으로 전과를 했습니다. 그러나 졸업학점이 거의 채워져서 전공자 졸업생보다 CS(컴퓨터 과학)지식이 부족합니다. 프로젝트 참여를 위해 대학 동아리에 가입했지만, 2학기에 가입하다보니 기획파트로 참여할 수 있는곳이 거의 없어서 난항을 겪었습니다. (대부분은 1학기/여름방학에 결성) 공백기로 보내기보다는 학원에서 배움을 더 얻어야겠다는 생각을 했습니다. 3. [기획 트렌드 경험 및 자극 받기] 경일 아카데미는 조사한 바에 따르면 국비지원 부트캠프 중에선 규모가 큰 편인것 같습니다. 그만큼 저보다 더 준비된 사람들이 취업을 위해 참여하게 될거고 업계 트렌드 습득과 노력하는 사람들에게서도 배울점이 있으리라 생각합니다. 4. [실무경험 습득+ 기존 프로젝트 밸류상승 기대] 현재 동아리에도 멘토링 협력사(데브/크래프톤 등) 현업자들의 멘토링을 받을 수 있지만, 그분들은 학원만큼 코칭해주는것은 아닙니다. 피드백의 채널을 늘리는 것은 언제나 효과적인 학습 방법이 된다고 생각합니다. 또한 학원에서 배우면서 툴 사용법과 효율적인 업무진행방식을 배우게 되면 기존에 참가한 프로젝트에서도 바로 써보면서 효과를 경험 할 수 있을것으로 기대하기때문에 본 부트캠프에 참여를 신청합니다. 추가 . [시간 많아짐] 학점은행제 과정의 막학기 이기 때문에 학교 등교의 필요가 없어지는 만큼 모든 시간을 직무 공부에 쏟을 수가 있습니다. 기획자로 살아남기 위해 모든 진로를 바꾼 만큼 노력할 수 있습니다. | K93: 2학기 초에 서울대 게임개발동아리에 가입해 신규회원으로 활동하고 있습니다. 현재는 간단하게 다른 팀의 퍼즐게임을 전부 클리어 하고 리뷰(및 오류 검수)해서 작성해준것과 유니티를 활용해 혼자서 보드게임(부루마불) 판 을 만들어 주사위 수 만큼 캐릭터를 옮기고, 한바퀴를 돌면 월급이 나오게 하는 기초적인 동작만 작업해보았습니다. 동아리 대외활동에서 알게된 현업자들에게 기획서를 써보고 멘토링 받아본 경험이 조금 있습니다. | L93: 게임 기획자 > 시나리오(내러티브,연출) , 액션, 밸런스(레벨디자인) , 경제(MMO등의) BM(은 사업부 영역인걸로 아는데.,) 스크립트,UI/UX 정도 가 있는것으로 알고있습니다. | M93: 1. [만들어서 설명할 수 있는 사람이 되자] 게임을 해본 경험은 많으니까, 해당 게임을 하면서 필요하다고 생각되었던 부분을 직접 만들어 설명하고, 해당 콘텐츠의 가치를 소개하는 내용을 포트폴리오에 담아 각 회사에 지원하고 싶습니다. 2. [공부한 지식으로 공모전/게임잼 수상하기] 공모전 수상작 만들기 만큼 또 괜찮은 포폴이 없다고 생각합니다. 그건 스스로의 역량 문제가 될 수도 있지만 결국 회사에 가서 제 위에 있는 분들은 다 그런 사람들일거니까.. 3. [소통하기 좋은 기획자가 되자] 아는게 풍부한 사람만큼 소통하기 좋은 사람은 없을 것이라 생각합니다. 아, 그리고 스스로의 일도 잘 해내는 사람이어야겠죠. 같이 일하기 좋은 사람이 되는것. 멋진 게임을 만드는 것 만큼이나 중요한 요소라고 생각합니다. | N93: 보유 | O93: 아니오 | Q93: 대화와 타협을 통한 해결 | R93: 배움과 성장으로 받아들임 | S93: 문제 해결에 필요한 실질적 도움 제공 | T93: 아니요 | V93: 예 | W93: 없음 | X93: 해당 과정 앞부분 의 일부랑 학교의 기말 시험이랑 곂쳐서 한 5시간 미만 정도가 참여가 어려울수 있는데 괜찮을지 걱정되네용 | Y93: 이석훈 | Z93: 45992 | AA93: 동의함 | AB93: 이석훈 | AC93: 45992 | AD93: 동의함
A94: 45991.708 | B94: leescv9824@gmail.com | C94: 이성찬 | D94: 남 | E94: 35세 91년생 | F94: 고등학교 졸업 | G94: 비전공자 | H94: 의성공업고등학교 전자과 | I94: 안녕하세요 항상 발전만 꿈꾸는 이성찬 이라고 합니다 저는 항상 밝고 배움이 빠르며 적응력이 뛰어나고 항상 앞장서서 배우려고 하는 타입입니다 | J94: 정말 관심 깊었던 분야 중에 하나입니다 플레이어가 아닌 개발자가 되고,머리 속으로 그리는 것들이 많은데 그것을 실현시킬 수 있는 기초를 열심히 배워서 꼭 뛰어난 인재가 되고 싶어서 신청 하였습니다. | K94: 없습니다. | L94: 게임 개발자, 게임 디자이너, 기획자 | M94: 개인개발자가 되어, 대형게임사에 상반하는 돈에 욕심없는 게임을 만들고 싶습니다. | N94: 미보유 | O94: 아니오 | Q94: 대화와 타협을 통한 해결 | R94: 배움과 성장으로 받아들임 | S94: 상황에 대한 이해와 위로 | T94: 예 | U94: 지원 정책에 대한 모든걸 알려주시면 문제는 안될것 가습니다. | V94: 아니요 | W94: 없음 | X94: 열심히 배우겠습니다! | Y94: 이성찬 | Z94: 45991 | AA94: 동의함 | AB94: 이성찬 | AC94: 45991 | AD94: 동의함
A95: 45966.776 | B95: dltmdrn159@gmail.com | C95: 이승구 | D95: 남 | E95: 32살(94년생) | F95: 고등학교 졸업 | G95: 비전공자 | H95: 남성고등학교 / 전공 없음 | I95: 안녕하세요 저는 게임 기획자를 지망하는 이승구 입니다. 기존에 많은 게임을 경험했고 이 전에는 e스포츠 코치, e스포츠 관련 서비스 기획 팀원으로 일한 경험이 있습니다. 해당 코치 직무를 통해서 분석력과 커뮤니케이션 능력을 키웠고, 기획자로서는 데이터 구조 및 테이블 설계, 데이터 분석 등의 업무를 담당했었습니다. 이번 부트 캠프를 통해 게임 기획자로서의 첫 발을 내딛고 싶습니다. | J95: 안녕하세요 게임 기획자의 꿈을 키워나가고 있는 이승구라고 합니다. 먼저 부트캠프의 목적인 게임 기획자의 꿈을 갖게 된 동기부터 말씀드려야 할 것 같습니다. 저는 어렸을 때부터 온라인 게임을 즐겼는데 다른 유저와 경쟁하는 데 재미를 많이 느꼈습니다. 그러다 보니 다른 유저들보다 게임을 잘하는 편에 속했고 이 경험을 살려 e스포츠 게임 코치가 될 수 있었습니다. 게임 코치로서 직무를 수행하면서 자연스레 다양한 성향의 게이머와 코치들을 경험하게 되었는데, 이를 통해 게임을 잘하는 방법에는 크게 분석적 사고와 직관적 사고가 있다는 것을 깨닫게 되었습니다. 그리고 저는 게임에서 경쟁뿐만 아니라 분석적 사고를 하는 행위 자체를 좋아한다는 사실을 알게 됐습니다. 무언가를 분석하다 보면 저도 모르게 시간이 한참 지나있었고, 무언가에 몰입하며 생각하는 것이 좋았습니다. 그 뒤로 제 고민은 게임을 접할 때 "이 게임은 왜 재미있을까?" "이 캐릭터는 왜 강하지?" "이 캐릭터가 사용하는 스킬은 매커니즘 상 강해야 하는데 왜 약하지? 수치에 문제가 있나?" 등으로 확장되었고 이러한 질문에 스스로 답을 찾아나가는 것에 흥미를 느끼게 되었습니다. 실제로 게임 기획에 관련해 공부하고 지인들과 함께 프로젝트에 관한 이야기도 나누었으나 스스로 게임 전체를 기획해보며 혼자서는 불가능 하다고 생각 되는 방대한 그 양에 한 번 놀랐고 기획적으로 비어있는 부분을 눈치채게 되었을 때 전문적인 지식이 필요하다는걸 깨닫게 되었습니다. 저의 분석적 사고에 대한 흥미와 작동 원리를 파헤치는 탐구심이 게임 기획자라는 직업에 흥미를 갖게 해주었다고 생각합니다. 이번 부트캠프는 저의 잠재력을 확인하고 실질적인 기획 역량을 발전시키기 위한 첫 단추라고 생각합니다. 재미의 설계를 통해 다양한 플레이어에게 즐거움을 선사하는 게임 기획자가 되고 싶습니다. | K95: e스포츠 코치 / 서비스 기획자 / 데이터 분석가 | L95: 시스템, 밸런스, BM, 전투, 콘셉트, 시나리오, 콘텐츠, 레벨링, UI/UX, 운영, PM, PD, 사운드 및 연출 | M95: 1. 게임 개발에 있어서 필요한 전반적인 기획에 대한 태스크를 모두 알게 되는 것 ㄴ현재 사운드, 아트, 연출등 많은 부분에 대해 무지함 2. 유니티 엔진 활용법 습득 3. 내 강점을 최대한 활용 할 수 있는 기획 직군 파악 4. 프로젝트를 통해 해당 직군에 대한 실무를 간접 경험하고 스스로의 역량을 파악하고 목표 설정 5. AI툴 활용법 습득 6. 취업 | N95: 미보유 | O95: 아니오 | P95: 12번 질문에 대한 추가 설명 ) 마이크는 보유하고 있으나 캠은 보유하고 있지 않음 | Q95: 분노나 감정을 억누르고 침착함을 유지 | R95: 배움과 성장으로 받아들임 | S95: 타인에게 엄격한 편이지만 굳이 얘기하지 않음 | T95: 예 | U95: 경재적 | V95: 예 | W95: 없음 | X95: 부트캠프를 통해 게임 기획자로서 정체성을 확립 취업 | Y95: 이승구 | Z95: 45966 | AA95: 동의함 | AB95: 이승구 | AC95: 45966 | AD95: 동의함
A96: 45992.541 | B96: sodgh3215@naver.com | C96: 이승진 | D96: 남 | E96: 34살(92년생) | F96: 고등학교 졸업 | G96: 비전공자 | H96: 사회복지학과 자퇴 | I96: 안녕하세요. 게임 개발자를 꿈꾸고 있는 청년입니다. 평소 콘솔 게임, 모바일 게임 꾸준히 즐겨하는 편으로 게임을 즐기는 과정에서 제작하는 과정으로 넘어가고싶단 마음이 생겨서 게임 기획자 부트캠프에 지원하게 되었습니다. 비전공자다보니 어디서부터 시작해야할지 막막한 상황에 유튜브 광고를 통해 경일게임IT아카데미를 알게 되었고 기획부터 시작하는게 좋을듯 해서 설레임 반, 두려움 반 심정으로 이렇게나마 첫발을 떼게 되었습니다. 부족한 제가 어디까지 할수 있을진 모르겠지만 잘 부탁드립니다. | J96: 평소 게임을 즐겨하며 게임에 관심이 많기때문에 게임 제작에도 참여하고싶은 마음에 지원했습니다. 국비지원을 통해 부담없이 배워볼수 있는 기회도 있다보니 이번 기회에 전문가에게 배워보고 싶었습니다. 비전공자의 시선에서 개발과 기획 둘 중에 어느걸 먼저 배워야할지 고민이 되기도 했었는데 프로그래밍의 기초를 다지기이전에 게임을 기획하는것부터 배우는게 우선이지 않을까 생각했습니다. 그리고 기획 과정 속에서도 유니티 엔진과 로블록스 엔진에 대해 배울수 있기도 해서 겸사겸사 기초를 다질수 있겠다고 생각하기도 했습니다. | K96: 비전공자다보니 게임과 관련된 학습 및 업무 경험은 아직 없습니다. | L96: 디렉터, 프로듀서, 기획자, 레벨 디자이너, 시나리오라이터, 원화가, 작곡가, 운영자, 테스터 등 다양한 직군이 필요한것으로 알고 있습니다. | M96: 단연 취업이 목표지만 8개월의 교육만으로 취업에 성공할만큼의 역량을 쌓지 못한다면 소규모 인디게임 개발 단계부터 차근차근 밟고 싶습니다. 기획 과정 수료 후 부트캠프에 한번 더 참여할 기회가 주어진다면 게임 개발쪽 부트캠프에도 참여하면서 조금 더 배워보고 싶은 마음도 있습니다. 설령 1인 개발 인디게임의 형태가 되더라도 게임 제작의 꿈을 계속 이어나가고 싶으니까요. | N96: 보유 | O96: 예 | P96: IGA신증으로 인해 신장을 보호하면서도 혈압을 낮추는 약을 복용하고 있습니다. 잠을 줄여야할정도로 과도한 업무가 주어지지않는다는 가정하에 일상생활에 큰 지장은 없습니다. | Q96: 분노나 감정을 억누르고 침착함을 유지 | R96: 자신을 비난하고 자책하는 경향 | S96: 상황에 대한 이해와 위로 | T96: 아니요 | V96: 아니요 | W96: 없음 | X96: 체력이 좋은 편은 아니어서 강의 시간 이후에도 해야할 과제가 많다면 감당할수 있을지 모르겠습니다. 비전공자다보니 교육 과정을 따라갈수 있을지에 대한 걱정도 솔직히 있고요. 92년생으로 나이도 적은 편은 아니다보니 너무 늦은게 아닐까 싶기도 하지만 이번 기회를 놓치면 앞으로 평생 시작해볼 기회조차 영영 오지 않을거 같아서 신청한것도 있습니다. | Y96: 이승진 | Z96: 45992 | AA96: 동의함 | AB96: 이승진 | AC96: 45992 | AD96: 동의함
A97: 45965.655 | B97: gksduf7845@gmail.com | C97: 이승후 | D97: 남 | E97: 26(00년생) | F97: 대학교 중퇴 | G97: 비전공자 | H97: 인하공업 전문 대학교 화학 공학과 | I97: 평소 게임 기획에 관심이 있어서 게임 구조 설계부터 BM에 이르기까지 평상시에 어떻게 하면 더 여러 유저에게 만족스러운 게임이 될지 고민했습니다. 과거 친구들과 즐기기 위해 보드 게임을 만든 경험이 있는데 평이 괜찮았습니다. 이 게임의 핵심은 다양한 캐릭터가 있고 보통의 경우 전투를 통해 승리하지만 특수한 미션을 통해 승리를 노려 볼 수도 있는 게임입니다. 기획자가 된다면 많은 사람에게 제가 만든 게임을 좋아하게 만들고 싶습니다. | J97: 무엇이든 탐구하고 고민해 보는 성격을 가진 덕분일까요? 게임 또한 아쉬운 점이 있으면 한 번쯤 깊이 생각해 보고 주변에 의견을 공유하는 일이 잦았습니다. 한때 기획자를 꿈꿨지만 삶의 벽에 막혀 시도하지 못했지만 벽도 사라지고 기회가 찾아 오니 한번 해보고 싶다는 생각이 들었습니다. 이제는 직접 게임을 만들고 싶습니다. | K97: 없습니다. | L97: 콘텐츠 QA , 캐릭터기획 , 시스템기획, 시나리오/컨셉 기획 | M97: 콘텐츠QA나 시스템기획을 전담할 수 있는 인제가 되고 싶습니다. | N97: 보유 | O97: 예 | P97: 우울증 / 약을 장기 복용 중 이지만 최근 서울대 병원에서 관리를 받으며 많이 호전된 상태 입니다. | Q97: 대화와 타협을 통한 해결 | R97: 자신을 비난하고 자책하는 경향 | S97: 상황에 대한 이해와 위로 | T97: 예 | U97: 아픈 부모님을 모시는 기초수급자 가정인데 고용 센터에서 1유형이 가능하면 충분히 많은 도움이 될 것 같습니다. | V97: 예 | W97: 없음 | X97: 열심히 수행해서 과연 만족스러운 결과가 나올지 두렵긴 합니다. | Y97: 이승후 | Z97: 45965 | AA97: 동의함 | AB97: 이승후 | AC97: 45965 | AD97: 동의함
A98: 45958.499 | B98: duddn04066@gmail.com | C98: 이영우 | D98: 남 | E98: 25살(01년생) | F98: 고등학교 졸업 | G98: 전공자 | H98: 한성대학교 컴퓨터 공학과 디지털콘텐츠 • 가상현실트랙 | I98: 어릴적 PlayX4에서 가족들과 다같이 웃으며 게임을 레이싱 게임을 하는 장면을 보았습니다. 그때 아 나도 이걸 만들고 싶다. 세상을 즐겁게 하고 싶다는 생각을 하였습니다. 관련 대학을 전공하고 동아리에서 다양한 프로젝트를 하며 졸업을 앞두고 좀 더 실력을 키우고 싶다는 생각을 하여 지원하게 되었습니다. | J98: 반년 정도 일본과 한국 취업을 위해 노력하였지만 실패하였습니다. 혼자 여러방면으로 노력해 봤지만 1차 2번 통과가 저의 결과 였습니다. 어디가 문제인지 무엇이 부족한지 알 방법이 없어 여러가지 답답한 점이 있었는데 부트캠프 과정을 수료한 친구를 보고 나도 해봐야 겠다. 라는 생각을 하여 지원하게 되었습니다. | K98: 학교에서 디지털 콘텐츠 전공으로 기획과 개발을 배웠습니다. | L98: 밸런스, 전투, 콘텐츠, 설정, 시나리오, 몬스터, UI, 시스템 | M98: 일본 취업을 생각하고 있습니다. 완성도 높은 게임을 만들 수 있는 무대에서 활동하고 싶다는 생각을 하였고 그중 일본어는 일상 회화정도로 구사할 수 있어 일본을 선택하게 되었습니다. | N98: 보유 | O98: 아니오 | Q98: 대화와 타협을 통한 해결 | R98: 배움과 성장으로 받아들임 | S98: 문제 해결에 필요한 실질적 도움 제공 | T98: 아니요 | V98: 아니요 | W98: 없음 | X98: 수료과정을 착실히 마치고 게임 기획자로서 세계무대에서 활약하고 싶습니다. | Y98: 이영우 | Z98: 45958 | AA98: 동의함 | AB98: 이영우 | AC98: 45958 | AD98: 동의함
A99: 45989.801 | B99: monkey609s@gmail.com | C99: 이원홍 | D99: 남 | E99: 26살(00년생) | F99: 대학교 4학년 2학기 | G99: 비전공자 | H99: 수원대학교 융합화학산업학과 | I99: 현재 수원대학교 융합화학산업학과에 재학 중인 이원홍 입니다. 비록 기획부분이 전공은 아니지만 게임 기획에 관심이 생겨 이 프로그램에 신청하게되었습니다. 전공이 아닌만큼 모르는부분이 많지만, 그렇기 때문에 더더욱 열정적으로 배울수있다고 생각합니다. | J99: 어릴 때부터 했습니게임을 좋아다. 아버지와 함께하던 콘솔게임부터 초등학생때 부터 즐겨왔던 온라인 rpg, 그리고 유희왕/하스스톤등의 카드게임과 수집형 모바일게임 등등 여러 장르의 게임을 하면서 이런 요소는 이랬으면 더 좋았을텐데 를 생각하다보니 게임 기획에 관심이 가게되었고, 성적에 맞춰서 갔던 전공보다는 어렸을때 생각해봤었던 게임 관련 직업군을 도전해보는것이 좋지 않을까 싶어서 신청하게되었습니다. | K99: 없습니다. | L99: 게임의 전체적인 부분을 맡는 총괄 디렉터, 레벨디자이너, 콘텐츠 기획, 컨셉기획, 시스템디자인, 게임밸런스디자이너 | M99: 최소한 게임회사에 입사하고싶고, 어느 게임회사에 들어가서든 적어도 맡은 업무에 당당하게 1인분은 했다고 말할 수 있는 사람이 되고 싶습니다. 그리고 가능하다면 그 업무가 레벨디자인, 콘텐츠 기획쪽인 것이 목표입니다. | N99: 미보유 | O99: 아니오 | Q99: 분노나 감정을 억누르고 침착함을 유지 | R99: 배움과 성장으로 받아들임 | S99: 문제 해결에 필요한 실질적 도움 제공 | T99: 아니요 | V99: 아니요 | W99: 없음 | X99: 전공이 기획쪽도 아니라서 과연 실무에서 어느정도의 역할이 필요한지, 어느정도 역량이 필요한지, 모르기때문에 괜찮을지 이런 면에도 불구하고 가능한만큼, 해내겠습니다. | Y99: 이원홍 | Z99: 45989 | AA99: 동의함 | AB99: 이원홍 | AC99: 45989 | AD99: 동의함
A100: 45982.904 | B100: groovewithu1532@gmail.com | C100: 이유송 | D100: 여 | E100: 38살(87년생) | F100: 대학교 졸업 | G100: 비전공자 | H100: 동아대 / 호텔컨벤션경영학과 | I100: 안녕하세요. 저는 스토리 기반 영상 콘텐츠 기획을 해오며, 현재에는 AI캐릭터 숏폼 콘텐츠 제작을 하고 있습니다. 영화,드라마 등 영상 콘텐츠에서 더 나아가 새로운 플랫폼인 게임 기획으로 확장하고자 합니다. 본 과정에 지원하였습니다. | J100: 30대의 저는 영화기획자가 되기 위해 고군분투했지만 원하는 목표에 도달하지 못했습니다. 30대 후반에 다시 제 인생과 진로를 되돌아보게 되었습니다. 그 과정에서 결국 제가 하고싶은 일은 스토리를 만드는 창작자가 되고싶다는걸 다시 확인했습니다. 이제는 영화, 드라마라는 영상 매체의 틀에서 벗어나 더 확장성을 있는 세계에서 제 이야기를 펼치고자 게임 기획을 배우려 합니다. 몇 년 전 친구에게 농담처럼 했던 "결국 스토리의 끝은 게임이야"라는 말이 지금은 제 진심이 되어 새로운 도전의 원동력이 되었습니다. 게임은 사람들이 직접 참여하며 세계관을 체험하는, 가장 몰입도 높은 스토리 매체라고 생각합니다. 제가 만든 세계관 속에서 더 많은 사람들이 즐기고 몰입할 수 있는 게임을 기획하기 위해 본 과정에 신청하였습니다. | K100: 정식으로 게임관련 학습 경험이 없습니다. 다만 이전 직장이 버츄얼 스튜디오(VP Studio)에서 1년 반 근무하며, 가상 프로덕션 환경과 콘텐츠 제작 시스템을 경험했습니다. 또한 2020년에 한국영화아카데미 정규과정에 프로듀싱을 전공하여 영화 기획, 스토리텔링 작업은 지금까지 꾸준히 하고 있어, 이 경험을 게임 기획에 연결하고자 합니다. | L100: 본 과정과 관련된 직군으로는 게임 기획자, 프로그래머, 아트디자이너 등 다양한 직군이 있는 것으로 알고 있습니다. 저는 이 중에서도 스토리 기반 게임 기획자 역할에 가장 관심이 있으며, 장기적으로는 인디 게임 프로젝트를 직접 기획하고 총괄하는 것을 목표로 하고 있습니다. | M100: 수료 후에는 제 세계관과 스토리를 기반으로 인디게임을 직접 개발하는 것이 목표입니다. 스토리텔링 능력을 바탕으로 독자적인 IP를 만들어 이를 게임,영상 콘텐츠로 확장하는 창작자로 성장하고자 합니다. | N100: 미보유 | O100: 아니오 | Q100: 대화와 타협을 통한 해결 | R100: 배움과 성장으로 받아들임 | S100: 문제 해결에 필요한 실질적 도움 제공 | T100: 아니요 | V100: 아니요 | W100: 없음 | X100: 본 과정에서 진행되는 포트폴리오 제작이 팀 프로젝트 중심인지, 개인 프로젝트 중심인지가 궁금합니다. 포트폴리 실전과정이 실무 능력을 쌓는 데 중요한 만큼 어떤 형태로 진행되는지 알고 싶습니다. | Y100: 이유송 | Z100: 45982 | AA100: 동의함 | AB100: 이유송 | AC100: 45982 | AD100: 동의함
...

Sheet 면접활용시트
B2: 인터뷰 데이터 | J2: 평가 기준
B4: 기본 정보 | J4: 평가자 | M4: 면접의 증빙 자료로 녹화본, 캡처본, 평가표를 작성해야합니다.
B5: 이름 | C5: {=XLOOKUP($F$5,'설문지 응답 시트1'!$B:$B,'설문지 응답 시트1'!$C:$C,,0,-1)} -> #NAME? | E5: 이메일
M6: 드라이브 | N6: https://drive.google.com/drive/folders/1swEGp9Mvwz3dJC394GfFeoHWFPm-j7By?ths=true | Q6: 모집페이지 | R6: adm.develrocket.com
B7: 최종학력 | C7: {=XLOOKUP($F$5,'설문지 응답 시트1'!$B:$B,'설문지 응답 시트1'!$F:$F,,0,-1) & CHAR(10) & XLOOKUP($F$5,'설문지 응답 시트1'!$B:$B,'설문지 응답 시트1'!$H:$H,,0,-1)} -> #NAME? | E7: 성별 | F7: {=XLOOKUP($F$5,'설문지 응답 시트1'!$B:$B,'설문지 응답 시트1'!$D:$D,,0,-1)} -> #NAME? | G7: 나이 | H7: {=XLOOKUP($F$5,'설문지 응답 시트1'!$B:$B,'설문지 응답 시트1'!$E:$E,,0,-1)} -> #NAME? | J7: 질문/안내 리스트
J8: 지원 동기 | K8: - 왜 기획자가 되고 싶은가. ( 게임을 만든다면, 개발자도 있는데 ) + 기획자는 무엇을 하는 사람이라고 생각하는가
K9: - 기획자로서 달성하고 싶은 목표가 있는가
B10: 캠/마이크 보유 | C10: {=XLOOKUP($F$5,'설문지 응답 시트1'!$B:$B,'설문지 응답 시트1'!$N:$N,,0,-1)} -> #NAME? | D10: 지인 중 업계 종사자 | F10: {=XLOOKUP($F$5,'설문지 응답 시트1'!$B:$B,'설문지 응답 시트1'!$V:$V,,0,-1)} -> #NAME? | G10: 추천인 | H10: {=XLOOKUP($F$5,'설문지 응답 시트1'!$B:$B,'설문지 응답 시트1'!$W:$W,,0,-1)} -> #NAME? | J10: 가능성 | K10: - 기획자에게 가장 중요한 것은 무엇이라고 생각하는가
B11: 기타 정보 | K11: - 게임 기획자에게 게임 경험은 재산이다. 어떤 게임을 플레이 해왔는가? 왜 재미있는가?
B12: 지병 / 질환 | D12: {=XLOOKUP($F$5,'설문지 응답 시트1'!$B:$B,'설문지 응답 시트1'!$O:$O,,0,-1)} -> #NAME? | E12: {=XLOOKUP($F$5,'설문지 응답 시트1'!$B:$B,'설문지 응답 시트1'!$P:$P,,0,-1)} -> #NAME? | K12: - 본인의 강점/약점은? 또는 쌓고 싶은 강점은?
J13: 수업 | K13: - 주5일 9 to 6로 진행되는 과정이며, 자신의 성장을 위해서는 추가 시간도 활용하는 것이 유리하다. 수업 진행에 문제는 없는가
B14: 경제적인 어려움 | D14: {=XLOOKUP($F$5,'설문지 응답 시트1'!$B:$B,'설문지 응답 시트1'!$T:$T,,0,-1)} -> #NAME? | E14: {=XLOOKUP($F$5,'설문지 응답 시트1'!$B:$B,'설문지 응답 시트1'!$U:$U,,0,-1)} -> #NAME? | K14: - 기획자는 여러 파트와 협업하고 다른 사람들 앞에서 자신의 생각을 이야기할 수 있어야 한다. 따라서 팀 작업과 발표가 진행되는데 괜찮은가
K15: - 학원에서 MSOffice(워드, 엑셀, PPT) 사용법은 알려주지 않는다. 스스로 학습해야한다
B16: 게임과 관련 학습/업무 경험 | J16: 과정 중 기관과 타 훈련생에게 어려움을 주지 않을 것으로 판단
B17: {=XLOOKUP($F$5,'설문지 응답 시트1'!$B:$B,'설문지 응답 시트1'!$K:$K,,0,-1)} -> #NAME? | J17: 면접에 임하는 태도 | O17: 면접참여시간 준수
J18: 행동, 자세, 표정, 말투(표현), 의사소통, 질문/답변의 진정성 | O18: 면접 참여 시간 및 연락상태
J20: 우수 | K20: 면접 자세가 우수하고 질문/답변이 우수하다 | N20: FALSE | O20: 우수 | P20: 시간 전에 미리 들어와 설정을 마쳤다 | S20: FALSE
J21: 양호 | K21: 면접 자세는 준수하나 답변의 깊이가 얕다 | N21: FALSE | O21: 양호 | P21: 시간에 맞춰서 들어왔다 | S21: FALSE
B22: 기본 소양 | J22: 보통 | K22: 의사소통은 가능하다 | N22: FALSE | O22: 보통 | P22: 5분 미만 지각 | S22: FALSE
B23: 타인과 갈등 속에서 어떻게 대처하는가 | E23: {=XLOOKUP($F$5,'설문지 응답 시트1'!$B:$B,'설문지 응답 시트1'!$Q:$Q,,0,-1)} -> #NAME? | J23: 미흡 | K23: 소통은 가능하나 표현이 거칠고 불량하다 | N23: FALSE | O23: 미흡 | P23: 5분 이상 지각 | S23: FALSE
J24: 긴급 | K24: 의사소통에 어려움이 있다 | N24: FALSE | O24: 긴급 | P24: 연락 두절 | S24: FALSE
B25: 자신의 실수나 실패에 어떻게 대응하는가 | E25: {=XLOOKUP($F$5,'설문지 응답 시트1'!$B:$B,'설문지 응답 시트1'!$R:$R,,0,-1)} -> #NAME? | J25: 직무에 대한 열정
J26: 자기소개 | O26: 신청 이유
B27: 타인의 부족한 부분이 보였을 때는? | E27: {=XLOOKUP($F$5,'설문지 응답 시트1'!$B:$B,'설문지 응답 시트1'!$S:$S,,0,-1)} -> #NAME? | J27: 기획자를 목표하는 자신을 소개, 서류와 다름이 없는지 확인 | O27: 명확한 이유와 그동안의 행동, 서류와 다름이 없는지 확인
B29: 알고있는 취업 분야 | J29: 우수 | K29: 상황에 맞는 자기소개서를 준비해 왔다 | N29: FALSE | O29: 우수 | P29: 명확한 이유와 사전에 쌓아온 행동들이 있다 | S29: FALSE
B30: {=XLOOKUP($F$5,'설문지 응답 시트1'!$B:$B,'설문지 응답 시트1'!$L:$L,,0,-1)} -> #NAME? | J30: 양호 | K30: 상황에 맞게 자신을 소개할 수 있다 | N30: FALSE | O30: 양호 | P30: 명확한 이유는 있으나 행동은 없었다 | S30: FALSE
J31: 보통 | K31: 미흡하지만 상황에 맞는 소개를 했다 | N31: FALSE | O31: 보통 | P31: 추상적이지만 이유가 있다 | S31: FALSE
J32: 미흡 | K32: 유복한 가정에서 1남 1녀 중 첫째로 태어났다 | N32: FALSE | O32: 미흡 | P32: 그냥 한번 배워보자 | S32: FALSE
B33: 소개 | J33: 긴급 | K33: 자기소개를 거부하거나 거짓이 있다 | N33: FALSE | O33: 긴급 | P33: 답변을 거부하거나 이야기에 거짓이 있다 | S33: FALSE
B34: 자기소개 | J34: 수료 후 목표 | O34: 교육과정 참여와 취업에 대한 각오 및 다짐
B35: {=XLOOKUP($F$5,'설문지 응답 시트1'!$B:$B,'설문지 응답 시트1'!$I:$I,,0,-1)} -> #NAME? | J35: 명확한 목표와 계획, 서류와 다름이 없는지 확인 | O35: 수업(9시~6시), 발표, 팀작업, 프로젝트 밤/주말작업 등 가능한지
J37: 우수 | K37: 구체적인 목표와 앞으로의 로드맵이 있다 | N37: FALSE | O37: 우수 | P37: 도전에 긍정적이고 수업 참여 의사가 강하다 | S37: FALSE
J38: 양호 | K38: 추상적이지만 목표가 있고 계획도 있다 | N38: FALSE | O38: 양호 | P38: 힘들겠지만 열심히 해보겠다 | S38: FALSE
J39: 보통 | K39: 추상적이지만 목표는 있다 | N39: FALSE | O39: 보통 | P39: 여건상 추가로 노력하기 어렵다 | S39: FALSE
J40: 미흡 | K40: 배워보면 어떻게든 되겠지... | N40: FALSE | O40: 미흡 | P40: 힘든건 하기 싫고 편하게 듣고 싶다 | S40: FALSE
J41: 긴급 | K41: 답변을 거부하거나 이야기에 거짓이 있다 | N41: FALSE | O41: 긴급 | P41: 답변을 거부하거나 부정적인 태도를 보인다 | S41: FALSE
J42: 수료까지 참여할 수 있는 상황
J43: 지원자가 교육과정을 수행하기 위해 생각한 계획 및 준비 | O43: 지원자가 교육과정에 집중할 수 있도록 하기 위해 공유하고 싶은 사항
B44: 본 과정에 참여를 신청한 이유 | J44: 공부할 환경을 만들었는가 ( 필요한 것, 위험요소의 인지 ) | O44: 지병/경제적 여건, 타업(알바/대학)병행, 주변 가족들의 지지
B45: {=XLOOKUP($F$5,'설문지 응답 시트1'!$B:$B,'설문지 응답 시트1'!$J:$J,,0,-1)} -> #NAME?
J46: 우수 | K46: 스스로에게 필요한 것을 알고 계획을 해두었다 | N46: FALSE | O46: 우수 | P46: 과정에만 집중하여 교육에 임해보겠다 | S46: FALSE
J47: 양호 | K47: 수업에 문제가 없도록 환경을 준비했다 | N47: FALSE | O47: 양호 | P47: 주말에 단기 알바정도만 하고 있고 평일은 괜찮다 | S47: FALSE
J48: 보통 | K48: 문제 없을 것 같지만 생각해보지 않았다 | N48: FALSE | O48: 보통 | P48: 다른 일과 병행하고 있지만 해보겠다 | S48: FALSE
J49: 미흡 | K49: 여행 등 우선시되는 계획이 있긴 하다 | N49: FALSE | O49: 미흡 | P49: 지병이 있으나 약을 먹고 있고 알바도 하고 있다 | S49: FALSE
J50: 긴급 | K50: 수업 진행에 문제가 될 위험요소가 있다 | N50: FALSE | O50: 긴급 | P50: 과정을 정상적으로 수강하기 어려운 상황이다 | S50: FALSE
J51: 보유 역량
J52: 교육과정에 대한 기존 학습 경험 | O52: 교육과정에 대해 기대하거나 바라는 내용
J53: 유사 경력, 학력, 탐색, 게임 플레이 여부 | O53: 질문 준비 자세, 질문의 적합도
B54: 수료 후 자신의 목표
B55: {=XLOOKUP($F$5,'설문지 응답 시트1'!$B:$B,'설문지 응답 시트1'!$M:$M,,0,-1)} -> #NAME? | J55: 우수 | K55: 게임 업계 또는 유사한 업무를 진행했다 | N55: FALSE | O55: 우수 | P55: 현실적이고 유의미한 궁금증이나 요청이 있다 | S55: FALSE
J56: 양호 | K56: 유사한 학업 경험이 있거나 독학을 해보았다 | N56: FALSE | O56: 양호 | P56: 유의미하진 않지만 적극적인 질문이 있었다 | S56: FALSE
J57: 보통 | K57: 다양한 장르와 플랫폼의 게임을 플레이 해보았다 | N57: FALSE | O57: 보통 | P57: 바라는 점은 없고 열심히 하겠다 | S57: FALSE
J58: 미흡 | K58: 특정 장르/플렛폼의 게임만 플레이 해보았다 | N58: FALSE | O58: 미흡 | P58: 질문을 해야할까요? | S58: FALSE
J59: 긴급 | K59: 게임을 많이 플레이해보지 않았다 | N59: FALSE | O59: 긴급 | P59: 싸늘하다... (휴가, 중도이탈 질문) | S59: FALSE
J60: 총평 | S60: 결과
B61: 마무리 ( 궁금한 점 , 바라는 점 )
B62: {=XLOOKUP($F$5,'설문지 응답 시트1'!$B:$B,'설문지 응답 시트1'!$X:$X,,0,-1)} -> #NAME?

Sheet 면접 결과 관리
B2: ▶ 면접 결과 리스트
B4: 점수 | K4: 나이 | T4: 성별 | X4: 학력 | AB4: 상황 | AF4: 결과
B5: A | C5: 91~100 | E5: 우수한 인원 | H5: =COUNTIFS($L$11:$L$210,">90",$M$11:$M$210,"합격") -> 12 | I5: =H5/$AH$7 -> 0.15 | K5: A | L5: 00년생 이하 | N5: 나이가 문제는 안 됨 | Q5: {=SUMPRODUCT(COUNTIFS($F11:$F210, "*0" & {0,1,2,3,4,5,6} & "*",$M$11:$M$210,"합격"))} -> 28 | R5: =Q5/$AH$7 -> 0.35 | T5: 남 | U5: =COUNTIFS($E$11:$E$210,T5,$M$11:$M$210,"합격") -> 68 | V5: =U5/$AH$7 -> 0.85 | X5: 대학 | Y5: =SUMPRODUCT(COUNTIFS($H11:$H210, "*대*",$M$11:$M$210,"합격")) -> 64 | Z5: =Y5/$AH$7 -> 0.8 | AB5: 지병 | AC5: =COUNTIFS($O$11:$O$210,"O",$P$11:$P$210,"X",$M$11:$M$210,"합격") -> 0 | AD5: =AC5/$AH$7 -> 0 | AF5: 총원 | AH5: =COUNTA(M11:M210) -> 112
B6: B | C6: 81~90 | E6: 양호한 인원 | H6: =COUNTIFS($L$11:$L$210,">80",$L$11:$L$210,"<=90",$M$11:$M$210,"합격") -> 32 | I6: =H6/$AH$7 -> 0.4 | K6: B | L6: 97~99년생 | N6: 기본 역량이 있다면 가능 | Q6: {=SUMPRODUCT(COUNTIFS($F11:$F210, "*" & {97,98,99} & "*",$M$11:$M$210,"합격"))} -> 26 | R6: =Q6/$AH$7 -> 0.325 | AB6: 경제 | AC6: =COUNTIFS($O$11:$O$210,"X",$P$11:$P$210,"O",$M$11:$M$210,"합격") -> 0 | AD6: =AC6/$AH$7 -> 0 | AF6: 불합/이탈/보류 | AH6: =AH5-AH7 -> 32
B7: C | C7: 71~80 | E7: 역량도 문제도 없는 인원 | H7: =COUNTIFS($L$11:$L$210,">70",$L$11:$L$210,"<=80",$M$11:$M$210,"합격") -> 19 | I7: =H7/$AH$7 -> 0.2375 | K7: C | L7: 94~96년생 | N7: 반에서 상위권은 찍어야 함 | Q7: {=SUMPRODUCT(COUNTIFS($F11:$F210, "*" & {94,95,96} & "*",$M$11:$M$210,"합격"))} -> 8 | R7: =Q7/$AH$7 -> 0.1 | T7: 여 | U7: =COUNTIFS($E$11:$E$210,T7,$M$11:$M$210,"합격") -> 12 | V7: =U7/$AH$7 -> 0.15 | X7: 고졸 | Y7: =AH7-Y5 -> 16 | Z7: =Y7/$AH$7 -> 0.2 | AB7: 둘다 | AC7: =COUNTIFS($O$11:$O$210,"O",$P$11:$P$210,"O",$M$11:$M$210,"합격") -> 0 | AD7: =AC7/$AH$7 -> 0 | AF7: 합격 | AH7: =COUNTIF(M11:M210,"합격") -> 80
B8: D | C8: 70점 이하 | E8: 주의가 필요한 인원 | H8: =COUNTIFS($L$11:$L$210,"<=70",$M$11:$M$210,"합격") -> 17 | I8: =H8/$AH$7 -> 0.2125 | K8: D | L8: 93년생 이상 | N8: 남들보다 3배는 해야함 | Q8: =AH7-SUM(Q5:Q7) -> 18 | R8: =Q8/$AH$7 -> 0.225 | AB8: 계 | AC8: =SUM(AC5:AC7) -> 0 | AD8: =AC8/$AH$7 -> 0
B10: 번호 | C10: 이름 | E10: 성별 | F10: 나이 | H10: 학력 | L10: 점수 | M10: 결과 | R10: 총평 | AD10: 면접자 | AF10: 면접일 | AH10: 평가지 링크
B11: =IF(B9<201,B9+1,1) -> 1 | C11: 장호윤 | E11: =IFERROR(VLOOKUP(C11,'설문지 응답 시트1'!C:H,2,FALSE),"") -> 남 | F11: =IFERROR(VLOOKUP(C11,'설문지 응답 시트1'!C:H,3,FALSE),"") -> 27살(99년생) | H11: =IFERROR(VLOOKUP(C11,'설문지 응답 시트1'!C:H,6,FALSE),"") -> 상하이교통대 신문방송학과 | L11: 87 | M11: 합격 | R11: RPG 계열의 게임을 좋아하며, 마인크래프트를 좋아한다고 합니다. 모바일 게임은 많이 즐기지는 않으며, 신작이 나오면 해보는 정도라고 합니다. 나중에는 개발도 배워서 1인 개발도 해보고 싶다고 합니다. 모바일 게임 회사에서 1년반 QA(테스터) 업무를 진행한 경험이 있어, 업무 프로세스에 대한 이해는 어느정도 있을 것으로 보입니다. 9-6 수업을 진행하는 것에는 문제될 부분은 없을 것으로 보이며, 팀 실습과 발표에 대한 거부감도 없다고 합니다. QA로서의 강점도 있고 면접 분위기에서도 크게 문제될 부분은 없었습니다. | AD11: 안중재 | AF11: 45943 | AH11: https://docs.google.com/spreadsheets/d/1XbM7ecV-SXzNNru2i-Pxd4qyOSW2Nntm8fq77D0vVaQ/edit
B12: =IF(B11<201,B11+1,1) -> 2 | C12: 강준호 | E12: =IFERROR(VLOOKUP(C12,'설문지 응답 시트1'!C:H,2,FALSE),"") -> 남 | F12: =IFERROR(VLOOKUP(C12,'설문지 응답 시트1'!C:H,3,FALSE),"") -> 25살 (01년생) | H12: =IFERROR(VLOOKUP(C12,'설문지 응답 시트1'!C:H,6,FALSE),"") -> 숭실대학교 심리학과 | L12: 62 | M12: 이탈 | R12: 결벽증이 많이 심하여 사회 활동에 어려움이 있다고 합니다. 청소한 공간에 대하여 가족들을 통제하고 밖에서 사용한 물건은 집에 들여보내지 않는다고 합니다. 어쩔 수 없이 들여보내야하는 핸드폰은 방수 케이스를 사용하여 비누로 씻어서 사용한다고 합니다. 결벽증으로 아르바이트를 해본적이 없으며, 취업도 재택근무나 출근일이 적은 회사를 가고 싶다고 합니다. 게임 기획자로서의 마인드나 게임 경험은 나쁘지 않으며, 소통을 함에 있어서는 문제는 없었습니다. 로드오브히어로즈를 오픈부터 쭉 플레이해오고 있어서 클로버게임즈에 가고 싶다고 합니다. 아침에 잘 일어나지 못하는 부분이 걱정이라고 합니다. | AD12: 안중재 | AF12: 45943 | AH12: https://docs.google.com/spreadsheets/d/1vxEWjXJWW-Zst5wQnpO-gSGUbzGiNOYV_jVX9-0pmkI/edit
B13: =IF(B12<201,B12+1,1) -> 3 | C13: 이형진 | E13: =IFERROR(VLOOKUP(C13,'설문지 응답 시트1'!C:H,2,FALSE),"") -> 남 | F13: =IFERROR(VLOOKUP(C13,'설문지 응답 시트1'!C:H,3,FALSE),"") -> 23(02년생) | H13: =IFERROR(VLOOKUP(C13,'설문지 응답 시트1'!C:H,6,FALSE),"") -> 상지대학교 문화콘텐츠학과 | L13: 88 | M13: 합격 | R13: 독학으로 언리얼,유니티 무료과정 수강 및 쯔꾸르 개발 경험이 있습니다. 게임은 다양하게 즐기며 PC/모바일/콘솔 가리지 않고 다 하는 스타일입니다. 롤모델로는 김용하PD 라고 하며 서브컬쳐에 대한 이해도가 높은 인원입니다. 9-6 수업을 진행하는 것에는 문제될 부분은 없을 것으로 보이며, 팀 실습과 발표에 대한 거부감도 없다고 합니다. 특히 프로그래밍의 중요성을 인지하고 있고 기획을 더 잘하기위해 수료 이후에 시간이 나면 플밍 공부도 진행한다고 합니다. | AD13: 양윤석 | AF13: 45945 | AH13: https://docs.google.com/spreadsheets/d/1q4FYjg9ceV0oVeHjQ-rtCiXI_7Z9lDQueFWpqwZwjTU/edit
B14: =IF(B13<201,B13+1,1) -> 4 | C14: 유해찬 | E14: =IFERROR(VLOOKUP(C14,'설문지 응답 시트1'!C:H,2,FALSE),"") -> 남 | F14: =IFERROR(VLOOKUP(C14,'설문지 응답 시트1'!C:H,3,FALSE),"") -> 27살(99년생) | H14: =IFERROR(VLOOKUP(C14,'설문지 응답 시트1'!C:H,6,FALSE),"") -> 한국방송통신대학교 . 컴퓨터과학과 | L14: 88 | M14: 합격 | R14: [화상 인터뷰 합격] 게임을 만들고 싶은 목적에 개발자를 먼저 시작하게 되었다고 합니다. 이전 회사에서 개발자로서 업무를 진행했으나 기획자(대표)의 요구사항이 명확하지 않아, 기획의 중요성을 깨닫게 되었다고 합니다. 이후 게임을 만들고자 하는 목표에 독학을 해보았으나 기획자 교육을 받아야 겠다고 생각이 들었다고 합니다. ('대표님 고개 못들게 할랍니다'라는 목표는 퇴사 후 대표님이 자신을 험담하는 것을 전해들어, 유명해지고 싶다고 합니다.) 아직 어떤 기획자가 되고 싶다는 명확한 목표는 없어 고민이라고 합니다. 자신의 강점을 살릴 수 있는 부분으로 강화하는 것을 추천해주었습니다. 과정 진행에 문제될 부분은 없어 보이며, 개발적 사고의 강점이 있을 것 같습니다. | AD14: 안중재 | AF14: 45945 | AH14: https://docs.google.com/spreadsheets/d/1hiMmOBWW7mVmAXYVLhpNFbcHWqCPKLsVNZr1EZWrCic/edit
B15: =IF(B14<201,B14+1,1) -> 5 | C15: 신유진 | E15: =IFERROR(VLOOKUP(C15,'설문지 응답 시트1'!C:H,2,FALSE),"") -> 남 | F15: =IFERROR(VLOOKUP(C15,'설문지 응답 시트1'!C:H,3,FALSE),"") -> 만23세 (01년생) | H15: =IFERROR(VLOOKUP(C15,'설문지 응답 시트1'!C:H,6,FALSE),"") -> 경희대/연극영화,디지털콘텐츠학 | L15: 69 | M15: 불합격 | R15: [화상 인터뷰 불합격] 이전 회사에서 2달정도 다니다가 굳이 내가 일 할 이유가 없을 것 같다고 하여 나왔다고 합니다. 공채도 합격했었었고 다니면서 이직 준비를 하는 것이 쉽지 않아서 퇴사를 했다고 합니다. AI를 활용해서 간단하게 게임도 만들어보고 했고 취업 경험도 있어 강점은 있습니다. 하지만 현재 취업 활동을 진행하고 있고, 이번 교육 커리큘럼에서 AI 활용에 목적으로 두고 있어 교육 과정에는 적합하지 않음을 이야기했습니다. 결과적으로 수강을 희망하지 않는 방향으로 이야기를 마무리하였습니다. | AD15: 안중재 | AF15: 45946 | AH15: https://docs.google.com/spreadsheets/d/1NGc_FoIKpAgiz-1WVy0kVuLzM5Z6gAphngIhbLy8-QE/edit
B16: =IF(B15<201,B15+1,1) -> 6 | C16: 오동건 | E16: =IFERROR(VLOOKUP(C16,'설문지 응답 시트1'!C:H,2,FALSE),"") -> 남 | F16: =IFERROR(VLOOKUP(C16,'설문지 응답 시트1'!C:H,3,FALSE),"") -> 24살(01년생) | H16: =IFERROR(VLOOKUP(C16,'설문지 응답 시트1'!C:H,6,FALSE),"") -> 전주대 물리치료학과 | L16: 76 | M16: 합격 | R16: 자기소개중 학과 고민도 있었다길래 전주대에 게임학과 편입 고려해봤는지 질문했는데 학과가 있는지 방금 알았다고합니다(?) 게임 플레이는 다양하게 해보았고 최근 명조를 즐겨하고 있다고 합니다. 태도나 마인드셋은 건전하고 협업에도 문제가 없을것 같습니다. 대출 관련 이야기도 필요시 내용이며 일반적으론 크게 학업에 지장이 가지 않는 내용이라고 합니다. 우려되었던 시나리오는 1지망일뿐이고 신입은 테이블 작업하는걸 알고있다고 합니다. 시나리오가 아니여도 게임 업계에 취업하고자 하는 의지가 강합니다. | AD16: 양윤석 | AF16: 45946 | AH16: https://docs.google.com/spreadsheets/d/1KMXeR-zSPK6rQp9BHqyfVfWmD_1DBwpC4OksiuXRZ6s/edit
B17: =IF(B16<201,B16+1,1) -> 7 | C17: 강나영 | E17: =IFERROR(VLOOKUP(C17,'설문지 응답 시트1'!C:H,2,FALSE),"") -> 여 | F17: =IFERROR(VLOOKUP(C17,'설문지 응답 시트1'!C:H,3,FALSE),"") -> 26살(00년생) | H17: =IFERROR(VLOOKUP(C17,'설문지 응답 시트1'!C:H,6,FALSE),"") -> 한양대학교 경영학과 | L17: 80 | M17: 이탈 | R17: 새로운 아이디어로 게임의 규칙을 만드는 것에 흥미가 생겨서 과정을 신청했다고 합니다. 게임은 PC플랫폼 위주로 RPG(로스트아크) FPS(에이펙스), 생존시뮬레이션(굶지마)를 대표적으로 이야기했습니다. 아직 기획자로서 자신의 목표나 강점은 찾지 못한 상태로 보입니다. 과정 진행하는 것에 있어서 9to6 또는 주말 학습에 대하여 문제될 부분은 없다고 합니다. 팀 작업과 발표에 대해서도 문제는 없다고 합니다. 좋게 이야기하면 차분한 성격으로 보이나, 적극적으로 자신의 생각을 보여주는 부분에 대해서는 걱정이 되기도 합니다. 과정 진행에는 큰 문제는 없을 것으로 판단됩니다. | AD17: 안중재 | AF17: 45947 | AH17: https://docs.google.com/spreadsheets/d/1BzAcjYR0MyH6RMA7mOyhN2rOxDBEwYy7_V4VefG7OWw/edit
B18: =IF(B17<201,B17+1,1) -> 8 | C18: 유수환 | E18: =IFERROR(VLOOKUP(C18,'설문지 응답 시트1'!C:H,2,FALSE),"") -> 남 | F18: =IFERROR(VLOOKUP(C18,'설문지 응답 시트1'!C:H,3,FALSE),"") -> 31살(95년생) | H18: =IFERROR(VLOOKUP(C18,'설문지 응답 시트1'!C:H,6,FALSE),"") -> 건국대학교 경영학과 | L18: 93 | M18: 이탈 | R18: 3년간 마케팅업무를 진행하면서 게임에 대해서 시야를 넓혀왔습니다 콘솔, PC, 모바일 게임의 다양한 플랫폼과 캐주얼장르의 게임도 즐겨했으며, 현재 BM에 대해 살펴보기 위해 리니지M을 해보고 있다고 합니다. 서로 발전적인 관계를 이어가는 것이 부트캠프의 강점이라 생각하고 있어 기대되는 인원입니다. 열심히 하려는 인원으로서 미진자와의 협업에서 어떻게 반응할지 지켜봐야겠으나, 현 시점에서는 강점도 뚜렷하며 목표도 있어 우수하다고 평가됩니다. | AD18: 안중재 | AF18: 45947 | AH18: https://docs.google.com/spreadsheets/d/13Zp2sgUMiByAHJqrDCeftjYOpuhpcl2sHImbJrDR-Ks/edit
B19: =IF(B18<201,B18+1,1) -> 9 | C19: 고승주 | E19: =IFERROR(VLOOKUP(C19,'설문지 응답 시트1'!C:H,2,FALSE),"") -> 남 | F19: =IFERROR(VLOOKUP(C19,'설문지 응답 시트1'!C:H,3,FALSE),"") -> 30살(96년생) | H19: =IFERROR(VLOOKUP(C19,'설문지 응답 시트1'!C:H,6,FALSE),"") -> 서울시립대학교(국어국문학, 도시문화컨텐츠학) | L19: 85 | M19: 합격 | R19: 면접 10분전에 들어와서 준비하고 있었습니다. 2년동안 영업직 업무를 보다가 반복되는 업무에 성장을 느끼지 못했고, 게임을 만들고 싶다는 꿈을 찾아 왔다고 합니다. 기획에 대해서 아직 알고 있는 부분은 없으나, 수업을 들을 수 있는 주변 환경과 개강까지 어떤 것을 준비해야할지 적극적으로 물어보는 부분이 있었습니다. 문화컨텐츠학과와 영업직 경험을 강점으로 살릴 수 있는 방향으로 지도해도 좋을 것 같아 보입니다. 수업을 참여하는 것에는 문제될 부분은 없어보입니다. | AD19: 안중재 | AF19: 45947 | AH19: https://docs.google.com/spreadsheets/d/1wIOl7Z1EMdeHuG7pQ2mFzN0f515zOaS4weqGixOLH40/edit
B20: =IF(B19<201,B19+1,1) -> 10 | C20: 김종우 | E20: =IFERROR(VLOOKUP(C20,'설문지 응답 시트1'!C:H,2,FALSE),"") -> 남 | F20: =IFERROR(VLOOKUP(C20,'설문지 응답 시트1'!C:H,3,FALSE),"") -> 35살(91년생) | H20: =IFERROR(VLOOKUP(C20,'설문지 응답 시트1'!C:H,6,FALSE),"") -> 부산대학교 경영학 재무관리 | L20: 67 | M20: 이탈 | R20: 광고 대행, 출판, 앱 개발(신문을 앱에 띄우는 것)의 창업을 진행했다고 합니다. 현재 창업에 실패하여 부채를 갚아가고 있다고 합니다. 과정 진행에 문제는 없는가에 대하여 해결해야하는 부분이니 문제는 없다고 합니다. 게임은 좋아하나 기획자가 게임 플레이를 많이 해봐야 하는 것에 대한 의문이 있어보이며, 과정의 이탈률, 과정 개설의 연기에 대해서 질문이 있었습니다. 부채를 갚고 있는 상황과 본인의 생각이 견고하고 불신이 있어 보이는 부분이 걱정되나, 면접에서 탈락 사유까지 도달한 사유는 없었습니다. | AD20: 안중재 | AF20: 45950 | AH20: https://docs.google.com/spreadsheets/d/1vac2r6mqga8cy9EcVLbYCSiZ82tNo82KidHSFgIPASo/edit
B21: =IF(B20<201,B20+1,1) -> 11 | C21: 채지형 | E21: =IFERROR(VLOOKUP(C21,'설문지 응답 시트1'!C:H,2,FALSE),"") -> 남 | F21: =IFERROR(VLOOKUP(C21,'설문지 응답 시트1'!C:H,3,FALSE),"") -> 28살(98년생) | H21: =IFERROR(VLOOKUP(C21,'설문지 응답 시트1'!C:H,6,FALSE),"") -> 홍익대학교 게임소프트웨 | L21: 67 | M21: 합격 | R21: 소프트웨어 학 졸업예정생입니다. 기획 배우고 싶은데 마땅히 못찾아서 개발 배우면 뭐라도 알려주겠지 하면서 시작했다고 합니다. 성실하진 않지만 의사소통에 문제는 없습니다. 요즘하는게임은 배그,로아 게임은 다양하게 하려고 노력하는편 모바일은 하지 않습니다. 게임 기획자가 되고싶었던 게임이 블소이며 가고싶은 회사는 시프트업이라고 합니다.(롤모델 김형태) 전형적인 노베이스 인원이라 과정 진행중 잘 주입하면 되지않을까 생각됩니다. | AD21: 양윤석 | AF21: 45950 | AH21: https://docs.google.com/spreadsheets/d/1YHSrraEgKKkcoTV0j9OSgGJYL4viSEsy5KWo-lGuwhg/edit
B22: =IF(B21<201,B21+1,1) -> 12 | C22: 최선동 | E22: =IFERROR(VLOOKUP(C22,'설문지 응답 시트1'!C:H,2,FALSE),"") -> 남 | F22: =IFERROR(VLOOKUP(C22,'설문지 응답 시트1'!C:H,3,FALSE),"") -> 28살(98년생) | H22: =IFERROR(VLOOKUP(C22,'설문지 응답 시트1'!C:H,6,FALSE),"") -> 경희대학교 음악학과 | L22: 81 | M22: 합격 | R22: 다양한 직무를 경험하고 훈련과정에 신청한 수강생입니다. 개발자 안한 이유 : 지인 개발자(오토 에버)가 뜯어 말려서 기획자 과정 신청했습니다. 게임은 유튜브로 많이 시청 하지만 플레이는 잘 하지 않습니다. 하는건 롤하고 던파입니다. 열심히 하는 노력가 타입입니다. 다만 협업에 약합니다. 기획을 배워보진 않았지만 과정 시작전에 준비하면 좋을것들을 질문하며 열의를 보였습니다. | AD22: 양윤석 | AF22: 45951 | AH22: https://docs.google.com/spreadsheets/d/1unUb8aGiaIJFpWhEivayE2zLrz2MyYkH-RxX34KsLZA/edit
B23: =IF(B22<201,B22+1,1) -> 13 | C23: 조현일 | E23: =IFERROR(VLOOKUP(C23,'설문지 응답 시트1'!C:H,2,FALSE),"") -> 남 | F23: =IFERROR(VLOOKUP(C23,'설문지 응답 시트1'!C:H,3,FALSE),"") -> 24살(02년생) | H23: =IFERROR(VLOOKUP(C23,'설문지 응답 시트1'!C:H,6,FALSE),"") -> 전남도립대 자동차학과 | L23: 88 | M23: 합격 | R23: 굉장히 적극적이며 호의적인 수강생입니다. 게임은 다양하게 해보려고 노력하는 타입입니다. 이것저것 다해보면서 배우는걸 좋아합니다. 본인이 생각하는 단점으로는 준비 과정이 오래걸린다고 합니다. 본인이 노베이스인걸 알기에 레트로의 유니티 책으로 독학중이라고합니다. 과정진행에도 다른 문제가 없어 합격입니다. | AD23: 양윤석 | AF23: 45951 | AH23: https://docs.google.com/spreadsheets/d/1xwu8wb23DH1rSnSn252ub8BEIFF1YdG2t1LtCUUQbw0/edit
... B122: =IF(B121<201,B121+1,1) -> 112 | C122: 권현민 | E122: =IFERROR(VLOOKUP(C122,'설문지 응답 시트1'!C:H,2,FALSE),"") -> 여 | F122: =IFERROR(VLOOKUP(C122,'설문지 응답 시트1'!C:H,3,FALSE),"") -> 27(99년생) | H122: =IFERROR(VLOOKUP(C122,'설문지 응답 시트1'!C:H,6,FALSE),"") -> 국민대학교 영상디자인학과 | L122: 92 | M122: 합격 | R122: 영사읻자인학과를 졸업하고, 시나리오 기획으로의 취업을 준비했다고 합니다. 여러차례 지원해봤지만, 시나리오쪽 취업이 매우 어렵다는 현실을 깨닫고 지금은 퀘스트 기획자를 목표로 하고 있다고 합니다. 학교에서 언리얼을 약간 배워서, 블루프린트 기능은 조금 사용할 수 있다고 합니다. 작품처럼 느껴지는, 재미있는 게임을 만들고 싶다고 합니다. 스카이림, 레데리 등 패키지 게임을 좋아하고, WOW나 쿠키런도 좋아한다고 합니다. 요즘은 펄어비스 지원을 위해 검은 사막을 플레이한다고 합니다. 강점으로는 수용성이 높고 사람들이 잘 다가오는 성격을, 단점으로는 주도적이지 못함을 꼽았습니다. 대학 시절 팀 과제를 많이 해봤고, 갈등상황이 생기면 감정적으로 대응하지 않기 위해 시간을 두고 천천히 중재함으로써 해결하는 편이라고 합니다. 문서 툴은 어느 정도 사용할 수 있지만, 엑셀은 약한 편이라고 합니다. 조용하고 올바른 성격의 인원으로 보입니다. 수업을 잘 따라올 것으로 보이나, 잘 따라오고 있는 지에 대한 관찰은 자주 필요할 것 같습니다. 과정 중에도 한 달에 한 번 정도는 게임 회사에 지원할 예정이라고 밝혔습니다. | AD122: 김상준 | AF122: 46013 | AH122: https://docs.google.com/spreadsheets/d/1gO8bv0eqZPcIhoYqIvpkt2saOfSGZZZZpBkcPMkFSaE/edit
B123: =IF(B122<201,B122+1,1) -> 113 | E123: =IFERROR(VLOOKUP(C123,'설문지 응답 시트1'!C:H,2,FALSE),"") | F123: =IFERROR(VLOOKUP(C123,'설문지 응답 시트1'!C:H,3,FALSE),"") | H123: =IFERROR(VLOOKUP(C123,'설문지 응답 시트1'!C:H,6,FALSE),"")
B124: =IF(B123<201,B123+1,1) -> 114 | E124: =IFERROR(VLOOKUP(C124,'설문지 응답 시트1'!C:H,2,FALSE),"") | F124: =IFERROR(VLOOKUP(C124,'설문지 응답 시트1'!C:H,3,FALSE),"") | H124: =IFERROR(VLOOKUP(C124,'설문지 응답 시트1'!C:H,6,FALSE),"")
B125: =IF(B124<201,B124+1,1) -> 115 | E125: =IFERROR(VLOOKUP(C125,'설문지 응답 시트1'!C:H,2,FALSE),"") | F125: =IFERROR(VLOOKUP(C125,'설문지 응답 시트1'!C:H,3,FALSE),"") | H125: =IFERROR(VLOOKUP(C125,'설문지 응답 시트1'!C:H,6,FALSE),"")
B126: =IF(B125<201,B125+1,1) -> 116 | E126: =IFERROR(VLOOKUP(C126,'설문지 응답 시트1'!C:H,2,FALSE),"") | F126: =IFERROR(VLOOKUP(C126,'설문지 응답 시트1'!C:H,3,FALSE),"") | H126: =IFERROR(VLOOKUP(C126,'설문지 응답 시트1'!C:H,6,FALSE),"")
B127: =IF(B126<201,B126+1,1) -> 117 | E127: =IFERROR(VLOOKUP(C127,'설문지 응답 시트1'!C:H,2,FALSE),"") | F127: =IFERROR(VLOOKUP(C127,'설문지 응답 시트1'!C:H,3,FALSE),"") | H127: =IFERROR(VLOOKUP(C127,'설문지 응답 시트1'!C:H,6,FALSE),"")
B128: =IF(B127<201,B127+1,1) -> 118 | E128: =IFERROR(VLOOKUP(C128,'설문지 응답 시트1'!C:H,2,FALSE),"") | F128: =IFERROR(VLOOKUP(C128,'설문지 응답 시트1'!C:H,3,FALSE),"") | H128: =IFERROR(VLOOKUP(C128,'설문지 응답 시트1'!C:H,6,FALSE),"")
B129: =IF(B128<201,B128+1,1) -> 119 | E129: =IFERROR(VLOOKUP(C129,'설문지 응답 시트1'!C:H,2,FALSE),"") | F129: =IFERROR(VLOOKUP(C129,'설문지 응답 시트1'!C:H,3,FALSE),"") | H129: =IFERROR(VLOOKUP(C129,'설문지 응답 시트1'!C:H,6,FALSE),"")
B130: =IF(B129<201,B129+1,1) -> 120 | E130: =IFERROR(VLOOKUP(C130,'설문지 응답 시트1'!C:H,2,FALSE),"") | F130: =IFERROR(VLOOKUP(C130,'설문지 응답 시트1'!C:H,3,FALSE),"") | H130: =IFERROR(VLOOKUP(C130,'설문지 응답 시트1'!C:H,6,FALSE),"")
B131: =IF(B130<201,B130+1,1) -> 121 | E131: =IFERROR(VLOOKUP(C131,'설문지 응답 시트1'!C:H,2,FALSE),"") | F131: =IFERROR(VLOOKUP(C131,'설문지 응답 시트1'!C:H,3,FALSE),"") | H131: =IFERROR(VLOOKUP(C131,'설문지 응답 시트1'!C:H,6,FALSE),"")
B132: =IF(B131<201,B131+1,1) -> 122 | E132: =IFERROR(VLOOKUP(C132,'설문지 응답 시트1'!C:H,2,FALSE),"") | F132: =IFERROR(VLOOKUP(C132,'설문지 응답 시트1'!C:H,3,FALSE),"") | H132: =IFERROR(VLOOKUP(C132,'설문지 응답 시트1'!C:H,6,FALSE),"")
B133: =IF(B132<201,B132+1,1) -> 123 | E133: =IFERROR(VLOOKUP(C133,'설문지 응답 시트1'!C:H,2,FALSE),"") | F133: =IFERROR(VLOOKUP(C133,'설문지 응답 시트1'!C:H,3,FALSE),"") | H133: =IFERROR(VLOOKUP(C133,'설문지 응답 시트1'!C:H,6,FALSE),"")
B134: =IF(B133<201,B133+1,1) -> 124 | E134: =IFERROR(VLOOKUP(C134,'설문지 응답 시트1'!C:H,2,FALSE),"") | F134: =IFERROR(VLOOKUP(C134,'설문지 응답 시트1'!C:H,3,FALSE),"") | H134: =IFERROR(VLOOKUP(C134,'설문지 응답 시트1'!C:H,6,FALSE),"")
... B209: =IF(B208<201,B208+1,1) -> 199 | E209: =IFERROR(VLOOKUP(C209,'설문지 응답 시트1'!C:H,2,FALSE),"") | F209: =IFERROR(VLOOKUP(C209,'설문지 응답 시트1'!C:H,3,FALSE),"") | H209: =IFERROR(VLOOKUP(C209,'설문지 응답 시트1'!C:H,6,FALSE),"")
E210: =IFERROR(VLOOKUP(C210,'설문지 응답 시트1'!C:H,2,FALSE),"") | F210: =IFERROR(VLOOKUP(C210,'설문지 응답 시트1'!C:H,3,FALSE),"") | H210: =IFERROR(VLOOKUP(C210,'설문지 응답 시트1'!C:H,6,FALSE),"")
